[2026-08-01 10:09:44] [INFO] Downloading: https://www.ermao.net/sub/clash/ermao.net
[2026-08-01 10:09:44] [INFO] Main subscription fetched and parsed.
[2026-08-01 10:09:44] [INFO] Downloading rule-providers...
[2026-08-01 10:09:44] [INFO] Downloading: https://raw.githubusercontent.com/ACL4SSR/ACL4SSR/refs/heads/master/Clash/LocalAreaNetwork.list
[2026-08-01 10:09:45] [INFO] Downloaded rule-provider LocalAreaNetwork -> ./public/rules/LocalAreaNetwork.yaml
[2026-08-01 10:09:45] [INFO] Updated rule-provider LocalAreaNetwork URL to https://cdn.honglin.ac.cn/statically/gh/flinhong/configs/public/rules/LocalAreaNetwork.yaml
[2026-08-01 10:09:45] [INFO] Downloading: https://raw.githubusercontent.com/ACL4SSR/ACL4SSR/refs/heads/master/Clash/BanAD.list
[2026-08-01 10:09:45] [INFO] Downloaded rule-provider BanAD -> ./public/rules/BanAD.yaml
[2026-08-01 10:09:45] [INFO] Updated rule-provider BanAD URL to https://cdn.honglin.ac.cn/statically/gh/flinhong/configs/public/rules/BanAD.yaml
[2026-08-01 10:09:45] [INFO] Downloading: https://raw.githubusercontent.com/ACL4SSR/ACL4SSR/refs/heads/master/Clash/BanProgramAD.list
[2026-08-01 10:09:45] [INFO] Downloaded rule-provider BanProgramAD -> ./public/rules/BanProgramAD.yaml
[2026-08-01 10:09:45] [INFO] Updated rule-provider BanProgramAD URL to https://cdn.honglin.ac.cn/statically/gh/flinhong/configs/public/rules/BanProgramAD.yaml
[2026-08-01 10:09:45] [INFO] Downloading: https://raw.githubusercontent.com/ACL4SSR/ACL4SSR/refs/heads/master/Clash/BanEasyList.list
[2026-08-01 10:09:45] [INFO] Downloaded rule-provider BanEasyList -> ./public/rules/BanEasyList.yaml
[2026-08-01 10:09:45] [INFO] Updated rule-provider BanEasyList URL to https://cdn.honglin.ac.cn/statically/gh/flinhong/configs/public/rules/BanEasyList.yaml
[2026-08-01 10:09:45] [INFO] Downloading: https://raw.githubusercontent.com/ACL4SSR/ACL4SSR/refs/heads/master/Clash/BanEasyListChina.list
[2026-08-01 10:09:45] [INFO] Downloaded rule-provider BanEasyListChina -> ./public/rules/BanEasyListChina.yaml
[2026-08-01 10:09:45] [INFO] Updated rule-provider BanEasyListChina URL to https://cdn.honglin.ac.cn/statically/gh/flinhong/configs/public/rules/BanEasyListChina.yaml
[2026-08-01 10:09:45] [INFO] Downloading: https://raw.githubusercontent.com/ACL4SSR/ACL4SSR/refs/heads/master/Clash/BanEasyPrivacy.list
[2026-08-01 10:09:46] [INFO] Downloaded rule-provider BanEasyPrivacy -> ./public/rules/BanEasyPrivacy.yaml
[2026-08-01 10:09:46] [INFO] Updated rule-provider BanEasyPrivacy URL to https://cdn.honglin.ac.cn/statically/gh/flinhong/configs/public/rules/BanEasyPrivacy.yaml
[2026-08-01 10:09:46] [INFO] Downloading: https://raw.githubusercontent.com/ACL4SSR/ACL4SSR/refs/heads/master/Clash/GoogleCN.list
[2026-08-01 10:09:46] [INFO] Downloaded rule-provider GoogleCN -> ./public/rules/GoogleCN.yaml
[2026-08-01 10:09:46] [INFO] Updated rule-provider GoogleCN URL to https://cdn.honglin.ac.cn/statically/gh/flinhong/configs/public/rules/GoogleCN.yaml
[2026-08-01 10:09:46] [INFO] Downloading: https://raw.githubusercontent.com/ACL4SSR/ACL4SSR/refs/heads/master/Clash/Ruleset/SteamCN.list
[2026-08-01 10:09:46] [INFO] Downloaded rule-provider SteamCN -> ./public/rules/SteamCN.yaml
[2026-08-01 10:09:46] [INFO] Updated rule-provider SteamCN URL to https://cdn.honglin.ac.cn/statically/gh/flinhong/configs/public/rules/SteamCN.yaml
[2026-08-01 10:09:46] [INFO] Downloading: https://raw.githubusercontent.com/ACL4SSR/ACL4SSR/refs/heads/master/Clash/Microsoft.list
[2026-08-01 10:09:46] [INFO] Downloaded rule-provider Microsoft -> ./public/rules/Microsoft.yaml
[2026-08-01 10:09:46] [INFO] Updated rule-provider Microsoft URL to https://cdn.honglin.ac.cn/statically/gh/flinhong/configs/public/rules/Microsoft.yaml
[2026-08-01 10:09:46] [INFO] Downloading: https://raw.githubusercontent.com/ACL4SSR/ACL4SSR/refs/heads/master/Clash/Apple.list
[2026-08-01 10:09:46] [INFO] Downloaded rule-provider Apple -> ./public/rules/Apple.yaml
[2026-08-01 10:09:46] [INFO] Updated rule-provider Apple URL to https://cdn.honglin.ac.cn/statically/gh/flinhong/configs/public/rules/Apple.yaml
[2026-08-01 10:09:46] [INFO] Downloading: https://raw.githubusercontent.com/ACL4SSR/ACL4SSR/refs/heads/master/Clash/ProxyMedia.list
[2026-08-01 10:09:46] [INFO] Downloaded rule-provider ProxyMedia -> ./public/rules/ProxyMedia.yaml
[2026-08-01 10:09:46] [INFO] Updated rule-provider ProxyMedia URL to https://cdn.honglin.ac.cn/statically/gh/flinhong/configs/public/rules/ProxyMedia.yaml
[2026-08-01 10:09:46] [INFO] Downloading: https://raw.githubusercontent.com/ACL4SSR/ACL4SSR/refs/heads/master/Clash/Telegram.list
[2026-08-01 10:09:46] [INFO] Downloaded rule-provider Telegram -> ./public/rules/Telegram.yaml
[2026-08-01 10:09:46] [INFO] Updated rule-provider Telegram URL to https://cdn.honglin.ac.cn/statically/gh/flinhong/configs/public/rules/Telegram.yaml
[2026-08-01 10:09:46] [INFO] Downloading: https://raw.githubusercontent.com/ACL4SSR/ACL4SSR/refs/heads/master/Clash/ProxyLite.list
[2026-08-01 10:09:46] [INFO] Downloaded rule-provider ProxyLite -> ./public/rules/ProxyLite.yaml
[2026-08-01 10:09:46] [INFO] Updated rule-provider ProxyLite URL to https://cdn.honglin.ac.cn/statically/gh/flinhong/configs/public/rules/ProxyLite.yaml
[2026-08-01 10:09:46] [INFO] Downloading: https://raw.githubusercontent.com/ACL4SSR/ACL4SSR/refs/heads/master/Clash/ChinaDomain.list
[2026-08-01 10:09:46] [INFO] Downloaded rule-provider ChinaDomain -> ./public/rules/ChinaDomain.yaml
[2026-08-01 10:09:46] [INFO] Updated rule-provider ChinaDomain URL to https://cdn.honglin.ac.cn/statically/gh/flinhong/configs/public/rules/ChinaDomain.yaml
[2026-08-01 10:09:46] [INFO] Downloading: https://raw.githubusercontent.com/ACL4SSR/ACL4SSR/refs/heads/master/Clash/ChinaCompanyIp.list
[2026-08-01 10:09:46] [INFO] Downloaded rule-provider ChinaCompanyIp -> ./public/rules/ChinaCompanyIp.yaml
[2026-08-01 10:09:46] [INFO] Updated rule-provider ChinaCompanyIp URL to https://cdn.honglin.ac.cn/statically/gh/flinhong/configs/public/rules/ChinaCompanyIp.yaml
[2026-08-01 10:09:46] [INFO] Fetching extra proxies...
[2026-08-01 10:09:47] [INFO] All date-based sources have today's file available, using today
[2026-08-01 10:09:47] [INFO] Downloading: https://raw.githubusercontent.com/zhangkaiitugithub/passcro/main/speednodes.yaml
[2026-08-01 10:09:47] [INFO] Downloading: https://raw.githubusercontent.com/peasoft/NoMoreWalls/master/list.yml
[2026-08-01 10:09:47] [INFO] Downloading: https://raw.githubusercontent.com/mahdibland/SSAggregator/master/sub/sub_merge_yaml.yml
[2026-08-01 10:09:47] [INFO] Downloading: https://raw.githubusercontent.com/ts-sf/fly/main/clash
[2026-08-01 10:09:47] [WARNING] Filtered proxy AE_speednode_0001: reality-opts short-id '' missing or invalid
[2026-08-01 10:09:47] [WARNING] Filtered proxy BR_speednode_0002: reality-opts short-id '' missing or invalid
[2026-08-01 10:09:47] [WARNING] Filtered proxy RU_speednode_0084: reality-opts short-id '' missing or invalid
[2026-08-01 10:09:47] [WARNING] Filtered proxy US_speednode_0089: reality-opts short-id '' missing or invalid
[2026-08-01 10:09:47] [WARNING] Filtered proxy US_speednode_0103: reality-opts short-id '' missing or invalid
[2026-08-01 10:09:51] [INFO] Fetched 3163 unique proxies for Load Balancer.
[2026-08-01 10:09:51] [INFO] Downloading: https://node.nodefree.me/2026/08/20260801.yaml
[2026-08-01 10:09:51] [INFO] Downloading: https://static.v2rayshare.net/2026/08/20260801.yaml
[2026-08-01 10:09:51] [INFO] Downloading: https://tt.vg/freeclash
[2026-08-01 10:09:51] [INFO] Downloading: https://raw.githubusercontent.com/Ruk1ng001/freeSub/main/clash.yaml
[2026-08-01 10:09:51] [INFO] Downloading: https://raw.githubusercontent.com/free18/v2ray/main/c.yaml
[2026-08-01 10:09:51] [WARNING] Filtered proxy 🟢🇩🇪[🎬🤖📺🎭]_github.com/Ruk1ng001_3b47d680: reality-opts short-id '' missing or invalid
[2026-08-01 10:09:51] [WARNING] Filtered proxy 🟢🇩🇪[🎬🤖📺🎭]_github.com/Ruk1ng001_1be676fd: reality-opts short-id '' missing or invalid
[2026-08-01 10:09:51] [WARNING] Filtered proxy ⚪🏳️[📺✨✈️🔍]_github.com/Ruk1ng001_0fb229e8: reality-opts short-id '' missing or invalid
[2026-08-01 10:09:51] [WARNING] Filtered proxy 🟢🇷🇺[📺🎭✨✈️]_github.com/Ruk1ng001_94815d79: reality-opts short-id '' missing or invalid
[2026-08-01 10:09:51] [WARNING] Filtered proxy 🔴🇩🇪[📺🎭🔍]_github.com/Ruk1ng001_8f6462d1: reality-opts short-id '' missing or invalid
[2026-08-01 10:09:51] [WARNING] Filtered proxy ⚪🏳️[🤖📺✨🎞️]_github.com/Ruk1ng001_bd28004d: reality-opts short-id '' missing or invalid
[2026-08-01 10:09:51] [WARNING] Filtered proxy 🟢🇫🇮[🎬🤖📺🎭]_github.com/Ruk1ng001_30ae0a44: reality-opts short-id '' missing or invalid
[2026-08-01 10:09:52] [WARNING] Filtered proxy 电报群：https://t.me/vvkj11: reality-opts short-id '' missing or invalid
[2026-08-01 10:09:52] [WARNING] Filtered proxy 🇺🇸_美国_5: reality-opts short-id '' missing or invalid
[2026-08-01 10:09:52] [WARNING] Filtered proxy 🇷🇺_俄罗斯_11: reality-opts short-id '' missing or invalid
[2026-08-01 10:09:52] [WARNING] Filtered proxy 🇺🇸_美国_12: reality-opts short-id '' missing or invalid
[2026-08-01 10:09:52] [WARNING] Filtered proxy 🇷🇺_俄罗斯_13: reality-opts short-id '' missing or invalid
[2026-08-01 10:09:52] [WARNING] Filtered proxy 🇺🇸_美国_15: reality-opts short-id '' missing or invalid
[2026-08-01 10:09:52] [WARNING] Filtered proxy 🇺🇸_美国_19: reality-opts short-id '' missing or invalid
[2026-08-01 10:09:52] [WARNING] Filtered proxy 🇷🇺_俄罗斯_21: reality-opts short-id '' missing or invalid
[2026-08-01 10:09:52] [WARNING] Filtered proxy 🇺🇸_美国_25: reality-opts short-id '' missing or invalid
[2026-08-01 10:09:52] [WARNING] Filtered proxy 🇷🇺_俄罗斯_26: reality-opts short-id '' missing or invalid
[2026-08-01 10:09:52] [WARNING] Filtered proxy 🇷🇺_俄罗斯_37: reality-opts short-id '' missing or invalid
[2026-08-01 10:09:52] [WARNING] Filtered proxy 🇺🇸_美国_44: reality-opts short-id '' missing or invalid
[2026-08-01 10:09:52] [WARNING] Filtered proxy 🇺🇸_美国_60: reality-opts short-id '' missing or invalid
[2026-08-01 10:09:52] [WARNING] Filtered proxy 🇺🇸_美国_62: reality-opts short-id '' missing or invalid
[2026-08-01 10:09:52] [WARNING] Filtered proxy 🇺🇸_美国_63: reality-opts short-id '' missing or invalid
[2026-08-01 10:09:52] [WARNING] Filtered proxy 🇺🇸_美国_67: reality-opts short-id '' missing or invalid
[2026-08-01 10:09:52] [WARNING] Filtered proxy 🇺🇸_美国_68: reality-opts short-id '' missing or invalid
[2026-08-01 10:09:52] [WARNING] Filtered proxy 🇺🇸_美国_83: reality-opts short-id '' missing or invalid
[2026-08-01 10:09:52] [WARNING] Filtered proxy 🇷🇺_俄罗斯_85: reality-opts short-id '' missing or invalid
[2026-08-01 10:09:52] [WARNING] Filtered proxy 🇦🇪_阿拉伯联合酋长国_91: reality-opts short-id '' missing or invalid
[2026-08-01 10:09:52] [WARNING] Filtered proxy 🇷🇺_俄罗斯_95: reality-opts short-id '' missing or invalid
[2026-08-01 10:09:52] [WARNING] Filtered proxy 🇷🇺_俄罗斯_102: reality-opts short-id '' missing or invalid
[2026-08-01 10:09:52] [WARNING] Filtered proxy 🇷🇺_俄罗斯_106: reality-opts short-id '' missing or invalid
[2026-08-01 10:09:52] [WARNING] Filtered proxy 🇷🇺_俄罗斯_110: reality-opts short-id '' missing or invalid
[2026-08-01 10:09:52] [WARNING] Filtered proxy 🇷🇺_俄罗斯_112: reality-opts short-id '' missing or invalid
[2026-08-01 10:09:52] [WARNING] Filtered proxy 🇷🇺_俄罗斯_113: reality-opts short-id '' missing or invalid
[2026-08-01 10:09:52] [WARNING] Filtered proxy 🇷🇺_俄罗斯_115: reality-opts short-id '' missing or invalid
[2026-08-01 10:09:52] [WARNING] Filtered proxy 🇷🇺_俄罗斯_117: reality-opts short-id '' missing or invalid
[2026-08-01 10:09:52] [WARNING] Filtered proxy 🇷🇺_俄罗斯_119: reality-opts short-id '' missing or invalid
[2026-08-01 10:09:52] [WARNING] Filtered proxy 🇷🇺_俄罗斯_120: reality-opts short-id '' missing or invalid
[2026-08-01 10:09:52] [WARNING] Filtered proxy 🇷🇺_俄罗斯_121: reality-opts short-id '' missing or invalid
[2026-08-01 10:09:52] [WARNING] Filtered proxy 🇷🇺_俄罗斯_122: reality-opts short-id '' missing or invalid
[2026-08-01 10:09:52] [WARNING] Filtered proxy 🇷🇺_俄罗斯_123: reality-opts short-id '' missing or invalid
[2026-08-01 10:09:52] [WARNING] Filtered proxy 🇷🇺_俄罗斯_127: reality-opts short-id '' missing or invalid
[2026-08-01 10:09:52] [WARNING] Filtered proxy 🇷🇺_俄罗斯_128: reality-opts short-id '' missing or invalid
[2026-08-01 10:09:52] [WARNING] Filtered proxy 🇷🇺_俄罗斯_130: reality-opts short-id '' missing or invalid
[2026-08-01 10:09:52] [WARNING] Filtered proxy 🇷🇺_俄罗斯_131: reality-opts short-id '' missing or invalid
[2026-08-01 10:09:52] [WARNING] Filtered proxy 🇷🇺_俄罗斯_134: reality-opts short-id '' missing or invalid
[2026-08-01 10:09:52] [WARNING] Filtered proxy 🇺🇸_美国_135: reality-opts short-id '' missing or invalid
[2026-08-01 10:09:52] [WARNING] Filtered proxy 🇺🇸_美国_136: reality-opts short-id '' missing or invalid
[2026-08-01 10:09:52] [WARNING] Filtered proxy 🏳️_未知_143: reality-opts short-id '' missing or invalid
[2026-08-01 10:09:52] [WARNING] Filtered proxy 🏳️_未知_144: reality-opts short-id '' missing or invalid
[2026-08-01 10:09:52] [WARNING] Filtered proxy 🇩🇪_德国_149: reality-opts short-id '' missing or invalid
[2026-08-01 10:09:52] [WARNING] Filtered proxy 🇭🇰_HK_中国香港: reality-opts short-id '' missing or invalid
[2026-08-01 10:09:52] [WARNING] Filtered proxy 🇭🇰_HK_中国香港: reality-opts short-id '' missing or invalid
[2026-08-01 10:09:52] [INFO] Fetched 249 unique proxies for Auto Select.
[2026-08-01 10:09:52] [WARNING] Filtered proxy 🇫🇮_FI_芬兰: reality-opts short-id '' missing or invalid
[2026-08-01 10:09:52] [WARNING] Filtered proxy 🇺🇸_US_美国: reality-opts short-id '' missing or invalid
[2026-08-01 10:09:52] [WARNING] Filtered proxy 🇺🇸_US_美国_1: reality-opts short-id '' missing or invalid
[2026-08-01 10:09:52] [INFO] Filtered original proxies: 24 remaining
[2026-08-01 10:09:53] [INFO] Successfully wrote config to ./public/subscribe/clash.yml
[2026-08-01 21:04:00] [INFO] Downloading: https://www.ermao.net/sub/clash/ermao.net
[2026-08-01 21:04:00] [INFO] Main subscription fetched and parsed.
[2026-08-01 21:04:00] [INFO] Downloading rule-providers...
[2026-08-01 21:04:00] [INFO] Downloading: https://raw.githubusercontent.com/ACL4SSR/ACL4SSR/refs/heads/master/Clash/LocalAreaNetwork.list
[2026-08-01 21:04:00] [INFO] Downloaded rule-provider LocalAreaNetwork -> ./public/rules/LocalAreaNetwork.yaml
[2026-08-01 21:04:00] [INFO] Updated rule-provider LocalAreaNetwork URL to https://cdn.honglin.ac.cn/statically/gh/flinhong/configs/public/rules/LocalAreaNetwork.yaml
[2026-08-01 21:04:00] [INFO] Downloading: https://raw.githubusercontent.com/ACL4SSR/ACL4SSR/refs/heads/master/Clash/BanAD.list
[2026-08-01 21:04:01] [INFO] Downloaded rule-provider BanAD -> ./public/rules/BanAD.yaml
[2026-08-01 21:04:01] [INFO] Updated rule-provider BanAD URL to https://cdn.honglin.ac.cn/statically/gh/flinhong/configs/public/rules/BanAD.yaml
[2026-08-01 21:04:01] [INFO] Downloading: https://raw.githubusercontent.com/ACL4SSR/ACL4SSR/refs/heads/master/Clash/BanProgramAD.list
[2026-08-01 21:04:01] [INFO] Downloaded rule-provider BanProgramAD -> ./public/rules/BanProgramAD.yaml
[2026-08-01 21:04:01] [INFO] Updated rule-provider BanProgramAD URL to https://cdn.honglin.ac.cn/statically/gh/flinhong/configs/public/rules/BanProgramAD.yaml
[2026-08-01 21:04:01] [INFO] Downloading: https://raw.githubusercontent.com/ACL4SSR/ACL4SSR/refs/heads/master/Clash/BanEasyList.list
[2026-08-01 21:04:01] [INFO] Downloaded rule-provider BanEasyList -> ./public/rules/BanEasyList.yaml
[2026-08-01 21:04:01] [INFO] Updated rule-provider BanEasyList URL to https://cdn.honglin.ac.cn/statically/gh/flinhong/configs/public/rules/BanEasyList.yaml
[2026-08-01 21:04:01] [INFO] Downloading: https://raw.githubusercontent.com/ACL4SSR/ACL4SSR/refs/heads/master/Clash/BanEasyListChina.list
[2026-08-01 21:04:01] [INFO] Downloaded rule-provider BanEasyListChina -> ./public/rules/BanEasyListChina.yaml
[2026-08-01 21:04:01] [INFO] Updated rule-provider BanEasyListChina URL to https://cdn.honglin.ac.cn/statically/gh/flinhong/configs/public/rules/BanEasyListChina.yaml
[2026-08-01 21:04:01] [INFO] Downloading: https://raw.githubusercontent.com/ACL4SSR/ACL4SSR/refs/heads/master/Clash/BanEasyPrivacy.list
[2026-08-01 21:04:01] [INFO] Downloaded rule-provider BanEasyPrivacy -> ./public/rules/BanEasyPrivacy.yaml
[2026-08-01 21:04:01] [INFO] Updated rule-provider BanEasyPrivacy URL to https://cdn.honglin.ac.cn/statically/gh/flinhong/configs/public/rules/BanEasyPrivacy.yaml
[2026-08-01 21:04:01] [INFO] Downloading: https://raw.githubusercontent.com/ACL4SSR/ACL4SSR/refs/heads/master/Clash/GoogleCN.list
[2026-08-01 21:04:01] [INFO] Downloaded rule-provider GoogleCN -> ./public/rules/GoogleCN.yaml
[2026-08-01 21:04:01] [INFO] Updated rule-provider GoogleCN URL to https://cdn.honglin.ac.cn/statically/gh/flinhong/configs/public/rules/GoogleCN.yaml
[2026-08-01 21:04:01] [INFO] Downloading: https://raw.githubusercontent.com/ACL4SSR/ACL4SSR/refs/heads/master/Clash/Ruleset/SteamCN.list
[2026-08-01 21:04:01] [INFO] Downloaded rule-provider SteamCN -> ./public/rules/SteamCN.yaml
[2026-08-01 21:04:01] [INFO] Updated rule-provider SteamCN URL to https://cdn.honglin.ac.cn/statically/gh/flinhong/configs/public/rules/SteamCN.yaml
[2026-08-01 21:04:01] [INFO] Downloading: https://raw.githubusercontent.com/ACL4SSR/ACL4SSR/refs/heads/master/Clash/Microsoft.list
[2026-08-01 21:04:02] [INFO] Downloaded rule-provider Microsoft -> ./public/rules/Microsoft.yaml
[2026-08-01 21:04:02] [INFO] Updated rule-provider Microsoft URL to https://cdn.honglin.ac.cn/statically/gh/flinhong/configs/public/rules/Microsoft.yaml
[2026-08-01 21:04:02] [INFO] Downloading: https://raw.githubusercontent.com/ACL4SSR/ACL4SSR/refs/heads/master/Clash/Apple.list
[2026-08-01 21:04:02] [INFO] Downloaded rule-provider Apple -> ./public/rules/Apple.yaml
[2026-08-01 21:04:02] [INFO] Updated rule-provider Apple URL to https://cdn.honglin.ac.cn/statically/gh/flinhong/configs/public/rules/Apple.yaml
[2026-08-01 21:04:02] [INFO] Downloading: https://raw.githubusercontent.com/ACL4SSR/ACL4SSR/refs/heads/master/Clash/ProxyMedia.list
[2026-08-01 21:04:02] [INFO] Downloaded rule-provider ProxyMedia -> ./public/rules/ProxyMedia.yaml
[2026-08-01 21:04:02] [INFO] Updated rule-provider ProxyMedia URL to https://cdn.honglin.ac.cn/statically/gh/flinhong/configs/public/rules/ProxyMedia.yaml
[2026-08-01 21:04:02] [INFO] Downloading: https://raw.githubusercontent.com/ACL4SSR/ACL4SSR/refs/heads/master/Clash/Telegram.list
[2026-08-01 21:04:02] [INFO] Downloaded rule-provider Telegram -> ./public/rules/Telegram.yaml
[2026-08-01 21:04:02] [INFO] Updated rule-provider Telegram URL to https://cdn.honglin.ac.cn/statically/gh/flinhong/configs/public/rules/Telegram.yaml
[2026-08-01 21:04:02] [INFO] Downloading: https://raw.githubusercontent.com/ACL4SSR/ACL4SSR/refs/heads/master/Clash/ProxyLite.list
[2026-08-01 21:04:02] [INFO] Downloaded rule-provider ProxyLite -> ./public/rules/ProxyLite.yaml
[2026-08-01 21:04:02] [INFO] Updated rule-provider ProxyLite URL to https://cdn.honglin.ac.cn/statically/gh/flinhong/configs/public/rules/ProxyLite.yaml
[2026-08-01 21:04:02] [INFO] Downloading: https://raw.githubusercontent.com/ACL4SSR/ACL4SSR/refs/heads/master/Clash/ChinaDomain.list
[2026-08-01 21:04:02] [INFO] Downloaded rule-provider ChinaDomain -> ./public/rules/ChinaDomain.yaml
[2026-08-01 21:04:02] [INFO] Updated rule-provider ChinaDomain URL to https://cdn.honglin.ac.cn/statically/gh/flinhong/configs/public/rules/ChinaDomain.yaml
[2026-08-01 21:04:02] [INFO] Downloading: https://raw.githubusercontent.com/ACL4SSR/ACL4SSR/refs/heads/master/Clash/ChinaCompanyIp.list
[2026-08-01 21:04:02] [INFO] Downloaded rule-provider ChinaCompanyIp -> ./public/rules/ChinaCompanyIp.yaml
[2026-08-01 21:04:02] [INFO] Updated rule-provider ChinaCompanyIp URL to https://cdn.honglin.ac.cn/statically/gh/flinhong/configs/public/rules/ChinaCompanyIp.yaml
[2026-08-01 21:04:02] [INFO] Fetching extra proxies...
[2026-08-01 21:04:03] [INFO] All date-based sources have today's file available, using today
[2026-08-01 21:04:03] [INFO] Downloading: https://raw.githubusercontent.com/zhangkaiitugithub/passcro/main/speednodes.yaml
[2026-08-01 21:04:03] [INFO] Downloading: https://raw.githubusercontent.com/peasoft/NoMoreWalls/master/list.yml
[2026-08-01 21:04:03] [INFO] Downloading: https://raw.githubusercontent.com/ts-sf/fly/main/clash
[2026-08-01 21:04:03] [INFO] Downloading: https://raw.githubusercontent.com/mahdibland/SSAggregator/master/sub/sub_merge_yaml.yml
[2026-08-01 21:04:03] [WARNING] Filtered proxy CZ_speednode_0007: reality-opts short-id '' missing or invalid
[2026-08-01 21:04:03] [WARNING] Filtered proxy HU_speednode_0027: reality-opts short-id '' missing or invalid
[2026-08-01 21:04:03] [WARNING] Filtered proxy SG_speednode_0171: reality-opts short-id '' missing or invalid
[2026-08-01 21:04:03] [WARNING] Filtered proxy US_speednode_0180: reality-opts short-id '' missing or invalid
[2026-08-01 21:04:03] [WARNING] Filtered proxy US_speednode_0186: reality-opts short-id '' missing or invalid
[2026-08-01 21:04:03] [WARNING] Filtered proxy US_speednode_0188: reality-opts short-id '' missing or invalid
[2026-08-01 21:04:03] [WARNING] Filtered proxy US_speednode_0195: reality-opts short-id '' missing or invalid
[2026-08-01 21:04:03] [WARNING] Filtered proxy US_speednode_0198: reality-opts short-id '' missing or invalid
[2026-08-01 21:04:03] [WARNING] Filtered proxy US_speednode_0212: reality-opts short-id '' missing or invalid
[2026-08-01 21:04:06] [INFO] Fetched 3227 unique proxies for Load Balancer.
[2026-08-01 21:04:06] [INFO] Downloading: https://node.nodefree.me/2026/08/20260801.yaml
[2026-08-01 21:04:06] [INFO] Downloading: https://static.v2rayshare.net/2026/08/20260801.yaml
[2026-08-01 21:04:06] [INFO] Downloading: https://tt.vg/freeclash
[2026-08-01 21:04:06] [INFO] Downloading: https://raw.githubusercontent.com/Ruk1ng001/freeSub/main/clash.yaml
[2026-08-01 21:04:06] [INFO] Downloading: https://raw.githubusercontent.com/free18/v2ray/main/c.yaml
[2026-08-01 21:04:07] [WARNING] Filtered proxy 日期：08-01: reality-opts short-id '' missing or invalid
[2026-08-01 21:04:07] [WARNING] Filtered proxy 🇺🇸_美国_7: reality-opts short-id '' missing or invalid
[2026-08-01 21:04:07] [WARNING] Filtered proxy 🇷🇺_俄罗斯_11: reality-opts short-id '' missing or invalid
[2026-08-01 21:04:07] [WARNING] Filtered proxy 🇭🇺_匈牙利_13: reality-opts short-id '' missing or invalid
[2026-08-01 21:04:07] [WARNING] Filtered proxy 🇫🇮_芬兰_15: reality-opts short-id '' missing or invalid
[2026-08-01 21:04:07] [WARNING] Filtered proxy 🇵🇱_波兰_17: reality-opts short-id '' missing or invalid
[2026-08-01 21:04:07] [WARNING] Filtered proxy 🇳🇱_荷兰_20: reality-opts short-id '' missing or invalid
[2026-08-01 21:04:07] [WARNING] Filtered proxy 🇩🇪_德国_26: reality-opts short-id '' missing or invalid
[2026-08-01 21:04:07] [WARNING] Filtered proxy 🇸🇪_瑞典_29: reality-opts short-id '' missing or invalid
[2026-08-01 21:04:07] [WARNING] Filtered proxy 🇳🇱_荷兰_31: reality-opts short-id '' missing or invalid
[2026-08-01 21:04:07] [WARNING] Filtered proxy 🇳🇱_荷兰_38: reality-opts short-id '' missing or invalid
[2026-08-01 21:04:07] [WARNING] Filtered proxy 🇺🇸_美国_48: reality-opts short-id '' missing or invalid
[2026-08-01 21:04:07] [WARNING] Filtered proxy 🇺🇸_美国_64: reality-opts short-id '' missing or invalid
[2026-08-01 21:04:07] [WARNING] Filtered proxy 🇺🇸_美国_65: reality-opts short-id '' missing or invalid
[2026-08-01 21:04:07] [WARNING] Filtered proxy 🇺🇸_美国_70: reality-opts short-id '' missing or invalid
[2026-08-01 21:04:07] [WARNING] Filtered proxy 🇺🇸_美国_71: reality-opts short-id '' missing or invalid
[2026-08-01 21:04:07] [WARNING] Filtered proxy 🇺🇸_美国_73: reality-opts short-id '' missing or invalid
[2026-08-01 21:04:07] [WARNING] Filtered proxy 🇺🇸_美国_74: reality-opts short-id '' missing or invalid
[2026-08-01 21:04:07] [WARNING] Filtered proxy 🇯🇵_日本_77: reality-opts short-id '' missing or invalid
[2026-08-01 21:04:07] [WARNING] Filtered proxy 🇯🇵_日本_78: reality-opts short-id '' missing or invalid
[2026-08-01 21:04:07] [WARNING] Filtered proxy 🇰🇷_韩国_79: reality-opts short-id '' missing or invalid
[2026-08-01 21:04:07] [WARNING] Filtered proxy 🇰🇷_韩国_80: reality-opts short-id '' missing or invalid
[2026-08-01 21:04:07] [WARNING] Filtered proxy 🇹🇼_台湾_81: reality-opts short-id '' missing or invalid
[2026-08-01 21:04:07] [WARNING] Filtered proxy 🇯🇵_日本_82: reality-opts short-id '' missing or invalid
[2026-08-01 21:04:07] [WARNING] Filtered proxy 🇹🇭_泰国_83: reality-opts short-id '' missing or invalid
[2026-08-01 21:04:07] [WARNING] Filtered proxy 🇰🇷_韩国_84: reality-opts short-id '' missing or invalid
[2026-08-01 21:04:07] [WARNING] Filtered proxy 🇯🇵_日本_85: reality-opts short-id '' missing or invalid
[2026-08-01 21:04:07] [WARNING] Filtered proxy 🇺🇸_美国_86: reality-opts short-id '' missing or invalid
[2026-08-01 21:04:07] [WARNING] Filtered proxy 🇺🇸_美国_87: reality-opts short-id '' missing or invalid
[2026-08-01 21:04:07] [WARNING] Filtered proxy 🇺🇸_美国_88: reality-opts short-id '' missing or invalid
[2026-08-01 21:04:07] [WARNING] Filtered proxy 🇯🇵_日本_89: reality-opts short-id '' missing or invalid
[2026-08-01 21:04:07] [WARNING] Filtered proxy 🇹🇼_台湾_90: reality-opts short-id '' missing or invalid
[2026-08-01 21:04:07] [WARNING] Filtered proxy 🇲🇴_澳门_91: reality-opts short-id '' missing or invalid
[2026-08-01 21:04:07] [WARNING] Filtered proxy 🇺🇸_美国_92: reality-opts short-id '' missing or invalid
[2026-08-01 21:04:07] [WARNING] Filtered proxy 🇸🇬_新加坡_93: reality-opts short-id '' missing or invalid
[2026-08-01 21:04:07] [WARNING] Filtered proxy 🇫🇷_法国_94: reality-opts short-id '' missing or invalid
[2026-08-01 21:04:07] [WARNING] Filtered proxy 🇻🇳_越南_96: reality-opts short-id '' missing or invalid
[2026-08-01 21:04:07] [WARNING] Filtered proxy 🇩🇪_德国_97: reality-opts short-id '' missing or invalid
[2026-08-01 21:04:07] [WARNING] Filtered proxy 🇺🇸_美国_98: reality-opts short-id '' missing or invalid
[2026-08-01 21:04:07] [WARNING] Filtered proxy 🟢🇩🇪[🎬🤖📺🎭]_github.com/Ruk1ng001_3b47d680: reality-opts short-id '' missing or invalid
[2026-08-01 21:04:07] [WARNING] Filtered proxy 🟢🇩🇪[🎬🤖📺🎭]_github.com/Ruk1ng001_1be676fd: reality-opts short-id '' missing or invalid
[2026-08-01 21:04:07] [WARNING] Filtered proxy ⚪🏳️[📺✨✈️🔍]_github.com/Ruk1ng001_0fb229e8: reality-opts short-id '' missing or invalid
[2026-08-01 21:04:07] [WARNING] Filtered proxy 🟢🇷🇺[📺🎭✨✈️]_github.com/Ruk1ng001_94815d79: reality-opts short-id '' missing or invalid
[2026-08-01 21:04:07] [WARNING] Filtered proxy 🔴🇩🇪[📺🎭🔍]_github.com/Ruk1ng001_8f6462d1: reality-opts short-id '' missing or invalid
[2026-08-01 21:04:07] [WARNING] Filtered proxy ⚪🏳️[🤖📺✨🎞️]_github.com/Ruk1ng001_bd28004d: reality-opts short-id '' missing or invalid
[2026-08-01 21:04:07] [WARNING] Filtered proxy 🟢🇫🇮[🎬🤖📺🎭]_github.com/Ruk1ng001_30ae0a44: reality-opts short-id '' missing or invalid
[2026-08-01 21:04:07] [WARNING] Filtered proxy 🇭🇰_HK_中国香港: reality-opts short-id '' missing or invalid
[2026-08-01 21:04:07] [WARNING] Filtered proxy 🇭🇰_HK_中国香港: reality-opts short-id '' missing or invalid
[2026-08-01 21:04:07] [INFO] Fetched 154 unique proxies for Auto Select.
[2026-08-01 21:04:07] [WARNING] Filtered proxy 🇺🇸_US_美国_2: reality-opts short-id '' missing or invalid
[2026-08-01 21:04:07] [INFO] Filtered original proxies: 23 remaining
[2026-08-01 21:04:08] [INFO] Successfully wrote config to ./public/subscribe/clash.yml
[2026-08-02 10:06:49] [INFO] Downloading: https://www.ermao.net/sub/clash/ermao.net
[2026-08-02 10:06:49] [INFO] Main subscription fetched and parsed.
[2026-08-02 10:06:49] [INFO] Downloading rule-providers...
[2026-08-02 10:06:49] [INFO] Downloading: https://raw.githubusercontent.com/ACL4SSR/ACL4SSR/refs/heads/master/Clash/LocalAreaNetwork.list
[2026-08-02 10:06:49] [INFO] Downloaded rule-provider LocalAreaNetwork -> ./public/rules/LocalAreaNetwork.yaml
[2026-08-02 10:06:49] [INFO] Updated rule-provider LocalAreaNetwork URL to https://cdn.honglin.ac.cn/statically/gh/flinhong/configs/public/rules/LocalAreaNetwork.yaml
[2026-08-02 10:06:49] [INFO] Downloading: https://raw.githubusercontent.com/ACL4SSR/ACL4SSR/refs/heads/master/Clash/BanAD.list
[2026-08-02 10:06:49] [INFO] Downloaded rule-provider BanAD -> ./public/rules/BanAD.yaml
[2026-08-02 10:06:49] [INFO] Updated rule-provider BanAD URL to https://cdn.honglin.ac.cn/statically/gh/flinhong/configs/public/rules/BanAD.yaml
[2026-08-02 10:06:49] [INFO] Downloading: https://raw.githubusercontent.com/ACL4SSR/ACL4SSR/refs/heads/master/Clash/BanProgramAD.list
[2026-08-02 10:06:49] [INFO] Downloaded rule-provider BanProgramAD -> ./public/rules/BanProgramAD.yaml
[2026-08-02 10:06:49] [INFO] Updated rule-provider BanProgramAD URL to https://cdn.honglin.ac.cn/statically/gh/flinhong/configs/public/rules/BanProgramAD.yaml
[2026-08-02 10:06:49] [INFO] Downloading: https://raw.githubusercontent.com/ACL4SSR/ACL4SSR/refs/heads/master/Clash/BanEasyList.list
[2026-08-02 10:06:50] [INFO] Downloaded rule-provider BanEasyList -> ./public/rules/BanEasyList.yaml
[2026-08-02 10:06:50] [INFO] Updated rule-provider BanEasyList URL to https://cdn.honglin.ac.cn/statically/gh/flinhong/configs/public/rules/BanEasyList.yaml
[2026-08-02 10:06:50] [INFO] Downloading: https://raw.githubusercontent.com/ACL4SSR/ACL4SSR/refs/heads/master/Clash/BanEasyListChina.list
[2026-08-02 10:06:50] [INFO] Downloaded rule-provider BanEasyListChina -> ./public/rules/BanEasyListChina.yaml
[2026-08-02 10:06:50] [INFO] Updated rule-provider BanEasyListChina URL to https://cdn.honglin.ac.cn/statically/gh/flinhong/configs/public/rules/BanEasyListChina.yaml
[2026-08-02 10:06:50] [INFO] Downloading: https://raw.githubusercontent.com/ACL4SSR/ACL4SSR/refs/heads/master/Clash/BanEasyPrivacy.list
[2026-08-02 10:06:50] [INFO] Downloaded rule-provider BanEasyPrivacy -> ./public/rules/BanEasyPrivacy.yaml
[2026-08-02 10:06:50] [INFO] Updated rule-provider BanEasyPrivacy URL to https://cdn.honglin.ac.cn/statically/gh/flinhong/configs/public/rules/BanEasyPrivacy.yaml
[2026-08-02 10:06:50] [INFO] Downloading: https://raw.githubusercontent.com/ACL4SSR/ACL4SSR/refs/heads/master/Clash/GoogleCN.list
[2026-08-02 10:06:50] [INFO] Downloaded rule-provider GoogleCN -> ./public/rules/GoogleCN.yaml
[2026-08-02 10:06:50] [INFO] Updated rule-provider GoogleCN URL to https://cdn.honglin.ac.cn/statically/gh/flinhong/configs/public/rules/GoogleCN.yaml
[2026-08-02 10:06:50] [INFO] Downloading: https://raw.githubusercontent.com/ACL4SSR/ACL4SSR/refs/heads/master/Clash/Ruleset/SteamCN.list
[2026-08-02 10:06:50] [INFO] Downloaded rule-provider SteamCN -> ./public/rules/SteamCN.yaml
[2026-08-02 10:06:50] [INFO] Updated rule-provider SteamCN URL to https://cdn.honglin.ac.cn/statically/gh/flinhong/configs/public/rules/SteamCN.yaml
[2026-08-02 10:06:50] [INFO] Downloading: https://raw.githubusercontent.com/ACL4SSR/ACL4SSR/refs/heads/master/Clash/Microsoft.list
[2026-08-02 10:06:50] [INFO] Downloaded rule-provider Microsoft -> ./public/rules/Microsoft.yaml
[2026-08-02 10:06:50] [INFO] Updated rule-provider Microsoft URL to https://cdn.honglin.ac.cn/statically/gh/flinhong/configs/public/rules/Microsoft.yaml
[2026-08-02 10:06:50] [INFO] Downloading: https://raw.githubusercontent.com/ACL4SSR/ACL4SSR/refs/heads/master/Clash/Apple.list
[2026-08-02 10:06:50] [INFO] Downloaded rule-provider Apple -> ./public/rules/Apple.yaml
[2026-08-02 10:06:50] [INFO] Updated rule-provider Apple URL to https://cdn.honglin.ac.cn/statically/gh/flinhong/configs/public/rules/Apple.yaml
[2026-08-02 10:06:50] [INFO] Downloading: https://raw.githubusercontent.com/ACL4SSR/ACL4SSR/refs/heads/master/Clash/ProxyMedia.list
[2026-08-02 10:06:50] [INFO] Downloaded rule-provider ProxyMedia -> ./public/rules/ProxyMedia.yaml
[2026-08-02 10:06:50] [INFO] Updated rule-provider ProxyMedia URL to https://cdn.honglin.ac.cn/statically/gh/flinhong/configs/public/rules/ProxyMedia.yaml
[2026-08-02 10:06:50] [INFO] Downloading: https://raw.githubusercontent.com/ACL4SSR/ACL4SSR/refs/heads/master/Clash/Telegram.list
[2026-08-02 10:06:50] [INFO] Downloaded rule-provider Telegram -> ./public/rules/Telegram.yaml
[2026-08-02 10:06:50] [INFO] Updated rule-provider Telegram URL to https://cdn.honglin.ac.cn/statically/gh/flinhong/configs/public/rules/Telegram.yaml
[2026-08-02 10:06:50] [INFO] Downloading: https://raw.githubusercontent.com/ACL4SSR/ACL4SSR/refs/heads/master/Clash/ProxyLite.list
[2026-08-02 10:06:50] [INFO] Downloaded rule-provider ProxyLite -> ./public/rules/ProxyLite.yaml
[2026-08-02 10:06:50] [INFO] Updated rule-provider ProxyLite URL to https://cdn.honglin.ac.cn/statically/gh/flinhong/configs/public/rules/ProxyLite.yaml
[2026-08-02 10:06:50] [INFO] Downloading: https://raw.githubusercontent.com/ACL4SSR/ACL4SSR/refs/heads/master/Clash/ChinaDomain.list
[2026-08-02 10:06:50] [INFO] Downloaded rule-provider ChinaDomain -> ./public/rules/ChinaDomain.yaml
[2026-08-02 10:06:50] [INFO] Updated rule-provider ChinaDomain URL to https://cdn.honglin.ac.cn/statically/gh/flinhong/configs/public/rules/ChinaDomain.yaml
[2026-08-02 10:06:50] [INFO] Downloading: https://raw.githubusercontent.com/ACL4SSR/ACL4SSR/refs/heads/master/Clash/ChinaCompanyIp.list
[2026-08-02 10:06:50] [INFO] Downloaded rule-provider ChinaCompanyIp -> ./public/rules/ChinaCompanyIp.yaml
[2026-08-02 10:06:50] [INFO] Updated rule-provider ChinaCompanyIp URL to https://cdn.honglin.ac.cn/statically/gh/flinhong/configs/public/rules/ChinaCompanyIp.yaml
[2026-08-02 10:06:50] [INFO] Fetching extra proxies...
[2026-08-02 10:06:51] [INFO] All date-based sources have today's file available, using today
[2026-08-02 10:06:51] [INFO] Downloading: https://raw.githubusercontent.com/zhangkaiitugithub/passcro/main/speednodes.yaml
[2026-08-02 10:06:51] [INFO] Downloading: https://raw.githubusercontent.com/peasoft/NoMoreWalls/master/list.yml
[2026-08-02 10:06:51] [INFO] Downloading: https://raw.githubusercontent.com/mahdibland/SSAggregator/master/sub/sub_merge_yaml.yml
[2026-08-02 10:06:51] [INFO] Downloading: https://raw.githubusercontent.com/ts-sf/fly/main/clash
[2026-08-02 10:06:51] [WARNING] Filtered proxy RU_speednode_0137: reality-opts short-id '' missing or invalid
[2026-08-02 10:06:51] [WARNING] Filtered proxy RU_speednode_0138: reality-opts short-id '' missing or invalid
[2026-08-02 10:06:51] [WARNING] Filtered proxy RU_speednode_0139: reality-opts short-id '' missing or invalid
[2026-08-02 10:06:51] [WARNING] Filtered proxy RU_speednode_0140: reality-opts short-id '' missing or invalid
[2026-08-02 10:06:51] [WARNING] Filtered proxy RU_speednode_0141: reality-opts short-id '' missing or invalid
[2026-08-02 10:06:51] [WARNING] Filtered proxy RU_speednode_0142: reality-opts short-id '' missing or invalid
[2026-08-02 10:06:51] [WARNING] Filtered proxy RU_speednode_0143: reality-opts short-id '' missing or invalid
[2026-08-02 10:06:51] [WARNING] Filtered proxy RU_speednode_0144: reality-opts short-id '' missing or invalid
[2026-08-02 10:06:51] [WARNING] Filtered proxy US_speednode_0155: reality-opts short-id '' missing or invalid
[2026-08-02 10:06:55] [INFO] Fetched 3218 unique proxies for Load Balancer.
[2026-08-02 10:06:55] [INFO] Downloading: https://node.nodefree.me/2026/08/20260802.yaml
[2026-08-02 10:06:55] [INFO] Downloading: https://static.v2rayshare.net/2026/08/20260802.yaml
[2026-08-02 10:06:55] [INFO] Downloading: https://tt.vg/freeclash
[2026-08-02 10:06:55] [INFO] Downloading: https://raw.githubusercontent.com/Ruk1ng001/freeSub/main/clash.yaml
[2026-08-02 10:06:55] [INFO] Downloading: https://raw.githubusercontent.com/free18/v2ray/main/c.yaml
[2026-08-02 10:06:55] [WARNING] Filtered proxy 日期：08-01: reality-opts short-id '' missing or invalid
[2026-08-02 10:06:55] [WARNING] Filtered proxy 🇺🇸_美国_7: reality-opts short-id '' missing or invalid
[2026-08-02 10:06:55] [WARNING] Filtered proxy 🇷🇺_俄罗斯_11: reality-opts short-id '' missing or invalid
[2026-08-02 10:06:55] [WARNING] Filtered proxy 🇭🇺_匈牙利_13: reality-opts short-id '' missing or invalid
[2026-08-02 10:06:55] [WARNING] Filtered proxy 🇫🇮_芬兰_15: reality-opts short-id '' missing or invalid
[2026-08-02 10:06:55] [WARNING] Filtered proxy 🇵🇱_波兰_17: reality-opts short-id '' missing or invalid
[2026-08-02 10:06:55] [WARNING] Filtered proxy 🇳🇱_荷兰_20: reality-opts short-id '' missing or invalid
[2026-08-02 10:06:55] [WARNING] Filtered proxy 🇩🇪_德国_26: reality-opts short-id '' missing or invalid
[2026-08-02 10:06:55] [WARNING] Filtered proxy 🇸🇪_瑞典_29: reality-opts short-id '' missing or invalid
[2026-08-02 10:06:55] [WARNING] Filtered proxy 🇳🇱_荷兰_31: reality-opts short-id '' missing or invalid
[2026-08-02 10:06:55] [WARNING] Filtered proxy 🇳🇱_荷兰_38: reality-opts short-id '' missing or invalid
[2026-08-02 10:06:55] [WARNING] Filtered proxy 🇺🇸_美国_48: reality-opts short-id '' missing or invalid
[2026-08-02 10:06:55] [WARNING] Filtered proxy 🇺🇸_美国_64: reality-opts short-id '' missing or invalid
[2026-08-02 10:06:55] [WARNING] Filtered proxy 🇺🇸_美国_65: reality-opts short-id '' missing or invalid
[2026-08-02 10:06:55] [WARNING] Filtered proxy 🇺🇸_美国_70: reality-opts short-id '' missing or invalid
[2026-08-02 10:06:55] [WARNING] Filtered proxy 🇺🇸_美国_71: reality-opts short-id '' missing or invalid
[2026-08-02 10:06:55] [WARNING] Filtered proxy 🇺🇸_美国_73: reality-opts short-id '' missing or invalid
[2026-08-02 10:06:55] [WARNING] Filtered proxy 🇺🇸_美国_74: reality-opts short-id '' missing or invalid
[2026-08-02 10:06:55] [WARNING] Filtered proxy 🇯🇵_日本_77: reality-opts short-id '' missing or invalid
[2026-08-02 10:06:55] [WARNING] Filtered proxy 🇯🇵_日本_78: reality-opts short-id '' missing or invalid
[2026-08-02 10:06:55] [WARNING] Filtered proxy 🇰🇷_韩国_79: reality-opts short-id '' missing or invalid
[2026-08-02 10:06:55] [WARNING] Filtered proxy 🇰🇷_韩国_80: reality-opts short-id '' missing or invalid
[2026-08-02 10:06:55] [WARNING] Filtered proxy 🇹🇼_台湾_81: reality-opts short-id '' missing or invalid
[2026-08-02 10:06:55] [WARNING] Filtered proxy 🇯🇵_日本_82: reality-opts short-id '' missing or invalid
[2026-08-02 10:06:55] [WARNING] Filtered proxy 🇹🇭_泰国_83: reality-opts short-id '' missing or invalid
[2026-08-02 10:06:55] [WARNING] Filtered proxy 🇰🇷_韩国_84: reality-opts short-id '' missing or invalid
[2026-08-02 10:06:55] [WARNING] Filtered proxy 🇯🇵_日本_85: reality-opts short-id '' missing or invalid
[2026-08-02 10:06:55] [WARNING] Filtered proxy 🇺🇸_美国_86: reality-opts short-id '' missing or invalid
[2026-08-02 10:06:55] [WARNING] Filtered proxy 🇺🇸_美国_87: reality-opts short-id '' missing or invalid
[2026-08-02 10:06:55] [WARNING] Filtered proxy 🇺🇸_美国_88: reality-opts short-id '' missing or invalid
[2026-08-02 10:06:55] [WARNING] Filtered proxy 🇯🇵_日本_89: reality-opts short-id '' missing or invalid
[2026-08-02 10:06:55] [WARNING] Filtered proxy 🇹🇼_台湾_90: reality-opts short-id '' missing or invalid
[2026-08-02 10:06:55] [WARNING] Filtered proxy 🇲🇴_澳门_91: reality-opts short-id '' missing or invalid
[2026-08-02 10:06:55] [WARNING] Filtered proxy 🇺🇸_美国_92: reality-opts short-id '' missing or invalid
[2026-08-02 10:06:55] [WARNING] Filtered proxy 🇸🇬_新加坡_93: reality-opts short-id '' missing or invalid
[2026-08-02 10:06:55] [WARNING] Filtered proxy 🇫🇷_法国_94: reality-opts short-id '' missing or invalid
[2026-08-02 10:06:55] [WARNING] Filtered proxy 🇻🇳_越南_96: reality-opts short-id '' missing or invalid
[2026-08-02 10:06:55] [WARNING] Filtered proxy 🇩🇪_德国_97: reality-opts short-id '' missing or invalid
[2026-08-02 10:06:55] [WARNING] Filtered proxy 🇺🇸_美国_98: reality-opts short-id '' missing or invalid
[2026-08-02 10:06:55] [WARNING] Filtered proxy 🔴🇳🇱[🎬🤖📺🎭]_github.com/Ruk1ng001_b73625d3: reality-opts short-id '' missing or invalid
[2026-08-02 10:06:55] [WARNING] Filtered proxy ⚪🏳️[✈️🔍]_github.com/Ruk1ng001_6501f8a3: reality-opts short-id '' missing or invalid
[2026-08-02 10:06:55] [WARNING] Filtered proxy 🟠🇳🇱_github.com/Ruk1ng001_6cce1f12: reality-opts short-id '' missing or invalid
[2026-08-02 10:06:55] [WARNING] Filtered proxy ⚪🏳️[🤖📺🎭🎪]_github.com/Ruk1ng001_09a70f00: reality-opts short-id '' missing or invalid
[2026-08-02 10:06:55] [WARNING] Filtered proxy 🟠🇳🇱[🎬🤖📺🎭]_github.com/Ruk1ng001_4bb3b65b: reality-opts short-id '' missing or invalid
[2026-08-02 10:06:55] [WARNING] Filtered proxy ⚪🏳️[🎬🤖📺🎭]_github.com/Ruk1ng001_e2dcb806: reality-opts short-id '' missing or invalid
[2026-08-02 10:06:55] [WARNING] Filtered proxy 🔴🇳🇱[🎬🤖📺🎭]_github.com/Ruk1ng001_37dc5602: reality-opts short-id '' missing or invalid
[2026-08-02 10:06:55] [WARNING] Filtered proxy 🟠🇭🇺[🎬🤖📺🎭]_github.com/Ruk1ng001_22c09211: reality-opts short-id '' missing or invalid
[2026-08-02 10:06:55] [WARNING] Filtered proxy 🇭🇰_HK_中国香港: reality-opts short-id '' missing or invalid
[2026-08-02 10:06:55] [WARNING] Filtered proxy 🇭🇰_HK_中国香港: reality-opts short-id '' missing or invalid
[2026-08-02 10:06:55] [INFO] Fetched 141 unique proxies for Auto Select.
[2026-08-02 10:06:55] [WARNING] Filtered proxy 🇷🇺_RU_俄罗斯->🇳🇱_NL_荷兰: reality-opts short-id '' missing or invalid
[2026-08-02 10:06:55] [WARNING] Filtered proxy 🇺🇸_US_美国_2: reality-opts short-id '' missing or invalid
[2026-08-02 10:06:55] [INFO] Filtered original proxies: 24 remaining
[2026-08-02 10:06:57] [INFO] Successfully wrote config to ./public/subscribe/clash.yml
[2026-08-02 21:06:08] [INFO] Downloading: https://www.ermao.net/sub/clash/ermao.net
[2026-08-02 21:06:09] [INFO] Main subscription fetched and parsed.
[2026-08-02 21:06:09] [INFO] Downloading rule-providers...
[2026-08-02 21:06:09] [INFO] Downloading: https://raw.githubusercontent.com/ACL4SSR/ACL4SSR/refs/heads/master/Clash/LocalAreaNetwork.list
[2026-08-02 21:06:09] [INFO] Downloaded rule-provider LocalAreaNetwork -> ./public/rules/LocalAreaNetwork.yaml
[2026-08-02 21:06:09] [INFO] Updated rule-provider LocalAreaNetwork URL to https://cdn.honglin.ac.cn/statically/gh/flinhong/configs/public/rules/LocalAreaNetwork.yaml
[2026-08-02 21:06:09] [INFO] Downloading: https://raw.githubusercontent.com/ACL4SSR/ACL4SSR/refs/heads/master/Clash/BanAD.list
[2026-08-02 21:06:09] [INFO] Downloaded rule-provider BanAD -> ./public/rules/BanAD.yaml
[2026-08-02 21:06:09] [INFO] Updated rule-provider BanAD URL to https://cdn.honglin.ac.cn/statically/gh/flinhong/configs/public/rules/BanAD.yaml
[2026-08-02 21:06:09] [INFO] Downloading: https://raw.githubusercontent.com/ACL4SSR/ACL4SSR/refs/heads/master/Clash/BanProgramAD.list
[2026-08-02 21:06:09] [INFO] Downloaded rule-provider BanProgramAD -> ./public/rules/BanProgramAD.yaml
[2026-08-02 21:06:09] [INFO] Updated rule-provider BanProgramAD URL to https://cdn.honglin.ac.cn/statically/gh/flinhong/configs/public/rules/BanProgramAD.yaml
[2026-08-02 21:06:09] [INFO] Downloading: https://raw.githubusercontent.com/ACL4SSR/ACL4SSR/refs/heads/master/Clash/BanEasyList.list
[2026-08-02 21:06:10] [INFO] Downloaded rule-provider BanEasyList -> ./public/rules/BanEasyList.yaml
[2026-08-02 21:06:10] [INFO] Updated rule-provider BanEasyList URL to https://cdn.honglin.ac.cn/statically/gh/flinhong/configs/public/rules/BanEasyList.yaml
[2026-08-02 21:06:10] [INFO] Downloading: https://raw.githubusercontent.com/ACL4SSR/ACL4SSR/refs/heads/master/Clash/BanEasyListChina.list
[2026-08-02 21:06:10] [INFO] Downloaded rule-provider BanEasyListChina -> ./public/rules/BanEasyListChina.yaml
[2026-08-02 21:06:10] [INFO] Updated rule-provider BanEasyListChina URL to https://cdn.honglin.ac.cn/statically/gh/flinhong/configs/public/rules/BanEasyListChina.yaml
[2026-08-02 21:06:10] [INFO] Downloading: https://raw.githubusercontent.com/ACL4SSR/ACL4SSR/refs/heads/master/Clash/BanEasyPrivacy.list
[2026-08-02 21:06:10] [INFO] Downloaded rule-provider BanEasyPrivacy -> ./public/rules/BanEasyPrivacy.yaml
[2026-08-02 21:06:10] [INFO] Updated rule-provider BanEasyPrivacy URL to https://cdn.honglin.ac.cn/statically/gh/flinhong/configs/public/rules/BanEasyPrivacy.yaml
[2026-08-02 21:06:10] [INFO] Downloading: https://raw.githubusercontent.com/ACL4SSR/ACL4SSR/refs/heads/master/Clash/GoogleCN.list
[2026-08-02 21:06:10] [INFO] Downloaded rule-provider GoogleCN -> ./public/rules/GoogleCN.yaml
[2026-08-02 21:06:10] [INFO] Updated rule-provider GoogleCN URL to https://cdn.honglin.ac.cn/statically/gh/flinhong/configs/public/rules/GoogleCN.yaml
[2026-08-02 21:06:10] [INFO] Downloading: https://raw.githubusercontent.com/ACL4SSR/ACL4SSR/refs/heads/master/Clash/Ruleset/SteamCN.list
[2026-08-02 21:06:10] [INFO] Downloaded rule-provider SteamCN -> ./public/rules/SteamCN.yaml
[2026-08-02 21:06:10] [INFO] Updated rule-provider SteamCN URL to https://cdn.honglin.ac.cn/statically/gh/flinhong/configs/public/rules/SteamCN.yaml
[2026-08-02 21:06:10] [INFO] Downloading: https://raw.githubusercontent.com/ACL4SSR/ACL4SSR/refs/heads/master/Clash/Microsoft.list
[2026-08-02 21:06:11] [INFO] Downloaded rule-provider Microsoft -> ./public/rules/Microsoft.yaml
[2026-08-02 21:06:11] [INFO] Updated rule-provider Microsoft URL to https://cdn.honglin.ac.cn/statically/gh/flinhong/configs/public/rules/Microsoft.yaml
[2026-08-02 21:06:11] [INFO] Downloading: https://raw.githubusercontent.com/ACL4SSR/ACL4SSR/refs/heads/master/Clash/Apple.list
[2026-08-02 21:06:11] [INFO] Downloaded rule-provider Apple -> ./public/rules/Apple.yaml
[2026-08-02 21:06:11] [INFO] Updated rule-provider Apple URL to https://cdn.honglin.ac.cn/statically/gh/flinhong/configs/public/rules/Apple.yaml
[2026-08-02 21:06:11] [INFO] Downloading: https://raw.githubusercontent.com/ACL4SSR/ACL4SSR/refs/heads/master/Clash/ProxyMedia.list
[2026-08-02 21:06:11] [INFO] Downloaded rule-provider ProxyMedia -> ./public/rules/ProxyMedia.yaml
[2026-08-02 21:06:11] [INFO] Updated rule-provider ProxyMedia URL to https://cdn.honglin.ac.cn/statically/gh/flinhong/configs/public/rules/ProxyMedia.yaml
[2026-08-02 21:06:11] [INFO] Downloading: https://raw.githubusercontent.com/ACL4SSR/ACL4SSR/refs/heads/master/Clash/Telegram.list
[2026-08-02 21:06:11] [INFO] Downloaded rule-provider Telegram -> ./public/rules/Telegram.yaml
[2026-08-02 21:06:11] [INFO] Updated rule-provider Telegram URL to https://cdn.honglin.ac.cn/statically/gh/flinhong/configs/public/rules/Telegram.yaml
[2026-08-02 21:06:11] [INFO] Downloading: https://raw.githubusercontent.com/ACL4SSR/ACL4SSR/refs/heads/master/Clash/ProxyLite.list
[2026-08-02 21:06:11] [INFO] Downloaded rule-provider ProxyLite -> ./public/rules/ProxyLite.yaml
[2026-08-02 21:06:11] [INFO] Updated rule-provider ProxyLite URL to https://cdn.honglin.ac.cn/statically/gh/flinhong/configs/public/rules/ProxyLite.yaml
[2026-08-02 21:06:11] [INFO] Downloading: https://raw.githubusercontent.com/ACL4SSR/ACL4SSR/refs/heads/master/Clash/ChinaDomain.list
[2026-08-02 21:06:11] [INFO] Downloaded rule-provider ChinaDomain -> ./public/rules/ChinaDomain.yaml
[2026-08-02 21:06:11] [INFO] Updated rule-provider ChinaDomain URL to https://cdn.honglin.ac.cn/statically/gh/flinhong/configs/public/rules/ChinaDomain.yaml
[2026-08-02 21:06:11] [INFO] Downloading: https://raw.githubusercontent.com/ACL4SSR/ACL4SSR/refs/heads/master/Clash/ChinaCompanyIp.list
[2026-08-02 21:06:11] [INFO] Downloaded rule-provider ChinaCompanyIp -> ./public/rules/ChinaCompanyIp.yaml
[2026-08-02 21:06:11] [INFO] Updated rule-provider ChinaCompanyIp URL to https://cdn.honglin.ac.cn/statically/gh/flinhong/configs/public/rules/ChinaCompanyIp.yaml
[2026-08-02 21:06:11] [INFO] Fetching extra proxies...
[2026-08-02 21:06:12] [INFO] All date-based sources have today's file available, using today
[2026-08-02 21:06:12] [INFO] Downloading: https://raw.githubusercontent.com/zhangkaiitugithub/passcro/main/speednodes.yaml
[2026-08-02 21:06:12] [INFO] Downloading: https://raw.githubusercontent.com/peasoft/NoMoreWalls/master/list.yml
[2026-08-02 21:06:12] [INFO] Downloading: https://raw.githubusercontent.com/mahdibland/SSAggregator/master/sub/sub_merge_yaml.yml
[2026-08-02 21:06:12] [INFO] Downloading: https://raw.githubusercontent.com/ts-sf/fly/main/clash
[2026-08-02 21:06:13] [WARNING] Filtered proxy CZ_speednode_0013: reality-opts short-id '' missing or invalid
[2026-08-02 21:06:13] [WARNING] Filtered proxy CZ_speednode_0014: reality-opts short-id '' missing or invalid
[2026-08-02 21:06:13] [WARNING] Filtered proxy CZ_speednode_0015: reality-opts short-id '' missing or invalid
[2026-08-02 21:06:13] [WARNING] Filtered proxy DK_speednode_0023: reality-opts short-id '' missing or invalid
[2026-08-02 21:06:13] [WARNING] Filtered proxy US_speednode_0275: reality-opts short-id '' missing or invalid
[2026-08-02 21:06:13] [WARNING] Filtered proxy US_speednode_0278: reality-opts short-id '' missing or invalid
[2026-08-02 21:06:13] [WARNING] Filtered proxy US_speednode_0279: reality-opts short-id '' missing or invalid
[2026-08-02 21:06:13] [WARNING] Filtered proxy US_speednode_0280: reality-opts short-id '' missing or invalid
[2026-08-02 21:06:13] [WARNING] Filtered proxy US_speednode_0281: reality-opts short-id '' missing or invalid
[2026-08-02 21:06:13] [WARNING] Filtered proxy US_speednode_0282: reality-opts short-id '' missing or invalid
[2026-08-02 21:06:13] [WARNING] Filtered proxy US_speednode_0283: reality-opts short-id '' missing or invalid
[2026-08-02 21:06:13] [WARNING] Filtered proxy US_speednode_0286: reality-opts short-id '' missing or invalid
[2026-08-02 21:06:13] [WARNING] Filtered proxy US_speednode_0289: reality-opts short-id '' missing or invalid
[2026-08-02 21:06:13] [WARNING] Filtered proxy US_speednode_0312: reality-opts short-id '' missing or invalid
[2026-08-02 21:06:15] [INFO] Fetched 3412 unique proxies for Load Balancer.
[2026-08-02 21:06:15] [INFO] Downloading: https://node.nodefree.me/2026/08/20260802.yaml
[2026-08-02 21:06:15] [INFO] Downloading: https://raw.githubusercontent.com/Ruk1ng001/freeSub/main/clash.yaml
[2026-08-02 21:06:15] [INFO] Downloading: https://static.v2rayshare.net/2026/08/20260802.yaml
[2026-08-02 21:06:15] [INFO] Downloading: https://tt.vg/freeclash
[2026-08-02 21:06:15] [INFO] Downloading: https://raw.githubusercontent.com/free18/v2ray/main/c.yaml
[2026-08-02 21:06:15] [WARNING] Filtered proxy 🔴🇳🇱[🎬🤖📺🎭]_github.com/Ruk1ng001_b73625d3: reality-opts short-id '' missing or invalid
[2026-08-02 21:06:15] [WARNING] Filtered proxy ⚪🏳️[✈️🔍]_github.com/Ruk1ng001_6501f8a3: reality-opts short-id '' missing or invalid
[2026-08-02 21:06:15] [WARNING] Filtered proxy 🟠🇳🇱_github.com/Ruk1ng001_6cce1f12: reality-opts short-id '' missing or invalid
[2026-08-02 21:06:15] [WARNING] Filtered proxy ⚪🏳️[🤖📺🎭🎪]_github.com/Ruk1ng001_09a70f00: reality-opts short-id '' missing or invalid
[2026-08-02 21:06:15] [WARNING] Filtered proxy 🟠🇳🇱[🎬🤖📺🎭]_github.com/Ruk1ng001_4bb3b65b: reality-opts short-id '' missing or invalid
[2026-08-02 21:06:15] [WARNING] Filtered proxy ⚪🏳️[🎬🤖📺🎭]_github.com/Ruk1ng001_e2dcb806: reality-opts short-id '' missing or invalid
[2026-08-02 21:06:15] [WARNING] Filtered proxy 🔴🇳🇱[🎬🤖📺🎭]_github.com/Ruk1ng001_37dc5602: reality-opts short-id '' missing or invalid
[2026-08-02 21:06:15] [WARNING] Filtered proxy 🟠🇭🇺[🎬🤖📺🎭]_github.com/Ruk1ng001_22c09211: reality-opts short-id '' missing or invalid
[2026-08-02 21:06:15] [WARNING] Filtered proxy 🇩🇪_DE_德国_2: reality-opts short-id '' missing or invalid
[2026-08-02 21:06:15] [WARNING] Filtered proxy 🇺🇸_US_美国: reality-opts short-id '' missing or invalid
[2026-08-02 21:06:15] [WARNING] Filtered proxy 每天更新，请加电报群防止失联: reality-opts short-id '' missing or invalid
[2026-08-02 21:06:15] [WARNING] Filtered proxy 电报群：https://t.me/vvkj11: reality-opts short-id '' missing or invalid
[2026-08-02 21:06:15] [WARNING] Filtered proxy 免费VPN：https://tt.vg/FJOE2Mm: reality-opts short-id '' missing or invalid
[2026-08-02 21:06:15] [WARNING] Filtered proxy 🇺🇸_美国_5: reality-opts short-id '' missing or invalid
[2026-08-02 21:06:15] [WARNING] Filtered proxy 🇭🇺_匈牙利_13: reality-opts short-id '' missing or invalid
[2026-08-02 21:06:15] [WARNING] Filtered proxy 🇩🇪_德国_28: reality-opts short-id '' missing or invalid
[2026-08-02 21:06:15] [WARNING] Filtered proxy 🇳🇱_荷兰_30: reality-opts short-id '' missing or invalid
[2026-08-02 21:06:15] [WARNING] Filtered proxy 🇸🇪_瑞典_32: reality-opts short-id '' missing or invalid
[2026-08-02 21:06:15] [WARNING] Filtered proxy 🇩🇪_德国_35: reality-opts short-id '' missing or invalid
[2026-08-02 21:06:15] [WARNING] Filtered proxy 🇳🇱_荷兰_42: reality-opts short-id '' missing or invalid
[2026-08-02 21:06:15] [WARNING] Filtered proxy 🇵🇱_波兰_51: reality-opts short-id '' missing or invalid
[2026-08-02 21:06:15] [WARNING] Filtered proxy 🇵🇱_波兰_53: reality-opts short-id '' missing or invalid
[2026-08-02 21:06:15] [WARNING] Filtered proxy 🇳🇱_荷兰_54: reality-opts short-id '' missing or invalid
[2026-08-02 21:06:15] [WARNING] Filtered proxy 🇳🇱_荷兰_57: reality-opts short-id '' missing or invalid
[2026-08-02 21:06:15] [WARNING] Filtered proxy 🇺🇸_美国_80: reality-opts short-id '' missing or invalid
[2026-08-02 21:06:15] [WARNING] Filtered proxy 🇺🇸_美国_81: reality-opts short-id '' missing or invalid
[2026-08-02 21:06:15] [WARNING] Filtered proxy 🇺🇸_美国_82: reality-opts short-id '' missing or invalid
[2026-08-02 21:06:15] [WARNING] Filtered proxy 🇺🇸_美国_83: reality-opts short-id '' missing or invalid
[2026-08-02 21:06:15] [WARNING] Filtered proxy 🇺🇸_美国_84: reality-opts short-id '' missing or invalid
[2026-08-02 21:06:15] [WARNING] Filtered proxy 🇺🇸_美国_88: reality-opts short-id '' missing or invalid
[2026-08-02 21:06:15] [WARNING] Filtered proxy 🇺🇸_美国_90: reality-opts short-id '' missing or invalid
[2026-08-02 21:06:15] [WARNING] Filtered proxy 🇺🇸_美国_98: reality-opts short-id '' missing or invalid
[2026-08-02 21:06:15] [WARNING] Filtered proxy 🇩🇪_DE_德国_2: reality-opts short-id '' missing or invalid
[2026-08-02 21:06:15] [WARNING] Filtered proxy 🇺🇸_US_美国: reality-opts short-id '' missing or invalid
[2026-08-02 21:06:15] [INFO] Fetched 234 unique proxies for Auto Select.
[2026-08-02 21:06:15] [WARNING] Filtered proxy 🇩🇪_DE_德国_2: reality-opts short-id '' missing or invalid
[2026-08-02 21:06:15] [WARNING] Filtered proxy 🇺🇸_US_美国: reality-opts short-id '' missing or invalid
[2026-08-02 21:06:15] [INFO] Filtered original proxies: 28 remaining
[2026-08-02 21:06:16] [INFO] Successfully wrote config to ./public/subscribe/clash.yml
[2026-08-03 10:08:58] [INFO] Downloading: https://www.ermao.net/sub/clash/ermao.net
[2026-08-03 10:08:59] [INFO] Main subscription fetched and parsed.
[2026-08-03 10:08:59] [INFO] Downloading rule-providers...
[2026-08-03 10:08:59] [INFO] Downloading: https://raw.githubusercontent.com/ACL4SSR/ACL4SSR/refs/heads/master/Clash/LocalAreaNetwork.list
[2026-08-03 10:08:59] [INFO] Downloaded rule-provider LocalAreaNetwork -> ./public/rules/LocalAreaNetwork.yaml
[2026-08-03 10:08:59] [INFO] Updated rule-provider LocalAreaNetwork URL to https://cdn.honglin.ac.cn/statically/gh/flinhong/configs/public/rules/LocalAreaNetwork.yaml
[2026-08-03 10:08:59] [INFO] Downloading: https://raw.githubusercontent.com/ACL4SSR/ACL4SSR/refs/heads/master/Clash/BanAD.list
[2026-08-03 10:08:59] [INFO] Downloaded rule-provider BanAD -> ./public/rules/BanAD.yaml
[2026-08-03 10:08:59] [INFO] Updated rule-provider BanAD URL to https://cdn.honglin.ac.cn/statically/gh/flinhong/configs/public/rules/BanAD.yaml
[2026-08-03 10:08:59] [INFO] Downloading: https://raw.githubusercontent.com/ACL4SSR/ACL4SSR/refs/heads/master/Clash/BanProgramAD.list
[2026-08-03 10:08:59] [INFO] Downloaded rule-provider BanProgramAD -> ./public/rules/BanProgramAD.yaml
[2026-08-03 10:08:59] [INFO] Updated rule-provider BanProgramAD URL to https://cdn.honglin.ac.cn/statically/gh/flinhong/configs/public/rules/BanProgramAD.yaml
[2026-08-03 10:08:59] [INFO] Downloading: https://raw.githubusercontent.com/ACL4SSR/ACL4SSR/refs/heads/master/Clash/BanEasyList.list
[2026-08-03 10:09:00] [INFO] Downloaded rule-provider BanEasyList -> ./public/rules/BanEasyList.yaml
[2026-08-03 10:09:00] [INFO] Updated rule-provider BanEasyList URL to https://cdn.honglin.ac.cn/statically/gh/flinhong/configs/public/rules/BanEasyList.yaml
[2026-08-03 10:09:00] [INFO] Downloading: https://raw.githubusercontent.com/ACL4SSR/ACL4SSR/refs/heads/master/Clash/BanEasyListChina.list
[2026-08-03 10:09:00] [INFO] Downloaded rule-provider BanEasyListChina -> ./public/rules/BanEasyListChina.yaml
[2026-08-03 10:09:00] [INFO] Updated rule-provider BanEasyListChina URL to https://cdn.honglin.ac.cn/statically/gh/flinhong/configs/public/rules/BanEasyListChina.yaml
[2026-08-03 10:09:00] [INFO] Downloading: https://raw.githubusercontent.com/ACL4SSR/ACL4SSR/refs/heads/master/Clash/BanEasyPrivacy.list
[2026-08-03 10:09:01] [INFO] Downloaded rule-provider BanEasyPrivacy -> ./public/rules/BanEasyPrivacy.yaml
[2026-08-03 10:09:01] [INFO] Updated rule-provider BanEasyPrivacy URL to https://cdn.honglin.ac.cn/statically/gh/flinhong/configs/public/rules/BanEasyPrivacy.yaml
[2026-08-03 10:09:01] [INFO] Downloading: https://raw.githubusercontent.com/ACL4SSR/ACL4SSR/refs/heads/master/Clash/GoogleCN.list
[2026-08-03 10:09:01] [INFO] Downloaded rule-provider GoogleCN -> ./public/rules/GoogleCN.yaml
[2026-08-03 10:09:01] [INFO] Updated rule-provider GoogleCN URL to https://cdn.honglin.ac.cn/statically/gh/flinhong/configs/public/rules/GoogleCN.yaml
[2026-08-03 10:09:01] [INFO] Downloading: https://raw.githubusercontent.com/ACL4SSR/ACL4SSR/refs/heads/master/Clash/Ruleset/SteamCN.list
[2026-08-03 10:09:01] [INFO] Downloaded rule-provider SteamCN -> ./public/rules/SteamCN.yaml
[2026-08-03 10:09:01] [INFO] Updated rule-provider SteamCN URL to https://cdn.honglin.ac.cn/statically/gh/flinhong/configs/public/rules/SteamCN.yaml
[2026-08-03 10:09:01] [INFO] Downloading: https://raw.githubusercontent.com/ACL4SSR/ACL4SSR/refs/heads/master/Clash/Microsoft.list
[2026-08-03 10:09:01] [INFO] Downloaded rule-provider Microsoft -> ./public/rules/Microsoft.yaml
[2026-08-03 10:09:01] [INFO] Updated rule-provider Microsoft URL to https://cdn.honglin.ac.cn/statically/gh/flinhong/configs/public/rules/Microsoft.yaml
[2026-08-03 10:09:01] [INFO] Downloading: https://raw.githubusercontent.com/ACL4SSR/ACL4SSR/refs/heads/master/Clash/Apple.list
[2026-08-03 10:09:02] [INFO] Downloaded rule-provider Apple -> ./public/rules/Apple.yaml
[2026-08-03 10:09:02] [INFO] Updated rule-provider Apple URL to https://cdn.honglin.ac.cn/statically/gh/flinhong/configs/public/rules/Apple.yaml
[2026-08-03 10:09:02] [INFO] Downloading: https://raw.githubusercontent.com/ACL4SSR/ACL4SSR/refs/heads/master/Clash/ProxyMedia.list
[2026-08-03 10:09:02] [INFO] Downloaded rule-provider ProxyMedia -> ./public/rules/ProxyMedia.yaml
[2026-08-03 10:09:02] [INFO] Updated rule-provider ProxyMedia URL to https://cdn.honglin.ac.cn/statically/gh/flinhong/configs/public/rules/ProxyMedia.yaml
[2026-08-03 10:09:02] [INFO] Downloading: https://raw.githubusercontent.com/ACL4SSR/ACL4SSR/refs/heads/master/Clash/Telegram.list
[2026-08-03 10:09:02] [INFO] Downloaded rule-provider Telegram -> ./public/rules/Telegram.yaml
[2026-08-03 10:09:02] [INFO] Updated rule-provider Telegram URL to https://cdn.honglin.ac.cn/statically/gh/flinhong/configs/public/rules/Telegram.yaml
[2026-08-03 10:09:02] [INFO] Downloading: https://raw.githubusercontent.com/ACL4SSR/ACL4SSR/refs/heads/master/Clash/ProxyLite.list
[2026-08-03 10:09:02] [INFO] Downloaded rule-provider ProxyLite -> ./public/rules/ProxyLite.yaml
[2026-08-03 10:09:02] [INFO] Updated rule-provider ProxyLite URL to https://cdn.honglin.ac.cn/statically/gh/flinhong/configs/public/rules/ProxyLite.yaml
[2026-08-03 10:09:02] [INFO] Downloading: https://raw.githubusercontent.com/ACL4SSR/ACL4SSR/refs/heads/master/Clash/ChinaDomain.list
[2026-08-03 10:09:02] [INFO] Downloaded rule-provider ChinaDomain -> ./public/rules/ChinaDomain.yaml
[2026-08-03 10:09:02] [INFO] Updated rule-provider ChinaDomain URL to https://cdn.honglin.ac.cn/statically/gh/flinhong/configs/public/rules/ChinaDomain.yaml
[2026-08-03 10:09:02] [INFO] Downloading: https://raw.githubusercontent.com/ACL4SSR/ACL4SSR/refs/heads/master/Clash/ChinaCompanyIp.list
[2026-08-03 10:09:02] [INFO] Downloaded rule-provider ChinaCompanyIp -> ./public/rules/ChinaCompanyIp.yaml
[2026-08-03 10:09:02] [INFO] Updated rule-provider ChinaCompanyIp URL to https://cdn.honglin.ac.cn/statically/gh/flinhong/configs/public/rules/ChinaCompanyIp.yaml
[2026-08-03 10:09:02] [INFO] Fetching extra proxies...
[2026-08-03 10:09:03] [INFO] All date-based sources have today's file available, using today
[2026-08-03 10:09:03] [INFO] Downloading: https://raw.githubusercontent.com/zhangkaiitugithub/passcro/main/speednodes.yaml
[2026-08-03 10:09:03] [INFO] Downloading: https://raw.githubusercontent.com/peasoft/NoMoreWalls/master/list.yml
[2026-08-03 10:09:03] [INFO] Downloading: https://raw.githubusercontent.com/mahdibland/SSAggregator/master/sub/sub_merge_yaml.yml
[2026-08-03 10:09:03] [INFO] Downloading: https://raw.githubusercontent.com/ts-sf/fly/main/clash
[2026-08-03 10:09:03] [WARNING] Filtered proxy CZ_speednode_0013: reality-opts short-id '' missing or invalid
[2026-08-03 10:09:03] [WARNING] Filtered proxy CZ_speednode_0014: reality-opts short-id '' missing or invalid
[2026-08-03 10:09:03] [WARNING] Filtered proxy CZ_speednode_0015: reality-opts short-id '' missing or invalid
[2026-08-03 10:09:03] [WARNING] Filtered proxy DK_speednode_0023: reality-opts short-id '' missing or invalid
[2026-08-03 10:09:03] [WARNING] Filtered proxy US_speednode_0275: reality-opts short-id '' missing or invalid
[2026-08-03 10:09:03] [WARNING] Filtered proxy US_speednode_0278: reality-opts short-id '' missing or invalid
[2026-08-03 10:09:03] [WARNING] Filtered proxy US_speednode_0279: reality-opts short-id '' missing or invalid
[2026-08-03 10:09:03] [WARNING] Filtered proxy US_speednode_0280: reality-opts short-id '' missing or invalid
[2026-08-03 10:09:03] [WARNING] Filtered proxy US_speednode_0281: reality-opts short-id '' missing or invalid
[2026-08-03 10:09:03] [WARNING] Filtered proxy US_speednode_0282: reality-opts short-id '' missing or invalid
[2026-08-03 10:09:03] [WARNING] Filtered proxy US_speednode_0283: reality-opts short-id '' missing or invalid
[2026-08-03 10:09:03] [WARNING] Filtered proxy US_speednode_0286: reality-opts short-id '' missing or invalid
[2026-08-03 10:09:03] [WARNING] Filtered proxy US_speednode_0289: reality-opts short-id '' missing or invalid
[2026-08-03 10:09:03] [WARNING] Filtered proxy US_speednode_0312: reality-opts short-id '' missing or invalid
[2026-08-03 10:09:07] [INFO] Fetched 3401 unique proxies for Load Balancer.
[2026-08-03 10:09:07] [INFO] Downloading: https://node.nodefree.me/2026/08/20260803.yaml
[2026-08-03 10:09:07] [INFO] Downloading: https://static.v2rayshare.net/2026/08/20260803.yaml
[2026-08-03 10:09:07] [INFO] Downloading: https://tt.vg/freeclash
[2026-08-03 10:09:07] [INFO] Downloading: https://raw.githubusercontent.com/Ruk1ng001/freeSub/main/clash.yaml
[2026-08-03 10:09:07] [INFO] Downloading: https://raw.githubusercontent.com/free18/v2ray/main/c.yaml
[2026-08-03 10:09:07] [WARNING] Filtered proxy 🟠🇷🇺[📺🎪]_github.com/Ruk1ng001_df576a48: reality-opts short-id '' missing or invalid
[2026-08-03 10:09:07] [WARNING] Filtered proxy 🟠🇷🇺[🧠📺📦🔍]_github.com/Ruk1ng001_58929882: reality-opts short-id '' missing or invalid
[2026-08-03 10:09:07] [WARNING] Filtered proxy 🟢🇸🇨[🎬🤖📺🎭]_github.com/Ruk1ng001_5a74c74f: reality-opts short-id '' missing or invalid
[2026-08-03 10:09:07] [WARNING] Filtered proxy 🟢🇹🇼[🎬🤖📺🎭]_github.com/Ruk1ng001_705b8228: reality-opts short-id '' missing or invalid
[2026-08-03 10:09:07] [WARNING] Filtered proxy 🔴🇳🇱[🎬🤖📺🎭]_github.com/Ruk1ng001_1ffdbefa: reality-opts short-id '' missing or invalid
[2026-08-03 10:09:07] [WARNING] Filtered proxy 🟠🇳🇱[🎬🤖📺🎭]_github.com/Ruk1ng001_a430c6c9: reality-opts short-id '' missing or invalid
[2026-08-03 10:09:07] [WARNING] Filtered proxy 🔴🇸🇪[🎬🤖📺🎭]_github.com/Ruk1ng001_c6dc4576: reality-opts short-id '' missing or invalid
[2026-08-03 10:09:07] [WARNING] Filtered proxy 🟢🇷🇺[🤖📺🎭🎪]_github.com/Ruk1ng001_94815d79: reality-opts short-id '' missing or invalid
[2026-08-03 10:09:07] [WARNING] Filtered proxy 🔴🇮🇹[🎬🤖📺🎭]_github.com/Ruk1ng001_8c7a38dd: reality-opts short-id '' missing or invalid
[2026-08-03 10:09:07] [WARNING] Filtered proxy 🔴🇯🇵[🎬🤖📺🎭]_github.com/Ruk1ng001_1069cd88: reality-opts short-id '' missing or invalid
[2026-08-03 10:09:07] [WARNING] Filtered proxy ⚪🏳️[✨]_github.com/Ruk1ng001_ecf85a55: reality-opts short-id '' missing or invalid
[2026-08-03 10:09:07] [WARNING] Filtered proxy 🔴🇸🇪[🎬🤖📺🎭]_github.com/Ruk1ng001_2eb65c74: reality-opts short-id '' missing or invalid
[2026-08-03 10:09:07] [WARNING] Filtered proxy 🔴🇫🇮[🎬🤖📺🎭]_github.com/Ruk1ng001_50a03946: reality-opts short-id '' missing or invalid
[2026-08-03 10:09:07] [WARNING] Filtered proxy 🔴🇮🇱[🤖📺🎭🎪]_github.com/Ruk1ng001_20f710a8: reality-opts short-id '' missing or invalid
[2026-08-03 10:09:07] [WARNING] Filtered proxy 🔴🇹🇷[🎬🤖📺🎭]_github.com/Ruk1ng001_0d0d0eb2: reality-opts short-id '' missing or invalid
[2026-08-03 10:09:07] [WARNING] Filtered proxy 🟢🇺🇸[🎬🤖📺🎭]_github.com/Ruk1ng001_783a6874: reality-opts short-id '' missing or invalid
[2026-08-03 10:09:07] [WARNING] Filtered proxy 🔴🇺🇸[📺🎭🎪📦]_github.com/Ruk1ng001_bb8f7e4d: reality-opts short-id '' missing or invalid
[2026-08-03 10:09:07] [WARNING] Filtered proxy 每天更新，请加电报群防止失联: reality-opts short-id '' missing or invalid
[2026-08-03 10:09:07] [WARNING] Filtered proxy 电报群：https://t.me/vvkj11: reality-opts short-id '' missing or invalid
[2026-08-03 10:09:07] [WARNING] Filtered proxy 免费VPN：https://tt.vg/FJOE2Mm: reality-opts short-id '' missing or invalid
[2026-08-03 10:09:07] [WARNING] Filtered proxy 🇺🇸_美国_5: reality-opts short-id '' missing or invalid
[2026-08-03 10:09:07] [WARNING] Filtered proxy 🇭🇺_匈牙利_13: reality-opts short-id '' missing or invalid
[2026-08-03 10:09:07] [WARNING] Filtered proxy 🇩🇪_德国_28: reality-opts short-id '' missing or invalid
[2026-08-03 10:09:07] [WARNING] Filtered proxy 🇳🇱_荷兰_30: reality-opts short-id '' missing or invalid
[2026-08-03 10:09:07] [WARNING] Filtered proxy 🇸🇪_瑞典_32: reality-opts short-id '' missing or invalid
[2026-08-03 10:09:07] [WARNING] Filtered proxy 🇩🇪_德国_35: reality-opts short-id '' missing or invalid
[2026-08-03 10:09:07] [WARNING] Filtered proxy 🇳🇱_荷兰_42: reality-opts short-id '' missing or invalid
[2026-08-03 10:09:07] [WARNING] Filtered proxy 🇵🇱_波兰_51: reality-opts short-id '' missing or invalid
[2026-08-03 10:09:07] [WARNING] Filtered proxy 🇵🇱_波兰_53: reality-opts short-id '' missing or invalid
[2026-08-03 10:09:07] [WARNING] Filtered proxy 🇳🇱_荷兰_54: reality-opts short-id '' missing or invalid
[2026-08-03 10:09:07] [WARNING] Filtered proxy 🇳🇱_荷兰_57: reality-opts short-id '' missing or invalid
[2026-08-03 10:09:07] [WARNING] Filtered proxy 🇺🇸_美国_80: reality-opts short-id '' missing or invalid
[2026-08-03 10:09:07] [WARNING] Filtered proxy 🇺🇸_美国_81: reality-opts short-id '' missing or invalid
[2026-08-03 10:09:07] [WARNING] Filtered proxy 🇺🇸_美国_82: reality-opts short-id '' missing or invalid
[2026-08-03 10:09:07] [WARNING] Filtered proxy 🇺🇸_美国_83: reality-opts short-id '' missing or invalid
[2026-08-03 10:09:07] [WARNING] Filtered proxy 🇺🇸_美国_84: reality-opts short-id '' missing or invalid
[2026-08-03 10:09:07] [WARNING] Filtered proxy 🇺🇸_美国_88: reality-opts short-id '' missing or invalid
[2026-08-03 10:09:07] [WARNING] Filtered proxy 🇺🇸_美国_90: reality-opts short-id '' missing or invalid
[2026-08-03 10:09:07] [WARNING] Filtered proxy 🇺🇸_美国_98: reality-opts short-id '' missing or invalid
[2026-08-03 10:09:07] [WARNING] Filtered proxy 🇩🇪_DE_德国_2: reality-opts short-id '' missing or invalid
[2026-08-03 10:09:07] [WARNING] Filtered proxy 🇺🇸_US_美国: reality-opts short-id '' missing or invalid
[2026-08-03 10:09:07] [WARNING] Filtered proxy 🇩🇪_DE_德国_2: reality-opts short-id '' missing or invalid
[2026-08-03 10:09:07] [WARNING] Filtered proxy 🇺🇸_US_美国: reality-opts short-id '' missing or invalid
[2026-08-03 10:09:07] [INFO] Fetched 228 unique proxies for Auto Select.
[2026-08-03 10:09:07] [WARNING] Filtered proxy 🇺🇸_US_美国: reality-opts short-id '' missing or invalid
[2026-08-03 10:09:07] [WARNING] Filtered proxy 🇺🇸_US_美国_2: reality-opts short-id '' missing or invalid
[2026-08-03 10:09:07] [WARNING] Filtered proxy 🇺🇸_US_美国_3: reality-opts short-id '' missing or invalid
[2026-08-03 10:09:07] [INFO] Filtered original proxies: 17 remaining
[2026-08-03 10:09:09] [INFO] Successfully wrote config to ./public/subscribe/clash.yml
[2026-08-03 22:24:10] [INFO] Downloading: https://www.ermao.net/sub/clash/ermao.net
[2026-08-03 22:24:11] [INFO] Main subscription fetched and parsed.
[2026-08-03 22:24:11] [INFO] Downloading rule-providers...
[2026-08-03 22:24:11] [INFO] Downloading: https://raw.githubusercontent.com/ACL4SSR/ACL4SSR/refs/heads/master/Clash/LocalAreaNetwork.list
[2026-08-03 22:24:11] [INFO] Downloaded rule-provider LocalAreaNetwork -> ./public/rules/LocalAreaNetwork.yaml
[2026-08-03 22:24:11] [INFO] Updated rule-provider LocalAreaNetwork URL to https://cdn.honglin.ac.cn/statically/gh/flinhong/configs/public/rules/LocalAreaNetwork.yaml
[2026-08-03 22:24:11] [INFO] Downloading: https://raw.githubusercontent.com/ACL4SSR/ACL4SSR/refs/heads/master/Clash/BanAD.list
[2026-08-03 22:24:11] [INFO] Downloaded rule-provider BanAD -> ./public/rules/BanAD.yaml
[2026-08-03 22:24:11] [INFO] Updated rule-provider BanAD URL to https://cdn.honglin.ac.cn/statically/gh/flinhong/configs/public/rules/BanAD.yaml
[2026-08-03 22:24:11] [INFO] Downloading: https://raw.githubusercontent.com/ACL4SSR/ACL4SSR/refs/heads/master/Clash/BanProgramAD.list
[2026-08-03 22:24:11] [INFO] Downloaded rule-provider BanProgramAD -> ./public/rules/BanProgramAD.yaml
[2026-08-03 22:24:11] [INFO] Updated rule-provider BanProgramAD URL to https://cdn.honglin.ac.cn/statically/gh/flinhong/configs/public/rules/BanProgramAD.yaml
[2026-08-03 22:24:11] [INFO] Downloading: https://raw.githubusercontent.com/ACL4SSR/ACL4SSR/refs/heads/master/Clash/BanEasyList.list
[2026-08-03 22:24:12] [INFO] Downloaded rule-provider BanEasyList -> ./public/rules/BanEasyList.yaml
[2026-08-03 22:24:12] [INFO] Updated rule-provider BanEasyList URL to https://cdn.honglin.ac.cn/statically/gh/flinhong/configs/public/rules/BanEasyList.yaml
[2026-08-03 22:24:12] [INFO] Downloading: https://raw.githubusercontent.com/ACL4SSR/ACL4SSR/refs/heads/master/Clash/BanEasyListChina.list
[2026-08-03 22:24:12] [INFO] Downloaded rule-provider BanEasyListChina -> ./public/rules/BanEasyListChina.yaml
[2026-08-03 22:24:12] [INFO] Updated rule-provider BanEasyListChina URL to https://cdn.honglin.ac.cn/statically/gh/flinhong/configs/public/rules/BanEasyListChina.yaml
[2026-08-03 22:24:12] [INFO] Downloading: https://raw.githubusercontent.com/ACL4SSR/ACL4SSR/refs/heads/master/Clash/BanEasyPrivacy.list
[2026-08-03 22:24:12] [INFO] Downloaded rule-provider BanEasyPrivacy -> ./public/rules/BanEasyPrivacy.yaml
[2026-08-03 22:24:12] [INFO] Updated rule-provider BanEasyPrivacy URL to https://cdn.honglin.ac.cn/statically/gh/flinhong/configs/public/rules/BanEasyPrivacy.yaml
[2026-08-03 22:24:12] [INFO] Downloading: https://raw.githubusercontent.com/ACL4SSR/ACL4SSR/refs/heads/master/Clash/GoogleCN.list
[2026-08-03 22:24:12] [INFO] Downloaded rule-provider GoogleCN -> ./public/rules/GoogleCN.yaml
[2026-08-03 22:24:12] [INFO] Updated rule-provider GoogleCN URL to https://cdn.honglin.ac.cn/statically/gh/flinhong/configs/public/rules/GoogleCN.yaml
[2026-08-03 22:24:12] [INFO] Downloading: https://raw.githubusercontent.com/ACL4SSR/ACL4SSR/refs/heads/master/Clash/Ruleset/SteamCN.list
[2026-08-03 22:24:12] [INFO] Downloaded rule-provider SteamCN -> ./public/rules/SteamCN.yaml
[2026-08-03 22:24:12] [INFO] Updated rule-provider SteamCN URL to https://cdn.honglin.ac.cn/statically/gh/flinhong/configs/public/rules/SteamCN.yaml
[2026-08-03 22:24:12] [INFO] Downloading: https://raw.githubusercontent.com/ACL4SSR/ACL4SSR/refs/heads/master/Clash/Microsoft.list
[2026-08-03 22:24:13] [INFO] Downloaded rule-provider Microsoft -> ./public/rules/Microsoft.yaml
[2026-08-03 22:24:13] [INFO] Updated rule-provider Microsoft URL to https://cdn.honglin.ac.cn/statically/gh/flinhong/configs/public/rules/Microsoft.yaml
[2026-08-03 22:24:13] [INFO] Downloading: https://raw.githubusercontent.com/ACL4SSR/ACL4SSR/refs/heads/master/Clash/Apple.list
[2026-08-03 22:24:13] [INFO] Downloaded rule-provider Apple -> ./public/rules/Apple.yaml
[2026-08-03 22:24:13] [INFO] Updated rule-provider Apple URL to https://cdn.honglin.ac.cn/statically/gh/flinhong/configs/public/rules/Apple.yaml
[2026-08-03 22:24:13] [INFO] Downloading: https://raw.githubusercontent.com/ACL4SSR/ACL4SSR/refs/heads/master/Clash/ProxyMedia.list
[2026-08-03 22:24:13] [INFO] Downloaded rule-provider ProxyMedia -> ./public/rules/ProxyMedia.yaml
[2026-08-03 22:24:13] [INFO] Updated rule-provider ProxyMedia URL to https://cdn.honglin.ac.cn/statically/gh/flinhong/configs/public/rules/ProxyMedia.yaml
[2026-08-03 22:24:13] [INFO] Downloading: https://raw.githubusercontent.com/ACL4SSR/ACL4SSR/refs/heads/master/Clash/Telegram.list
[2026-08-03 22:24:13] [INFO] Downloaded rule-provider Telegram -> ./public/rules/Telegram.yaml
[2026-08-03 22:24:13] [INFO] Updated rule-provider Telegram URL to https://cdn.honglin.ac.cn/statically/gh/flinhong/configs/public/rules/Telegram.yaml
[2026-08-03 22:24:13] [INFO] Downloading: https://raw.githubusercontent.com/ACL4SSR/ACL4SSR/refs/heads/master/Clash/ProxyLite.list
[2026-08-03 22:24:13] [INFO] Downloaded rule-provider ProxyLite -> ./public/rules/ProxyLite.yaml
[2026-08-03 22:24:13] [INFO] Updated rule-provider ProxyLite URL to https://cdn.honglin.ac.cn/statically/gh/flinhong/configs/public/rules/ProxyLite.yaml
[2026-08-03 22:24:13] [INFO] Downloading: https://raw.githubusercontent.com/ACL4SSR/ACL4SSR/refs/heads/master/Clash/ChinaDomain.list
[2026-08-03 22:24:13] [INFO] Downloaded rule-provider ChinaDomain -> ./public/rules/ChinaDomain.yaml
[2026-08-03 22:24:13] [INFO] Updated rule-provider ChinaDomain URL to https://cdn.honglin.ac.cn/statically/gh/flinhong/configs/public/rules/ChinaDomain.yaml
[2026-08-03 22:24:13] [INFO] Downloading: https://raw.githubusercontent.com/ACL4SSR/ACL4SSR/refs/heads/master/Clash/ChinaCompanyIp.list
[2026-08-03 22:24:13] [INFO] Downloaded rule-provider ChinaCompanyIp -> ./public/rules/ChinaCompanyIp.yaml
[2026-08-03 22:24:13] [INFO] Updated rule-provider ChinaCompanyIp URL to https://cdn.honglin.ac.cn/statically/gh/flinhong/configs/public/rules/ChinaCompanyIp.yaml
[2026-08-03 22:24:13] [INFO] Fetching extra proxies...
[2026-08-03 22:24:14] [INFO] All date-based sources have today's file available, using today
[2026-08-03 22:24:14] [INFO] Downloading: https://raw.githubusercontent.com/zhangkaiitugithub/passcro/main/speednodes.yaml
[2026-08-03 22:24:14] [INFO] Downloading: https://raw.githubusercontent.com/peasoft/NoMoreWalls/master/list.yml
[2026-08-03 22:24:14] [INFO] Downloading: https://raw.githubusercontent.com/mahdibland/SSAggregator/master/sub/sub_merge_yaml.yml
[2026-08-03 22:24:14] [INFO] Downloading: https://raw.githubusercontent.com/ts-sf/fly/main/clash
[2026-08-03 22:24:14] [WARNING] Filtered proxy US_speednode_0088: reality-opts short-id '' missing or invalid
[2026-08-03 22:24:14] [WARNING] Filtered proxy US_speednode_0091: reality-opts short-id '' missing or invalid
[2026-08-03 22:24:17] [INFO] Fetched 3273 unique proxies for Load Balancer.
[2026-08-03 22:24:17] [INFO] Downloading: https://node.nodefree.me/2026/08/20260803.yaml
[2026-08-03 22:24:17] [INFO] Downloading: https://static.v2rayshare.net/2026/08/20260803.yaml
[2026-08-03 22:24:17] [INFO] Downloading: https://raw.githubusercontent.com/Ruk1ng001/freeSub/main/clash.yaml
[2026-08-03 22:24:17] [INFO] Downloading: https://tt.vg/freeclash
[2026-08-03 22:24:17] [INFO] Downloading: https://raw.githubusercontent.com/free18/v2ray/main/c.yaml
[2026-08-03 22:24:17] [WARNING] Filtered proxy 🟢🇷🇺[📺]_github.com/Ruk1ng001_94815d79: reality-opts short-id '' missing or invalid
[2026-08-03 22:24:17] [WARNING] Filtered proxy 🔴🇮🇱[🤖📺🎭🎪]_github.com/Ruk1ng001_20f710a8: reality-opts short-id '' missing or invalid
[2026-08-03 22:24:17] [WARNING] Filtered proxy 🔴🇸🇪[🎬🤖📺🎭]_github.com/Ruk1ng001_2eb65c74: reality-opts short-id '' missing or invalid
[2026-08-03 22:24:17] [WARNING] Filtered proxy 🟠🇳🇱[🎪]_github.com/Ruk1ng001_a430c6c9: reality-opts short-id '' missing or invalid
[2026-08-03 22:24:17] [WARNING] Filtered proxy 🔴🇳🇱[🤖📺🎭🎪]_github.com/Ruk1ng001_1ffdbefa: reality-opts short-id '' missing or invalid
[2026-08-03 22:24:17] [WARNING] Filtered proxy 🔴🇹🇷[🤖📺🎭🎪]_github.com/Ruk1ng001_0684b902: reality-opts short-id '' missing or invalid
[2026-08-03 22:24:17] [WARNING] Filtered proxy 🔴🇺🇸[🎬🤖📺🎭]_github.com/Ruk1ng001_bb8f7e4d: reality-opts short-id '' missing or invalid
[2026-08-03 22:24:17] [WARNING] Filtered proxy 🔴🇹🇷[🤖📺🎭🎪]_github.com/Ruk1ng001_0d0d0eb2: reality-opts short-id '' missing or invalid
[2026-08-03 22:24:17] [WARNING] Filtered proxy 🟢🇹🇼[🎬🤖📺🎭]_github.com/Ruk1ng001_705b8228: reality-opts short-id '' missing or invalid
[2026-08-03 22:24:17] [WARNING] Filtered proxy 🇷🇺_俄罗斯_49: reality-opts short-id '' missing or invalid
[2026-08-03 22:24:17] [WARNING] Filtered proxy 🇷🇺_俄罗斯_52: reality-opts short-id '' missing or invalid
[2026-08-03 22:24:17] [WARNING] Filtered proxy 🇷🇺_俄罗斯_53: reality-opts short-id '' missing or invalid
[2026-08-03 22:24:17] [WARNING] Filtered proxy 🇷🇺_俄罗斯_54: reality-opts short-id '' missing or invalid
[2026-08-03 22:24:17] [WARNING] Filtered proxy 🇷🇺_俄罗斯_55: reality-opts short-id '' missing or invalid
[2026-08-03 22:24:17] [WARNING] Filtered proxy 🇩🇪_德国_56: reality-opts short-id '' missing or invalid
[2026-08-03 22:24:17] [WARNING] Filtered proxy 🇷🇺_俄罗斯_57: reality-opts short-id '' missing or invalid
[2026-08-03 22:24:17] [WARNING] Filtered proxy 🇷🇺_俄罗斯_58: reality-opts short-id '' missing or invalid
[2026-08-03 22:24:17] [WARNING] Filtered proxy 🇷🇺_俄罗斯_59: reality-opts short-id '' missing or invalid
[2026-08-03 22:24:17] [WARNING] Filtered proxy 🇷🇺_俄罗斯_60: reality-opts short-id '' missing or invalid
[2026-08-03 22:24:17] [WARNING] Filtered proxy 🇷🇺_俄罗斯_61: reality-opts short-id '' missing or invalid
[2026-08-03 22:24:17] [WARNING] Filtered proxy 🇷🇺_俄罗斯_62: reality-opts short-id '' missing or invalid
[2026-08-03 22:24:17] [WARNING] Filtered proxy 🇷🇺_俄罗斯_63: reality-opts short-id '' missing or invalid
[2026-08-03 22:24:17] [WARNING] Filtered proxy 🇷🇺_俄罗斯_64: reality-opts short-id '' missing or invalid
[2026-08-03 22:24:17] [WARNING] Filtered proxy 🇩🇪_德国_65: reality-opts short-id '' missing or invalid
[2026-08-03 22:24:17] [WARNING] Filtered proxy 🇷🇺_俄罗斯_66: reality-opts short-id '' missing or invalid
[2026-08-03 22:24:17] [WARNING] Filtered proxy 🇷🇺_俄罗斯_67: reality-opts short-id '' missing or invalid
[2026-08-03 22:24:17] [WARNING] Filtered proxy 🇷🇺_俄罗斯_68: reality-opts short-id '' missing or invalid
[2026-08-03 22:24:17] [WARNING] Filtered proxy 🇷🇺_俄罗斯_69: reality-opts short-id '' missing or invalid
[2026-08-03 22:24:17] [WARNING] Filtered proxy 🇷🇺_俄罗斯_70: reality-opts short-id '' missing or invalid
[2026-08-03 22:24:17] [WARNING] Filtered proxy 🇺🇸_美国_117: reality-opts short-id '' missing or invalid
[2026-08-03 22:24:17] [WARNING] Filtered proxy 🇭🇰_香港_122: reality-opts short-id '' missing or invalid
[2026-08-03 22:24:17] [WARNING] Filtered proxy 🇺🇸_美国_131: reality-opts short-id '' missing or invalid
[2026-08-03 22:24:17] [WARNING] Filtered proxy 🇺🇸_美国_132: reality-opts short-id '' missing or invalid
[2026-08-03 22:24:17] [WARNING] Filtered proxy 🇺🇸_美国_133: reality-opts short-id '' missing or invalid
[2026-08-03 22:24:17] [WARNING] Filtered proxy 🇺🇸_美国_134: reality-opts short-id '' missing or invalid
[2026-08-03 22:24:17] [WARNING] Filtered proxy 🇺🇸_美国_135: reality-opts short-id '' missing or invalid
[2026-08-03 22:24:17] [WARNING] Filtered proxy 🇺🇸_美国_136: reality-opts short-id '' missing or invalid
[2026-08-03 22:24:17] [WARNING] Filtered proxy 🇺🇸_美国_137: reality-opts short-id '' missing or invalid
[2026-08-03 22:24:17] [WARNING] Filtered proxy 🇺🇸_美国_138: reality-opts short-id '' missing or invalid
[2026-08-03 22:24:17] [WARNING] Filtered proxy 🇺🇸_美国_153: reality-opts short-id '' missing or invalid
[2026-08-03 22:24:17] [WARNING] Filtered proxy 🇩🇪_DE_德国_2: reality-opts short-id '' missing or invalid
[2026-08-03 22:24:17] [WARNING] Filtered proxy 🇺🇸_US_美国: reality-opts short-id '' missing or invalid
[2026-08-03 22:24:17] [WARNING] Filtered proxy 🇩🇪_DE_德国_2: reality-opts short-id '' missing or invalid
[2026-08-03 22:24:17] [WARNING] Filtered proxy 🇺🇸_US_美国: reality-opts short-id '' missing or invalid
[2026-08-03 22:24:17] [INFO] Fetched 296 unique proxies for Auto Select.
[2026-08-03 22:24:17] [WARNING] Filtered proxy 🇫🇮_FI_芬兰->🇹🇷_TR_土耳其: reality-opts short-id '' missing or invalid
[2026-08-03 22:24:17] [WARNING] Filtered proxy 🇺🇸_US_美国: reality-opts short-id '' missing or invalid
[2026-08-03 22:24:17] [INFO] Filtered original proxies: 19 remaining
[2026-08-03 22:24:18] [INFO] Successfully wrote config to ./public/subscribe/clash.yml
[2026-08-04 09:54:38] [INFO] Downloading: https://www.ermao.net/sub/clash/ermao.net
[2026-08-04 09:54:39] [INFO] Main subscription fetched and parsed.
[2026-08-04 09:54:39] [INFO] Downloading rule-providers...
[2026-08-04 09:54:39] [INFO] Downloading: https://raw.githubusercontent.com/ACL4SSR/ACL4SSR/refs/heads/master/Clash/LocalAreaNetwork.list
[2026-08-04 09:54:39] [INFO] Downloaded rule-provider LocalAreaNetwork -> ./public/rules/LocalAreaNetwork.yaml
[2026-08-04 09:54:39] [INFO] Updated rule-provider LocalAreaNetwork URL to https://cdn.honglin.ac.cn/statically/gh/flinhong/configs/public/rules/LocalAreaNetwork.yaml
[2026-08-04 09:54:39] [INFO] Downloading: https://raw.githubusercontent.com/ACL4SSR/ACL4SSR/refs/heads/master/Clash/BanAD.list
[2026-08-04 09:54:39] [INFO] Downloaded rule-provider BanAD -> ./public/rules/BanAD.yaml
[2026-08-04 09:54:39] [INFO] Updated rule-provider BanAD URL to https://cdn.honglin.ac.cn/statically/gh/flinhong/configs/public/rules/BanAD.yaml
[2026-08-04 09:54:39] [INFO] Downloading: https://raw.githubusercontent.com/ACL4SSR/ACL4SSR/refs/heads/master/Clash/BanProgramAD.list
[2026-08-04 09:54:39] [INFO] Downloaded rule-provider BanProgramAD -> ./public/rules/BanProgramAD.yaml
[2026-08-04 09:54:39] [INFO] Updated rule-provider BanProgramAD URL to https://cdn.honglin.ac.cn/statically/gh/flinhong/configs/public/rules/BanProgramAD.yaml
[2026-08-04 09:54:39] [INFO] Downloading: https://raw.githubusercontent.com/ACL4SSR/ACL4SSR/refs/heads/master/Clash/BanEasyList.list
[2026-08-04 09:54:39] [INFO] Downloaded rule-provider BanEasyList -> ./public/rules/BanEasyList.yaml
[2026-08-04 09:54:39] [INFO] Updated rule-provider BanEasyList URL to https://cdn.honglin.ac.cn/statically/gh/flinhong/configs/public/rules/BanEasyList.yaml
[2026-08-04 09:54:39] [INFO] Downloading: https://raw.githubusercontent.com/ACL4SSR/ACL4SSR/refs/heads/master/Clash/BanEasyListChina.list
[2026-08-04 09:54:40] [INFO] Downloaded rule-provider BanEasyListChina -> ./public/rules/BanEasyListChina.yaml
[2026-08-04 09:54:40] [INFO] Updated rule-provider BanEasyListChina URL to https://cdn.honglin.ac.cn/statically/gh/flinhong/configs/public/rules/BanEasyListChina.yaml
[2026-08-04 09:54:40] [INFO] Downloading: https://raw.githubusercontent.com/ACL4SSR/ACL4SSR/refs/heads/master/Clash/BanEasyPrivacy.list
[2026-08-04 09:54:40] [INFO] Downloaded rule-provider BanEasyPrivacy -> ./public/rules/BanEasyPrivacy.yaml
[2026-08-04 09:54:40] [INFO] Updated rule-provider BanEasyPrivacy URL to https://cdn.honglin.ac.cn/statically/gh/flinhong/configs/public/rules/BanEasyPrivacy.yaml
[2026-08-04 09:54:40] [INFO] Downloading: https://raw.githubusercontent.com/ACL4SSR/ACL4SSR/refs/heads/master/Clash/GoogleCN.list
[2026-08-04 09:54:40] [INFO] Downloaded rule-provider GoogleCN -> ./public/rules/GoogleCN.yaml
[2026-08-04 09:54:40] [INFO] Updated rule-provider GoogleCN URL to https://cdn.honglin.ac.cn/statically/gh/flinhong/configs/public/rules/GoogleCN.yaml
[2026-08-04 09:54:40] [INFO] Downloading: https://raw.githubusercontent.com/ACL4SSR/ACL4SSR/refs/heads/master/Clash/Ruleset/SteamCN.list
[2026-08-04 09:54:40] [INFO] Downloaded rule-provider SteamCN -> ./public/rules/SteamCN.yaml
[2026-08-04 09:54:40] [INFO] Updated rule-provider SteamCN URL to https://cdn.honglin.ac.cn/statically/gh/flinhong/configs/public/rules/SteamCN.yaml
[2026-08-04 09:54:40] [INFO] Downloading: https://raw.githubusercontent.com/ACL4SSR/ACL4SSR/refs/heads/master/Clash/Microsoft.list
[2026-08-04 09:54:40] [INFO] Downloaded rule-provider Microsoft -> ./public/rules/Microsoft.yaml
[2026-08-04 09:54:40] [INFO] Updated rule-provider Microsoft URL to https://cdn.honglin.ac.cn/statically/gh/flinhong/configs/public/rules/Microsoft.yaml
[2026-08-04 09:54:40] [INFO] Downloading: https://raw.githubusercontent.com/ACL4SSR/ACL4SSR/refs/heads/master/Clash/Apple.list
[2026-08-04 09:54:40] [INFO] Downloaded rule-provider Apple -> ./public/rules/Apple.yaml
[2026-08-04 09:54:40] [INFO] Updated rule-provider Apple URL to https://cdn.honglin.ac.cn/statically/gh/flinhong/configs/public/rules/Apple.yaml
[2026-08-04 09:54:40] [INFO] Downloading: https://raw.githubusercontent.com/ACL4SSR/ACL4SSR/refs/heads/master/Clash/ProxyMedia.list
[2026-08-04 09:54:40] [INFO] Downloaded rule-provider ProxyMedia -> ./public/rules/ProxyMedia.yaml
[2026-08-04 09:54:40] [INFO] Updated rule-provider ProxyMedia URL to https://cdn.honglin.ac.cn/statically/gh/flinhong/configs/public/rules/ProxyMedia.yaml
[2026-08-04 09:54:40] [INFO] Downloading: https://raw.githubusercontent.com/ACL4SSR/ACL4SSR/refs/heads/master/Clash/Telegram.list
[2026-08-04 09:54:40] [INFO] Downloaded rule-provider Telegram -> ./public/rules/Telegram.yaml
[2026-08-04 09:54:40] [INFO] Updated rule-provider Telegram URL to https://cdn.honglin.ac.cn/statically/gh/flinhong/configs/public/rules/Telegram.yaml
[2026-08-04 09:54:40] [INFO] Downloading: https://raw.githubusercontent.com/ACL4SSR/ACL4SSR/refs/heads/master/Clash/ProxyLite.list
[2026-08-04 09:54:40] [INFO] Downloaded rule-provider ProxyLite -> ./public/rules/ProxyLite.yaml
[2026-08-04 09:54:40] [INFO] Updated rule-provider ProxyLite URL to https://cdn.honglin.ac.cn/statically/gh/flinhong/configs/public/rules/ProxyLite.yaml
[2026-08-04 09:54:40] [INFO] Downloading: https://raw.githubusercontent.com/ACL4SSR/ACL4SSR/refs/heads/master/Clash/ChinaDomain.list
[2026-08-04 09:54:40] [INFO] Downloaded rule-provider ChinaDomain -> ./public/rules/ChinaDomain.yaml
[2026-08-04 09:54:40] [INFO] Updated rule-provider ChinaDomain URL to https://cdn.honglin.ac.cn/statically/gh/flinhong/configs/public/rules/ChinaDomain.yaml
[2026-08-04 09:54:40] [INFO] Downloading: https://raw.githubusercontent.com/ACL4SSR/ACL4SSR/refs/heads/master/Clash/ChinaCompanyIp.list
[2026-08-04 09:54:40] [INFO] Downloaded rule-provider ChinaCompanyIp -> ./public/rules/ChinaCompanyIp.yaml
[2026-08-04 09:54:40] [INFO] Updated rule-provider ChinaCompanyIp URL to https://cdn.honglin.ac.cn/statically/gh/flinhong/configs/public/rules/ChinaCompanyIp.yaml
[2026-08-04 09:54:40] [INFO] Fetching extra proxies...
[2026-08-04 09:54:41] [INFO] All date-based sources have today's file available, using today
[2026-08-04 09:54:41] [INFO] Downloading: https://raw.githubusercontent.com/zhangkaiitugithub/passcro/main/speednodes.yaml
[2026-08-04 09:54:41] [INFO] Downloading: https://raw.githubusercontent.com/peasoft/NoMoreWalls/master/list.yml
[2026-08-04 09:54:41] [INFO] Downloading: https://raw.githubusercontent.com/mahdibland/SSAggregator/master/sub/sub_merge_yaml.yml
[2026-08-04 09:54:41] [INFO] Downloading: https://raw.githubusercontent.com/ts-sf/fly/main/clash
[2026-08-04 09:54:41] [WARNING] Filtered proxy US_speednode_0088: reality-opts short-id '' missing or invalid
[2026-08-04 09:54:41] [WARNING] Filtered proxy US_speednode_0091: reality-opts short-id '' missing or invalid
[2026-08-04 09:54:45] [INFO] Fetched 3261 unique proxies for Load Balancer.
[2026-08-04 09:54:45] [INFO] Downloading: https://node.nodefree.me/2026/08/20260804.yaml
[2026-08-04 09:54:45] [INFO] Downloading: https://static.v2rayshare.net/2026/08/20260804.yaml
[2026-08-04 09:54:45] [INFO] Downloading: https://tt.vg/freeclash
[2026-08-04 09:54:45] [INFO] Downloading: https://raw.githubusercontent.com/Ruk1ng001/freeSub/main/clash.yaml
[2026-08-04 09:54:45] [INFO] Downloading: https://raw.githubusercontent.com/free18/v2ray/main/c.yaml
[2026-08-04 09:54:45] [WARNING] Filtered proxy 🇷🇺_俄罗斯_49: reality-opts short-id '' missing or invalid
[2026-08-04 09:54:45] [WARNING] Filtered proxy 🇷🇺_俄罗斯_52: reality-opts short-id '' missing or invalid
[2026-08-04 09:54:45] [WARNING] Filtered proxy 🇷🇺_俄罗斯_53: reality-opts short-id '' missing or invalid
[2026-08-04 09:54:45] [WARNING] Filtered proxy 🇷🇺_俄罗斯_54: reality-opts short-id '' missing or invalid
[2026-08-04 09:54:45] [WARNING] Filtered proxy 🇷🇺_俄罗斯_55: reality-opts short-id '' missing or invalid
[2026-08-04 09:54:45] [WARNING] Filtered proxy 🇩🇪_德国_56: reality-opts short-id '' missing or invalid
[2026-08-04 09:54:45] [WARNING] Filtered proxy 🇷🇺_俄罗斯_57: reality-opts short-id '' missing or invalid
[2026-08-04 09:54:45] [WARNING] Filtered proxy 🇷🇺_俄罗斯_58: reality-opts short-id '' missing or invalid
[2026-08-04 09:54:45] [WARNING] Filtered proxy 🇷🇺_俄罗斯_59: reality-opts short-id '' missing or invalid
[2026-08-04 09:54:45] [WARNING] Filtered proxy 🇷🇺_俄罗斯_60: reality-opts short-id '' missing or invalid
[2026-08-04 09:54:45] [WARNING] Filtered proxy 🇷🇺_俄罗斯_61: reality-opts short-id '' missing or invalid
[2026-08-04 09:54:45] [WARNING] Filtered proxy 🇷🇺_俄罗斯_62: reality-opts short-id '' missing or invalid
[2026-08-04 09:54:45] [WARNING] Filtered proxy 🇷🇺_俄罗斯_63: reality-opts short-id '' missing or invalid
[2026-08-04 09:54:45] [WARNING] Filtered proxy 🇷🇺_俄罗斯_64: reality-opts short-id '' missing or invalid
[2026-08-04 09:54:45] [WARNING] Filtered proxy 🇩🇪_德国_65: reality-opts short-id '' missing or invalid
[2026-08-04 09:54:45] [WARNING] Filtered proxy 🇷🇺_俄罗斯_66: reality-opts short-id '' missing or invalid
[2026-08-04 09:54:45] [WARNING] Filtered proxy 🇷🇺_俄罗斯_67: reality-opts short-id '' missing or invalid
[2026-08-04 09:54:45] [WARNING] Filtered proxy 🇷🇺_俄罗斯_68: reality-opts short-id '' missing or invalid
[2026-08-04 09:54:45] [WARNING] Filtered proxy 🇷🇺_俄罗斯_69: reality-opts short-id '' missing or invalid
[2026-08-04 09:54:45] [WARNING] Filtered proxy 🇷🇺_俄罗斯_70: reality-opts short-id '' missing or invalid
[2026-08-04 09:54:45] [WARNING] Filtered proxy 🇺🇸_美国_117: reality-opts short-id '' missing or invalid
[2026-08-04 09:54:45] [WARNING] Filtered proxy 🇭🇰_香港_122: reality-opts short-id '' missing or invalid
[2026-08-04 09:54:45] [WARNING] Filtered proxy 🇺🇸_美国_131: reality-opts short-id '' missing or invalid
[2026-08-04 09:54:45] [WARNING] Filtered proxy 🇺🇸_美国_132: reality-opts short-id '' missing or invalid
[2026-08-04 09:54:45] [WARNING] Filtered proxy 🇺🇸_美国_133: reality-opts short-id '' missing or invalid
[2026-08-04 09:54:45] [WARNING] Filtered proxy 🇺🇸_美国_134: reality-opts short-id '' missing or invalid
[2026-08-04 09:54:45] [WARNING] Filtered proxy 🇺🇸_美国_135: reality-opts short-id '' missing or invalid
[2026-08-04 09:54:45] [WARNING] Filtered proxy 🇺🇸_美国_136: reality-opts short-id '' missing or invalid
[2026-08-04 09:54:45] [WARNING] Filtered proxy 🇺🇸_美国_137: reality-opts short-id '' missing or invalid
[2026-08-04 09:54:45] [WARNING] Filtered proxy 🇺🇸_美国_138: reality-opts short-id '' missing or invalid
[2026-08-04 09:54:45] [WARNING] Filtered proxy 🇺🇸_美国_153: reality-opts short-id '' missing or invalid
[2026-08-04 09:54:45] [WARNING] Filtered proxy 🟢🇷🇺[📺]_github.com/Ruk1ng001_94815d79: reality-opts short-id '' missing or invalid
[2026-08-04 09:54:45] [WARNING] Filtered proxy 🔴🇮🇱[🤖📺🎭🎪]_github.com/Ruk1ng001_20f710a8: reality-opts short-id '' missing or invalid
[2026-08-04 09:54:45] [WARNING] Filtered proxy 🔴🇸🇪[🎬🤖📺🎭]_github.com/Ruk1ng001_2eb65c74: reality-opts short-id '' missing or invalid
[2026-08-04 09:54:45] [WARNING] Filtered proxy 🟠🇳🇱[🎪]_github.com/Ruk1ng001_a430c6c9: reality-opts short-id '' missing or invalid
[2026-08-04 09:54:45] [WARNING] Filtered proxy 🔴🇳🇱[🤖📺🎭🎪]_github.com/Ruk1ng001_1ffdbefa: reality-opts short-id '' missing or invalid
[2026-08-04 09:54:45] [WARNING] Filtered proxy 🔴🇹🇷[🤖📺🎭🎪]_github.com/Ruk1ng001_0684b902: reality-opts short-id '' missing or invalid
[2026-08-04 09:54:45] [WARNING] Filtered proxy 🔴🇺🇸[🎬🤖📺🎭]_github.com/Ruk1ng001_bb8f7e4d: reality-opts short-id '' missing or invalid
[2026-08-04 09:54:45] [WARNING] Filtered proxy 🔴🇹🇷[🤖📺🎭🎪]_github.com/Ruk1ng001_0d0d0eb2: reality-opts short-id '' missing or invalid
[2026-08-04 09:54:45] [WARNING] Filtered proxy 🟢🇹🇼[🎬🤖📺🎭]_github.com/Ruk1ng001_705b8228: reality-opts short-id '' missing or invalid
[2026-08-04 09:54:45] [WARNING] Filtered proxy 🇩🇪_DE_德国_2: reality-opts short-id '' missing or invalid
[2026-08-04 09:54:45] [WARNING] Filtered proxy 🇺🇸_US_美国: reality-opts short-id '' missing or invalid
[2026-08-04 09:54:45] [WARNING] Filtered proxy 🇩🇪_DE_德国_2: reality-opts short-id '' missing or invalid
[2026-08-04 09:54:45] [WARNING] Filtered proxy 🇺🇸_US_美国: reality-opts short-id '' missing or invalid
[2026-08-04 09:54:45] [INFO] Fetched 296 unique proxies for Auto Select.
[2026-08-04 09:54:45] [WARNING] Filtered proxy 🇺🇸_US_美国: reality-opts short-id '' missing or invalid
[2026-08-04 09:54:45] [WARNING] Filtered proxy 🇺🇸_US_美国_1: reality-opts short-id '' missing or invalid
[2026-08-04 09:54:45] [WARNING] Filtered proxy 🇫🇮_FI_芬兰->🇹🇷_TR_土耳其: reality-opts short-id '' missing or invalid
[2026-08-04 09:54:45] [INFO] Filtered original proxies: 20 remaining
[2026-08-04 09:54:47] [INFO] Successfully wrote config to ./public/subscribe/clash.yml
[2026-08-04 21:54:40] [INFO] Downloading: https://www.ermao.net/sub/clash/ermao.net
[2026-08-04 21:54:41] [INFO] Main subscription fetched and parsed.
[2026-08-04 21:54:41] [INFO] Downloading rule-providers...
[2026-08-04 21:54:41] [INFO] Downloading: https://raw.githubusercontent.com/ACL4SSR/ACL4SSR/refs/heads/master/Clash/LocalAreaNetwork.list
[2026-08-04 21:54:41] [INFO] Downloaded rule-provider LocalAreaNetwork -> ./public/rules/LocalAreaNetwork.yaml
[2026-08-04 21:54:41] [INFO] Updated rule-provider LocalAreaNetwork URL to https://cdn.honglin.ac.cn/statically/gh/flinhong/configs/public/rules/LocalAreaNetwork.yaml
[2026-08-04 21:54:41] [INFO] Downloading: https://raw.githubusercontent.com/ACL4SSR/ACL4SSR/refs/heads/master/Clash/BanAD.list
[2026-08-04 21:54:41] [INFO] Downloaded rule-provider BanAD -> ./public/rules/BanAD.yaml
[2026-08-04 21:54:41] [INFO] Updated rule-provider BanAD URL to https://cdn.honglin.ac.cn/statically/gh/flinhong/configs/public/rules/BanAD.yaml
[2026-08-04 21:54:41] [INFO] Downloading: https://raw.githubusercontent.com/ACL4SSR/ACL4SSR/refs/heads/master/Clash/BanProgramAD.list
[2026-08-04 21:54:41] [INFO] Downloaded rule-provider BanProgramAD -> ./public/rules/BanProgramAD.yaml
[2026-08-04 21:54:41] [INFO] Updated rule-provider BanProgramAD URL to https://cdn.honglin.ac.cn/statically/gh/flinhong/configs/public/rules/BanProgramAD.yaml
[2026-08-04 21:54:41] [INFO] Downloading: https://raw.githubusercontent.com/ACL4SSR/ACL4SSR/refs/heads/master/Clash/BanEasyList.list
[2026-08-04 21:54:42] [INFO] Downloaded rule-provider BanEasyList -> ./public/rules/BanEasyList.yaml
[2026-08-04 21:54:42] [INFO] Updated rule-provider BanEasyList URL to https://cdn.honglin.ac.cn/statically/gh/flinhong/configs/public/rules/BanEasyList.yaml
[2026-08-04 21:54:42] [INFO] Downloading: https://raw.githubusercontent.com/ACL4SSR/ACL4SSR/refs/heads/master/Clash/BanEasyListChina.list
[2026-08-04 21:54:42] [INFO] Downloaded rule-provider BanEasyListChina -> ./public/rules/BanEasyListChina.yaml
[2026-08-04 21:54:42] [INFO] Updated rule-provider BanEasyListChina URL to https://cdn.honglin.ac.cn/statically/gh/flinhong/configs/public/rules/BanEasyListChina.yaml
[2026-08-04 21:54:42] [INFO] Downloading: https://raw.githubusercontent.com/ACL4SSR/ACL4SSR/refs/heads/master/Clash/BanEasyPrivacy.list
[2026-08-04 21:54:42] [INFO] Downloaded rule-provider BanEasyPrivacy -> ./public/rules/BanEasyPrivacy.yaml
[2026-08-04 21:54:42] [INFO] Updated rule-provider BanEasyPrivacy URL to https://cdn.honglin.ac.cn/statically/gh/flinhong/configs/public/rules/BanEasyPrivacy.yaml
[2026-08-04 21:54:42] [INFO] Downloading: https://raw.githubusercontent.com/ACL4SSR/ACL4SSR/refs/heads/master/Clash/GoogleCN.list
[2026-08-04 21:54:43] [INFO] Downloaded rule-provider GoogleCN -> ./public/rules/GoogleCN.yaml
[2026-08-04 21:54:43] [INFO] Updated rule-provider GoogleCN URL to https://cdn.honglin.ac.cn/statically/gh/flinhong/configs/public/rules/GoogleCN.yaml
[2026-08-04 21:54:43] [INFO] Downloading: https://raw.githubusercontent.com/ACL4SSR/ACL4SSR/refs/heads/master/Clash/Ruleset/SteamCN.list
[2026-08-04 21:54:43] [INFO] Downloaded rule-provider SteamCN -> ./public/rules/SteamCN.yaml
[2026-08-04 21:54:43] [INFO] Updated rule-provider SteamCN URL to https://cdn.honglin.ac.cn/statically/gh/flinhong/configs/public/rules/SteamCN.yaml
[2026-08-04 21:54:43] [INFO] Downloading: https://raw.githubusercontent.com/ACL4SSR/ACL4SSR/refs/heads/master/Clash/Microsoft.list
[2026-08-04 21:54:43] [INFO] Downloaded rule-provider Microsoft -> ./public/rules/Microsoft.yaml
[2026-08-04 21:54:43] [INFO] Updated rule-provider Microsoft URL to https://cdn.honglin.ac.cn/statically/gh/flinhong/configs/public/rules/Microsoft.yaml
[2026-08-04 21:54:43] [INFO] Downloading: https://raw.githubusercontent.com/ACL4SSR/ACL4SSR/refs/heads/master/Clash/Apple.list
[2026-08-04 21:54:43] [INFO] Downloaded rule-provider Apple -> ./public/rules/Apple.yaml
[2026-08-04 21:54:43] [INFO] Updated rule-provider Apple URL to https://cdn.honglin.ac.cn/statically/gh/flinhong/configs/public/rules/Apple.yaml
[2026-08-04 21:54:43] [INFO] Downloading: https://raw.githubusercontent.com/ACL4SSR/ACL4SSR/refs/heads/master/Clash/ProxyMedia.list
[2026-08-04 21:54:43] [INFO] Downloaded rule-provider ProxyMedia -> ./public/rules/ProxyMedia.yaml
[2026-08-04 21:54:43] [INFO] Updated rule-provider ProxyMedia URL to https://cdn.honglin.ac.cn/statically/gh/flinhong/configs/public/rules/ProxyMedia.yaml
[2026-08-04 21:54:43] [INFO] Downloading: https://raw.githubusercontent.com/ACL4SSR/ACL4SSR/refs/heads/master/Clash/Telegram.list
[2026-08-04 21:54:43] [INFO] Downloaded rule-provider Telegram -> ./public/rules/Telegram.yaml
[2026-08-04 21:54:43] [INFO] Updated rule-provider Telegram URL to https://cdn.honglin.ac.cn/statically/gh/flinhong/configs/public/rules/Telegram.yaml
[2026-08-04 21:54:43] [INFO] Downloading: https://raw.githubusercontent.com/ACL4SSR/ACL4SSR/refs/heads/master/Clash/ProxyLite.list
[2026-08-04 21:54:44] [INFO] Downloaded rule-provider ProxyLite -> ./public/rules/ProxyLite.yaml
[2026-08-04 21:54:44] [INFO] Updated rule-provider ProxyLite URL to https://cdn.honglin.ac.cn/statically/gh/flinhong/configs/public/rules/ProxyLite.yaml
[2026-08-04 21:54:44] [INFO] Downloading: https://raw.githubusercontent.com/ACL4SSR/ACL4SSR/refs/heads/master/Clash/ChinaDomain.list
[2026-08-04 21:54:44] [INFO] Downloaded rule-provider ChinaDomain -> ./public/rules/ChinaDomain.yaml
[2026-08-04 21:54:44] [INFO] Updated rule-provider ChinaDomain URL to https://cdn.honglin.ac.cn/statically/gh/flinhong/configs/public/rules/ChinaDomain.yaml
[2026-08-04 21:54:44] [INFO] Downloading: https://raw.githubusercontent.com/ACL4SSR/ACL4SSR/refs/heads/master/Clash/ChinaCompanyIp.list
[2026-08-04 21:54:44] [INFO] Downloaded rule-provider ChinaCompanyIp -> ./public/rules/ChinaCompanyIp.yaml
[2026-08-04 21:54:44] [INFO] Updated rule-provider ChinaCompanyIp URL to https://cdn.honglin.ac.cn/statically/gh/flinhong/configs/public/rules/ChinaCompanyIp.yaml
[2026-08-04 21:54:44] [INFO] Fetching extra proxies...
[2026-08-04 21:54:45] [INFO] All date-based sources have today's file available, using today
[2026-08-04 21:54:45] [INFO] Downloading: https://raw.githubusercontent.com/zhangkaiitugithub/passcro/main/speednodes.yaml
[2026-08-04 21:54:45] [INFO] Downloading: https://raw.githubusercontent.com/peasoft/NoMoreWalls/master/list.yml
[2026-08-04 21:54:45] [INFO] Downloading: https://raw.githubusercontent.com/mahdibland/SSAggregator/master/sub/sub_merge_yaml.yml
[2026-08-04 21:54:45] [INFO] Downloading: https://raw.githubusercontent.com/ts-sf/fly/main/clash
[2026-08-04 21:54:45] [WARNING] Filtered proxy US_speednode_0061: reality-opts short-id '' missing or invalid
[2026-08-04 21:54:45] [WARNING] Filtered proxy US_speednode_0071: reality-opts short-id '' missing or invalid
[2026-08-04 21:54:48] [INFO] Fetched 3255 unique proxies for Load Balancer.
[2026-08-04 21:54:48] [INFO] Downloading: https://node.nodefree.me/2026/08/20260804.yaml
[2026-08-04 21:54:48] [INFO] Downloading: https://static.v2rayshare.net/2026/08/20260804.yaml
[2026-08-04 21:54:48] [INFO] Downloading: https://tt.vg/freeclash
[2026-08-04 21:54:48] [INFO] Downloading: https://raw.githubusercontent.com/Ruk1ng001/freeSub/main/clash.yaml
[2026-08-04 21:54:48] [INFO] Downloading: https://raw.githubusercontent.com/free18/v2ray/main/c.yaml
[2026-08-04 21:54:48] [WARNING] Filtered proxy 🟠🇷🇺[📺✨📦]_github.com/Ruk1ng001_58929882: reality-opts short-id '' missing or invalid
[2026-08-04 21:54:48] [WARNING] Filtered proxy 🟠🇷🇺[🎪📦✈️]_github.com/Ruk1ng001_df576a48: reality-opts short-id '' missing or invalid
[2026-08-04 21:54:48] [WARNING] Filtered proxy 🔴🇫🇮[🎬🤖📺🎭]_github.com/Ruk1ng001_c22ba5db: reality-opts short-id '' missing or invalid
[2026-08-04 21:54:48] [WARNING] Filtered proxy 🔴🇩🇪[🎬🤖📺🎭]_github.com/Ruk1ng001_b0c608c4: reality-opts short-id '' missing or invalid
[2026-08-04 21:54:48] [WARNING] Filtered proxy 🟠🇳🇱[📺🎭🎪📦]_github.com/Ruk1ng001_a430c6c9: reality-opts short-id '' missing or invalid
[2026-08-04 21:54:48] [WARNING] Filtered proxy 🟢🇷🇺[📺🎭🎪]_github.com/Ruk1ng001_94815d79: reality-opts short-id '' missing or invalid
[2026-08-04 21:54:48] [WARNING] Filtered proxy 🔴🇯🇵[🎬🤖📺🎭]_github.com/Ruk1ng001_fd215b0d: reality-opts short-id '' missing or invalid
[2026-08-04 21:54:48] [WARNING] Filtered proxy 🔴🇸🇪[🎬🤖📺🎭]_github.com/Ruk1ng001_622cf7f0: reality-opts short-id '' missing or invalid
[2026-08-04 21:54:48] [WARNING] Filtered proxy 🔴🇹🇷[🤖📺🎪✨]_github.com/Ruk1ng001_0d0d0eb2: reality-opts short-id '' missing or invalid
[2026-08-04 21:54:49] [WARNING] Filtered proxy 🇺🇸_美国_46: reality-opts short-id '' missing or invalid
[2026-08-04 21:54:49] [WARNING] Filtered proxy 🇺🇸_美国_52: reality-opts short-id '' missing or invalid
[2026-08-04 21:54:49] [WARNING] Filtered proxy 🇺🇸_美国_54: reality-opts short-id '' missing or invalid
[2026-08-04 21:54:49] [WARNING] Filtered proxy 🇺🇸_美国_55: reality-opts short-id '' missing or invalid
[2026-08-04 21:54:49] [WARNING] Filtered proxy 🇺🇸_美国_56: reality-opts short-id '' missing or invalid
[2026-08-04 21:54:49] [WARNING] Filtered proxy 🇺🇸_美国_57: reality-opts short-id '' missing or invalid
[2026-08-04 21:54:49] [WARNING] Filtered proxy 🇺🇸_美国_58: reality-opts short-id '' missing or invalid
[2026-08-04 21:54:49] [WARNING] Filtered proxy 🇺🇸_美国_59: reality-opts short-id '' missing or invalid
[2026-08-04 21:54:49] [WARNING] Filtered proxy 🇺🇸_美国_60: reality-opts short-id '' missing or invalid
[2026-08-04 21:54:49] [WARNING] Filtered proxy 🇺🇸_美国_71: reality-opts short-id '' missing or invalid
[2026-08-04 21:54:49] [WARNING] Filtered proxy 🇩🇪_DE_德国_2: reality-opts short-id '' missing or invalid
[2026-08-04 21:54:49] [WARNING] Filtered proxy 🇺🇸_US_美国: reality-opts short-id '' missing or invalid
[2026-08-04 21:54:49] [WARNING] Filtered proxy 🇩🇪_DE_德国_2: reality-opts short-id '' missing or invalid
[2026-08-04 21:54:49] [WARNING] Filtered proxy 🇺🇸_US_美国: reality-opts short-id '' missing or invalid
[2026-08-04 21:54:49] [INFO] Fetched 300 unique proxies for Auto Select.
[2026-08-04 21:54:49] [WARNING] Filtered proxy 🇺🇸_US_美国_1: reality-opts short-id '' missing or invalid
[2026-08-04 21:54:49] [WARNING] Filtered proxy 🇺🇸_US_美国_2: reality-opts short-id '' missing or invalid
[2026-08-04 21:54:49] [INFO] Filtered original proxies: 24 remaining
[2026-08-04 21:54:50] [INFO] Successfully wrote config to ./public/subscribe/clash.yml
[2026-08-05 09:54:32] [INFO] Downloading: https://www.ermao.net/sub/clash/ermao.net
[2026-08-05 09:54:32] [INFO] Main subscription fetched and parsed.
[2026-08-05 09:54:32] [INFO] Downloading rule-providers...
[2026-08-05 09:54:32] [INFO] Downloading: https://raw.githubusercontent.com/ACL4SSR/ACL4SSR/refs/heads/master/Clash/LocalAreaNetwork.list
[2026-08-05 09:54:33] [INFO] Downloaded rule-provider LocalAreaNetwork -> ./public/rules/LocalAreaNetwork.yaml
[2026-08-05 09:54:33] [INFO] Updated rule-provider LocalAreaNetwork URL to https://cdn.honglin.ac.cn/statically/gh/flinhong/configs/public/rules/LocalAreaNetwork.yaml
[2026-08-05 09:54:33] [INFO] Downloading: https://raw.githubusercontent.com/ACL4SSR/ACL4SSR/refs/heads/master/Clash/BanAD.list
[2026-08-05 09:54:33] [INFO] Downloaded rule-provider BanAD -> ./public/rules/BanAD.yaml
[2026-08-05 09:54:33] [INFO] Updated rule-provider BanAD URL to https://cdn.honglin.ac.cn/statically/gh/flinhong/configs/public/rules/BanAD.yaml
[2026-08-05 09:54:33] [INFO] Downloading: https://raw.githubusercontent.com/ACL4SSR/ACL4SSR/refs/heads/master/Clash/BanProgramAD.list
[2026-08-05 09:54:33] [INFO] Downloaded rule-provider BanProgramAD -> ./public/rules/BanProgramAD.yaml
[2026-08-05 09:54:33] [INFO] Updated rule-provider BanProgramAD URL to https://cdn.honglin.ac.cn/statically/gh/flinhong/configs/public/rules/BanProgramAD.yaml
[2026-08-05 09:54:33] [INFO] Downloading: https://raw.githubusercontent.com/ACL4SSR/ACL4SSR/refs/heads/master/Clash/BanEasyList.list
[2026-08-05 09:54:33] [INFO] Downloaded rule-provider BanEasyList -> ./public/rules/BanEasyList.yaml
[2026-08-05 09:54:33] [INFO] Updated rule-provider BanEasyList URL to https://cdn.honglin.ac.cn/statically/gh/flinhong/configs/public/rules/BanEasyList.yaml
[2026-08-05 09:54:33] [INFO] Downloading: https://raw.githubusercontent.com/ACL4SSR/ACL4SSR/refs/heads/master/Clash/BanEasyListChina.list
[2026-08-05 09:54:34] [INFO] Downloaded rule-provider BanEasyListChina -> ./public/rules/BanEasyListChina.yaml
[2026-08-05 09:54:34] [INFO] Updated rule-provider BanEasyListChina URL to https://cdn.honglin.ac.cn/statically/gh/flinhong/configs/public/rules/BanEasyListChina.yaml
[2026-08-05 09:54:34] [INFO] Downloading: https://raw.githubusercontent.com/ACL4SSR/ACL4SSR/refs/heads/master/Clash/BanEasyPrivacy.list
[2026-08-05 09:54:34] [INFO] Downloaded rule-provider BanEasyPrivacy -> ./public/rules/BanEasyPrivacy.yaml
[2026-08-05 09:54:34] [INFO] Updated rule-provider BanEasyPrivacy URL to https://cdn.honglin.ac.cn/statically/gh/flinhong/configs/public/rules/BanEasyPrivacy.yaml
[2026-08-05 09:54:34] [INFO] Downloading: https://raw.githubusercontent.com/ACL4SSR/ACL4SSR/refs/heads/master/Clash/GoogleCN.list
[2026-08-05 09:54:35] [INFO] Downloaded rule-provider GoogleCN -> ./public/rules/GoogleCN.yaml
[2026-08-05 09:54:35] [INFO] Updated rule-provider GoogleCN URL to https://cdn.honglin.ac.cn/statically/gh/flinhong/configs/public/rules/GoogleCN.yaml
[2026-08-05 09:54:35] [INFO] Downloading: https://raw.githubusercontent.com/ACL4SSR/ACL4SSR/refs/heads/master/Clash/Ruleset/SteamCN.list
[2026-08-05 09:54:35] [INFO] Downloaded rule-provider SteamCN -> ./public/rules/SteamCN.yaml
[2026-08-05 09:54:35] [INFO] Updated rule-provider SteamCN URL to https://cdn.honglin.ac.cn/statically/gh/flinhong/configs/public/rules/SteamCN.yaml
[2026-08-05 09:54:35] [INFO] Downloading: https://raw.githubusercontent.com/ACL4SSR/ACL4SSR/refs/heads/master/Clash/Microsoft.list
[2026-08-05 09:54:35] [INFO] Downloaded rule-provider Microsoft -> ./public/rules/Microsoft.yaml
[2026-08-05 09:54:35] [INFO] Updated rule-provider Microsoft URL to https://cdn.honglin.ac.cn/statically/gh/flinhong/configs/public/rules/Microsoft.yaml
[2026-08-05 09:54:35] [INFO] Downloading: https://raw.githubusercontent.com/ACL4SSR/ACL4SSR/refs/heads/master/Clash/Apple.list
[2026-08-05 09:54:35] [INFO] Downloaded rule-provider Apple -> ./public/rules/Apple.yaml
[2026-08-05 09:54:35] [INFO] Updated rule-provider Apple URL to https://cdn.honglin.ac.cn/statically/gh/flinhong/configs/public/rules/Apple.yaml
[2026-08-05 09:54:35] [INFO] Downloading: https://raw.githubusercontent.com/ACL4SSR/ACL4SSR/refs/heads/master/Clash/ProxyMedia.list
[2026-08-05 09:54:36] [INFO] Downloaded rule-provider ProxyMedia -> ./public/rules/ProxyMedia.yaml
[2026-08-05 09:54:36] [INFO] Updated rule-provider ProxyMedia URL to https://cdn.honglin.ac.cn/statically/gh/flinhong/configs/public/rules/ProxyMedia.yaml
[2026-08-05 09:54:36] [INFO] Downloading: https://raw.githubusercontent.com/ACL4SSR/ACL4SSR/refs/heads/master/Clash/Telegram.list
[2026-08-05 09:54:36] [INFO] Downloaded rule-provider Telegram -> ./public/rules/Telegram.yaml
[2026-08-05 09:54:36] [INFO] Updated rule-provider Telegram URL to https://cdn.honglin.ac.cn/statically/gh/flinhong/configs/public/rules/Telegram.yaml
[2026-08-05 09:54:36] [INFO] Downloading: https://raw.githubusercontent.com/ACL4SSR/ACL4SSR/refs/heads/master/Clash/ProxyLite.list
[2026-08-05 09:54:36] [INFO] Downloaded rule-provider ProxyLite -> ./public/rules/ProxyLite.yaml
[2026-08-05 09:54:36] [INFO] Updated rule-provider ProxyLite URL to https://cdn.honglin.ac.cn/statically/gh/flinhong/configs/public/rules/ProxyLite.yaml
[2026-08-05 09:54:36] [INFO] Downloading: https://raw.githubusercontent.com/ACL4SSR/ACL4SSR/refs/heads/master/Clash/ChinaDomain.list
[2026-08-05 09:54:36] [INFO] Downloaded rule-provider ChinaDomain -> ./public/rules/ChinaDomain.yaml
[2026-08-05 09:54:36] [INFO] Updated rule-provider ChinaDomain URL to https://cdn.honglin.ac.cn/statically/gh/flinhong/configs/public/rules/ChinaDomain.yaml
[2026-08-05 09:54:36] [INFO] Downloading: https://raw.githubusercontent.com/ACL4SSR/ACL4SSR/refs/heads/master/Clash/ChinaCompanyIp.list
[2026-08-05 09:54:36] [INFO] Downloaded rule-provider ChinaCompanyIp -> ./public/rules/ChinaCompanyIp.yaml
[2026-08-05 09:54:36] [INFO] Updated rule-provider ChinaCompanyIp URL to https://cdn.honglin.ac.cn/statically/gh/flinhong/configs/public/rules/ChinaCompanyIp.yaml
[2026-08-05 09:54:36] [INFO] Fetching extra proxies...
[2026-08-05 09:54:37] [INFO] All date-based sources have today's file available, using today
[2026-08-05 09:54:37] [INFO] Downloading: https://raw.githubusercontent.com/zhangkaiitugithub/passcro/main/speednodes.yaml
[2026-08-05 09:54:37] [INFO] Downloading: https://raw.githubusercontent.com/peasoft/NoMoreWalls/master/list.yml
[2026-08-05 09:54:37] [INFO] Downloading: https://raw.githubusercontent.com/mahdibland/SSAggregator/master/sub/sub_merge_yaml.yml
[2026-08-05 09:54:37] [INFO] Downloading: https://raw.githubusercontent.com/ts-sf/fly/main/clash
[2026-08-05 09:54:37] [WARNING] Filtered proxy US_speednode_0061: reality-opts short-id '' missing or invalid
[2026-08-05 09:54:37] [WARNING] Filtered proxy US_speednode_0071: reality-opts short-id '' missing or invalid
[2026-08-05 09:54:41] [INFO] Fetched 3252 unique proxies for Load Balancer.
[2026-08-05 09:54:41] [INFO] Downloading: https://node.nodefree.me/2026/08/20260805.yaml
[2026-08-05 09:54:41] [INFO] Downloading: https://static.v2rayshare.net/2026/08/20260805.yaml
[2026-08-05 09:54:41] [INFO] Downloading: https://tt.vg/freeclash
[2026-08-05 09:54:41] [INFO] Downloading: https://raw.githubusercontent.com/Ruk1ng001/freeSub/main/clash.yaml
[2026-08-05 09:54:41] [INFO] Downloading: https://raw.githubusercontent.com/free18/v2ray/main/c.yaml
[2026-08-05 09:54:41] [WARNING] Filtered proxy 🟠🇳🇱[🎬🤖📺🎭]_github.com/Ruk1ng001_a430c6c9: reality-opts short-id '' missing or invalid
[2026-08-05 09:54:41] [WARNING] Filtered proxy 🟢🇷🇺[📺🎭🎪✈️]_github.com/Ruk1ng001_94815d79: reality-opts short-id '' missing or invalid
[2026-08-05 09:54:42] [WARNING] Filtered proxy 🇺🇸_美国_46: reality-opts short-id '' missing or invalid
[2026-08-05 09:54:42] [WARNING] Filtered proxy 🇺🇸_美国_52: reality-opts short-id '' missing or invalid
[2026-08-05 09:54:42] [WARNING] Filtered proxy 🇺🇸_美国_54: reality-opts short-id '' missing or invalid
[2026-08-05 09:54:42] [WARNING] Filtered proxy 🇺🇸_美国_55: reality-opts short-id '' missing or invalid
[2026-08-05 09:54:42] [WARNING] Filtered proxy 🇺🇸_美国_56: reality-opts short-id '' missing or invalid
[2026-08-05 09:54:42] [WARNING] Filtered proxy 🇺🇸_美国_57: reality-opts short-id '' missing or invalid
[2026-08-05 09:54:42] [WARNING] Filtered proxy 🇺🇸_美国_58: reality-opts short-id '' missing or invalid
[2026-08-05 09:54:42] [WARNING] Filtered proxy 🇺🇸_美国_59: reality-opts short-id '' missing or invalid
[2026-08-05 09:54:42] [WARNING] Filtered proxy 🇺🇸_美国_60: reality-opts short-id '' missing or invalid
[2026-08-05 09:54:42] [WARNING] Filtered proxy 🇺🇸_美国_71: reality-opts short-id '' missing or invalid
[2026-08-05 09:54:42] [WARNING] Filtered proxy 🇩🇪_DE_德国_2: reality-opts short-id '' missing or invalid
[2026-08-05 09:54:42] [WARNING] Filtered proxy 🇺🇸_US_美国: reality-opts short-id '' missing or invalid
[2026-08-05 09:54:42] [WARNING] Filtered proxy 🇩🇪_DE_德国_2: reality-opts short-id '' missing or invalid
[2026-08-05 09:54:42] [WARNING] Filtered proxy 🇺🇸_US_美国: reality-opts short-id '' missing or invalid
[2026-08-05 09:54:42] [INFO] Fetched 269 unique proxies for Auto Select.
[2026-08-05 09:54:42] [WARNING] Filtered proxy 🇺🇸_US_美国_1: reality-opts short-id '' missing or invalid
[2026-08-05 09:54:42] [WARNING] Filtered proxy 🇺🇸_US_美国_2: reality-opts short-id '' missing or invalid
[2026-08-05 09:54:42] [INFO] Filtered original proxies: 24 remaining
[2026-08-05 09:54:43] [INFO] Successfully wrote config to ./public/subscribe/clash.yml
[2026-08-05 21:51:35] [INFO] Downloading: https://www.ermao.net/sub/clash/ermao.net
[2026-08-05 21:51:36] [INFO] Main subscription fetched and parsed.
[2026-08-05 21:51:36] [INFO] Downloading rule-providers...
[2026-08-05 21:51:36] [INFO] Downloading: https://raw.githubusercontent.com/ACL4SSR/ACL4SSR/refs/heads/master/Clash/LocalAreaNetwork.list
[2026-08-05 21:51:36] [INFO] Downloaded rule-provider LocalAreaNetwork -> ./public/rules/LocalAreaNetwork.yaml
[2026-08-05 21:51:36] [INFO] Updated rule-provider LocalAreaNetwork URL to https://cdn.honglin.ac.cn/statically/gh/flinhong/configs/public/rules/LocalAreaNetwork.yaml
[2026-08-05 21:51:36] [INFO] Downloading: https://raw.githubusercontent.com/ACL4SSR/ACL4SSR/refs/heads/master/Clash/BanAD.list
[2026-08-05 21:51:36] [INFO] Downloaded rule-provider BanAD -> ./public/rules/BanAD.yaml
[2026-08-05 21:51:36] [INFO] Updated rule-provider BanAD URL to https://cdn.honglin.ac.cn/statically/gh/flinhong/configs/public/rules/BanAD.yaml
[2026-08-05 21:51:36] [INFO] Downloading: https://raw.githubusercontent.com/ACL4SSR/ACL4SSR/refs/heads/master/Clash/BanProgramAD.list
[2026-08-05 21:51:36] [INFO] Downloaded rule-provider BanProgramAD -> ./public/rules/BanProgramAD.yaml
[2026-08-05 21:51:36] [INFO] Updated rule-provider BanProgramAD URL to https://cdn.honglin.ac.cn/statically/gh/flinhong/configs/public/rules/BanProgramAD.yaml
[2026-08-05 21:51:36] [INFO] Downloading: https://raw.githubusercontent.com/ACL4SSR/ACL4SSR/refs/heads/master/Clash/BanEasyList.list
[2026-08-05 21:51:37] [INFO] Downloaded rule-provider BanEasyList -> ./public/rules/BanEasyList.yaml
[2026-08-05 21:51:37] [INFO] Updated rule-provider BanEasyList URL to https://cdn.honglin.ac.cn/statically/gh/flinhong/configs/public/rules/BanEasyList.yaml
[2026-08-05 21:51:37] [INFO] Downloading: https://raw.githubusercontent.com/ACL4SSR/ACL4SSR/refs/heads/master/Clash/BanEasyListChina.list
[2026-08-05 21:51:37] [INFO] Downloaded rule-provider BanEasyListChina -> ./public/rules/BanEasyListChina.yaml
[2026-08-05 21:51:37] [INFO] Updated rule-provider BanEasyListChina URL to https://cdn.honglin.ac.cn/statically/gh/flinhong/configs/public/rules/BanEasyListChina.yaml
[2026-08-05 21:51:37] [INFO] Downloading: https://raw.githubusercontent.com/ACL4SSR/ACL4SSR/refs/heads/master/Clash/BanEasyPrivacy.list
[2026-08-05 21:51:38] [INFO] Downloaded rule-provider BanEasyPrivacy -> ./public/rules/BanEasyPrivacy.yaml
[2026-08-05 21:51:38] [INFO] Updated rule-provider BanEasyPrivacy URL to https://cdn.honglin.ac.cn/statically/gh/flinhong/configs/public/rules/BanEasyPrivacy.yaml
[2026-08-05 21:51:38] [INFO] Downloading: https://raw.githubusercontent.com/ACL4SSR/ACL4SSR/refs/heads/master/Clash/GoogleCN.list
[2026-08-05 21:51:38] [INFO] Downloaded rule-provider GoogleCN -> ./public/rules/GoogleCN.yaml
[2026-08-05 21:51:38] [INFO] Updated rule-provider GoogleCN URL to https://cdn.honglin.ac.cn/statically/gh/flinhong/configs/public/rules/GoogleCN.yaml
[2026-08-05 21:51:38] [INFO] Downloading: https://raw.githubusercontent.com/ACL4SSR/ACL4SSR/refs/heads/master/Clash/Ruleset/SteamCN.list
[2026-08-05 21:51:38] [INFO] Downloaded rule-provider SteamCN -> ./public/rules/SteamCN.yaml
[2026-08-05 21:51:38] [INFO] Updated rule-provider SteamCN URL to https://cdn.honglin.ac.cn/statically/gh/flinhong/configs/public/rules/SteamCN.yaml
[2026-08-05 21:51:38] [INFO] Downloading: https://raw.githubusercontent.com/ACL4SSR/ACL4SSR/refs/heads/master/Clash/Microsoft.list
[2026-08-05 21:51:38] [INFO] Downloaded rule-provider Microsoft -> ./public/rules/Microsoft.yaml
[2026-08-05 21:51:38] [INFO] Updated rule-provider Microsoft URL to https://cdn.honglin.ac.cn/statically/gh/flinhong/configs/public/rules/Microsoft.yaml
[2026-08-05 21:51:38] [INFO] Downloading: https://raw.githubusercontent.com/ACL4SSR/ACL4SSR/refs/heads/master/Clash/Apple.list
[2026-08-05 21:51:38] [INFO] Downloaded rule-provider Apple -> ./public/rules/Apple.yaml
[2026-08-05 21:51:38] [INFO] Updated rule-provider Apple URL to https://cdn.honglin.ac.cn/statically/gh/flinhong/configs/public/rules/Apple.yaml
[2026-08-05 21:51:38] [INFO] Downloading: https://raw.githubusercontent.com/ACL4SSR/ACL4SSR/refs/heads/master/Clash/ProxyMedia.list
[2026-08-05 21:51:38] [INFO] Downloaded rule-provider ProxyMedia -> ./public/rules/ProxyMedia.yaml
[2026-08-05 21:51:38] [INFO] Updated rule-provider ProxyMedia URL to https://cdn.honglin.ac.cn/statically/gh/flinhong/configs/public/rules/ProxyMedia.yaml
[2026-08-05 21:51:38] [INFO] Downloading: https://raw.githubusercontent.com/ACL4SSR/ACL4SSR/refs/heads/master/Clash/Telegram.list
[2026-08-05 21:51:38] [INFO] Downloaded rule-provider Telegram -> ./public/rules/Telegram.yaml
[2026-08-05 21:51:38] [INFO] Updated rule-provider Telegram URL to https://cdn.honglin.ac.cn/statically/gh/flinhong/configs/public/rules/Telegram.yaml
[2026-08-05 21:51:38] [INFO] Downloading: https://raw.githubusercontent.com/ACL4SSR/ACL4SSR/refs/heads/master/Clash/ProxyLite.list
[2026-08-05 21:51:39] [INFO] Downloaded rule-provider ProxyLite -> ./public/rules/ProxyLite.yaml
[2026-08-05 21:51:39] [INFO] Updated rule-provider ProxyLite URL to https://cdn.honglin.ac.cn/statically/gh/flinhong/configs/public/rules/ProxyLite.yaml
[2026-08-05 21:51:39] [INFO] Downloading: https://raw.githubusercontent.com/ACL4SSR/ACL4SSR/refs/heads/master/Clash/ChinaDomain.list
[2026-08-05 21:51:39] [INFO] Downloaded rule-provider ChinaDomain -> ./public/rules/ChinaDomain.yaml
[2026-08-05 21:51:39] [INFO] Updated rule-provider ChinaDomain URL to https://cdn.honglin.ac.cn/statically/gh/flinhong/configs/public/rules/ChinaDomain.yaml
[2026-08-05 21:51:39] [INFO] Downloading: https://raw.githubusercontent.com/ACL4SSR/ACL4SSR/refs/heads/master/Clash/ChinaCompanyIp.list
[2026-08-05 21:51:39] [INFO] Downloaded rule-provider ChinaCompanyIp -> ./public/rules/ChinaCompanyIp.yaml
[2026-08-05 21:51:39] [INFO] Updated rule-provider ChinaCompanyIp URL to https://cdn.honglin.ac.cn/statically/gh/flinhong/configs/public/rules/ChinaCompanyIp.yaml
[2026-08-05 21:51:39] [INFO] Fetching extra proxies...
[2026-08-05 21:51:39] [INFO] All date-based sources have today's file available, using today
[2026-08-05 21:51:39] [INFO] Downloading: https://raw.githubusercontent.com/zhangkaiitugithub/passcro/main/speednodes.yaml
[2026-08-05 21:51:39] [INFO] Downloading: https://raw.githubusercontent.com/peasoft/NoMoreWalls/master/list.yml
[2026-08-05 21:51:39] [INFO] Downloading: https://raw.githubusercontent.com/mahdibland/SSAggregator/master/sub/sub_merge_yaml.yml
[2026-08-05 21:51:39] [INFO] Downloading: https://raw.githubusercontent.com/ts-sf/fly/main/clash
[2026-08-05 21:51:43] [INFO] Fetched 3300 unique proxies for Load Balancer.
[2026-08-05 21:51:43] [INFO] Downloading: https://node.nodefree.me/2026/08/20260805.yaml
[2026-08-05 21:51:43] [INFO] Downloading: https://static.v2rayshare.net/2026/08/20260805.yaml
[2026-08-05 21:51:43] [INFO] Downloading: https://tt.vg/freeclash
[2026-08-05 21:51:43] [INFO] Downloading: https://raw.githubusercontent.com/Ruk1ng001/freeSub/main/clash.yaml
[2026-08-05 21:51:43] [INFO] Downloading: https://raw.githubusercontent.com/free18/v2ray/main/c.yaml
[2026-08-05 21:51:44] [WARNING] Filtered proxy 🇺🇸_美国_5: reality-opts short-id '' missing or invalid
[2026-08-05 21:51:44] [WARNING] Filtered proxy 🇺🇸_美国_6: reality-opts short-id '' missing or invalid
[2026-08-05 21:51:44] [WARNING] Filtered proxy 🇺🇸_美国_7: reality-opts short-id '' missing or invalid
[2026-08-05 21:51:44] [WARNING] Filtered proxy 🇺🇸_美国_9: reality-opts short-id '' missing or invalid
[2026-08-05 21:51:44] [WARNING] Filtered proxy 🇺🇸_美国_10: reality-opts short-id '' missing or invalid
[2026-08-05 21:51:44] [WARNING] Filtered proxy 🇺🇸_美国_11: reality-opts short-id '' missing or invalid
[2026-08-05 21:51:44] [WARNING] Filtered proxy 🇺🇸_美国_12: reality-opts short-id '' missing or invalid
[2026-08-05 21:51:44] [WARNING] Filtered proxy 🇺🇸_美国_13: reality-opts short-id '' missing or invalid
[2026-08-05 21:51:44] [WARNING] Filtered proxy 🇺🇸_美国_14: reality-opts short-id '' missing or invalid
[2026-08-05 21:51:44] [WARNING] Filtered proxy 🇺🇸_美国_15: reality-opts short-id '' missing or invalid
[2026-08-05 21:51:44] [WARNING] Filtered proxy 🇺🇸_美国_16: reality-opts short-id '' missing or invalid
[2026-08-05 21:51:44] [WARNING] Filtered proxy 🇺🇸_美国_17: reality-opts short-id '' missing or invalid
[2026-08-05 21:51:44] [WARNING] Filtered proxy 🇺🇸_美国_19: reality-opts short-id '' missing or invalid
[2026-08-05 21:51:44] [WARNING] Filtered proxy 🇺🇸_美国_26: reality-opts short-id '' missing or invalid
[2026-08-05 21:51:44] [WARNING] Filtered proxy 🇺🇸_美国_27: reality-opts short-id '' missing or invalid
[2026-08-05 21:51:44] [WARNING] Filtered proxy 🇺🇸_美国_28: reality-opts short-id '' missing or invalid
[2026-08-05 21:51:44] [WARNING] Filtered proxy 🇨🇦_加拿大_34: reality-opts short-id '' missing or invalid
[2026-08-05 21:51:44] [WARNING] Filtered proxy 🇺🇸_美国_37: reality-opts short-id '' missing or invalid
[2026-08-05 21:51:44] [WARNING] Filtered proxy 🇺🇸_美国_40: reality-opts short-id '' missing or invalid
[2026-08-05 21:51:44] [WARNING] Filtered proxy 🇺🇸_美国_42: reality-opts short-id '' missing or invalid
[2026-08-05 21:51:44] [WARNING] Filtered proxy 🇹🇷_土耳其_46: reality-opts short-id '' missing or invalid
[2026-08-05 21:51:44] [WARNING] Filtered proxy 🇺🇸_美国_49: reality-opts short-id '' missing or invalid
[2026-08-05 21:51:44] [WARNING] Filtered proxy 🇺🇸_美国_51: reality-opts short-id '' missing or invalid
[2026-08-05 21:51:44] [WARNING] Filtered proxy 🇺🇸_美国_52: reality-opts short-id '' missing or invalid
[2026-08-05 21:51:44] [WARNING] Filtered proxy 🇪🇸_西班牙_54: reality-opts short-id '' missing or invalid
[2026-08-05 21:51:44] [WARNING] Filtered proxy 🇺🇸_美国_56: reality-opts short-id '' missing or invalid
[2026-08-05 21:51:44] [WARNING] Filtered proxy 🇺🇸_美国_58: reality-opts short-id '' missing or invalid
[2026-08-05 21:51:44] [WARNING] Filtered proxy 🇺🇸_美国_59: reality-opts short-id '' missing or invalid
[2026-08-05 21:51:44] [WARNING] Filtered proxy 🇺🇸_美国_60: reality-opts short-id '' missing or invalid
[2026-08-05 21:51:44] [WARNING] Filtered proxy 🇺🇸_美国_62: reality-opts short-id '' missing or invalid
[2026-08-05 21:51:44] [WARNING] Filtered proxy 🇺🇸_美国_63: reality-opts short-id '' missing or invalid
[2026-08-05 21:51:44] [WARNING] Filtered proxy 🇪🇸_西班牙_69: reality-opts short-id '' missing or invalid
[2026-08-05 21:51:44] [WARNING] Filtered proxy 🇺🇸_美国_74: reality-opts short-id '' missing or invalid
[2026-08-05 21:51:44] [WARNING] Filtered proxy 🇩🇪_DE_德国_2: reality-opts short-id '' missing or invalid
[2026-08-05 21:51:44] [WARNING] Filtered proxy 🇺🇸_US_美国: reality-opts short-id '' missing or invalid
[2026-08-05 21:51:44] [WARNING] Filtered proxy 🟠🇳🇱[📺🎭🎪✨]_github.com/Ruk1ng001_a430c6c9: reality-opts short-id '' missing or invalid
[2026-08-05 21:51:44] [WARNING] Filtered proxy 🟢🇷🇺[🤖📺🎭🎪]_github.com/Ruk1ng001_94815d79: reality-opts short-id '' missing or invalid
[2026-08-05 21:51:44] [WARNING] Filtered proxy 🔴🇹🇷[📺🎭🎪✈️]_github.com/Ruk1ng001_b63ab65e: reality-opts short-id '' missing or invalid
[2026-08-05 21:51:44] [WARNING] Filtered proxy 🇩🇪_DE_德国_2: reality-opts short-id '' missing or invalid
[2026-08-05 21:51:44] [WARNING] Filtered proxy 🇺🇸_US_美国: reality-opts short-id '' missing or invalid
[2026-08-05 21:51:44] [INFO] Fetched 268 unique proxies for Auto Select.
[2026-08-05 21:51:44] [WARNING] Filtered proxy 🇺🇸_US_美国_1: reality-opts short-id '' missing or invalid
[2026-08-05 21:51:44] [WARNING] Filtered proxy 🇺🇸_US_美国_2: reality-opts short-id '' missing or invalid
[2026-08-05 21:51:44] [INFO] Filtered original proxies: 24 remaining
[2026-08-05 21:51:45] [INFO] Successfully wrote config to ./public/subscribe/clash.yml
