[2026-07-01 10:50:46] [INFO] Downloading: https://www.ermao.net/sub/clash/ermao.net
[2026-07-01 10:50:47] [INFO] Main subscription fetched and parsed.
[2026-07-01 10:50:47] [INFO] Downloading rule-providers...
[2026-07-01 10:50:47] [INFO] Downloading: https://raw.githubusercontent.com/ACL4SSR/ACL4SSR/refs/heads/master/Clash/LocalAreaNetwork.list
[2026-07-01 10:50:47] [INFO] Downloaded rule-provider LocalAreaNetwork -> ./public/rules/LocalAreaNetwork.yaml
[2026-07-01 10:50:47] [INFO] Updated rule-provider LocalAreaNetwork URL to https://cdn.honglin.ac.cn/statically/gh/flinhong/configs/public/rules/LocalAreaNetwork.yaml
[2026-07-01 10:50:47] [INFO] Downloading: https://raw.githubusercontent.com/ACL4SSR/ACL4SSR/refs/heads/master/Clash/BanAD.list
[2026-07-01 10:50:47] [INFO] Downloaded rule-provider BanAD -> ./public/rules/BanAD.yaml
[2026-07-01 10:50:47] [INFO] Updated rule-provider BanAD URL to https://cdn.honglin.ac.cn/statically/gh/flinhong/configs/public/rules/BanAD.yaml
[2026-07-01 10:50:47] [INFO] Downloading: https://raw.githubusercontent.com/ACL4SSR/ACL4SSR/refs/heads/master/Clash/BanProgramAD.list
[2026-07-01 10:50:47] [INFO] Downloaded rule-provider BanProgramAD -> ./public/rules/BanProgramAD.yaml
[2026-07-01 10:50:47] [INFO] Updated rule-provider BanProgramAD URL to https://cdn.honglin.ac.cn/statically/gh/flinhong/configs/public/rules/BanProgramAD.yaml
[2026-07-01 10:50:47] [INFO] Downloading: https://raw.githubusercontent.com/ACL4SSR/ACL4SSR/refs/heads/master/Clash/BanEasyList.list
[2026-07-01 10:50:48] [INFO] Downloaded rule-provider BanEasyList -> ./public/rules/BanEasyList.yaml
[2026-07-01 10:50:48] [INFO] Updated rule-provider BanEasyList URL to https://cdn.honglin.ac.cn/statically/gh/flinhong/configs/public/rules/BanEasyList.yaml
[2026-07-01 10:50:48] [INFO] Downloading: https://raw.githubusercontent.com/ACL4SSR/ACL4SSR/refs/heads/master/Clash/BanEasyListChina.list
[2026-07-01 10:50:48] [INFO] Downloaded rule-provider BanEasyListChina -> ./public/rules/BanEasyListChina.yaml
[2026-07-01 10:50:48] [INFO] Updated rule-provider BanEasyListChina URL to https://cdn.honglin.ac.cn/statically/gh/flinhong/configs/public/rules/BanEasyListChina.yaml
[2026-07-01 10:50:48] [INFO] Downloading: https://raw.githubusercontent.com/ACL4SSR/ACL4SSR/refs/heads/master/Clash/BanEasyPrivacy.list
[2026-07-01 10:50:48] [INFO] Downloaded rule-provider BanEasyPrivacy -> ./public/rules/BanEasyPrivacy.yaml
[2026-07-01 10:50:48] [INFO] Updated rule-provider BanEasyPrivacy URL to https://cdn.honglin.ac.cn/statically/gh/flinhong/configs/public/rules/BanEasyPrivacy.yaml
[2026-07-01 10:50:48] [INFO] Downloading: https://raw.githubusercontent.com/ACL4SSR/ACL4SSR/refs/heads/master/Clash/GoogleCN.list
[2026-07-01 10:50:48] [INFO] Downloaded rule-provider GoogleCN -> ./public/rules/GoogleCN.yaml
[2026-07-01 10:50:48] [INFO] Updated rule-provider GoogleCN URL to https://cdn.honglin.ac.cn/statically/gh/flinhong/configs/public/rules/GoogleCN.yaml
[2026-07-01 10:50:48] [INFO] Downloading: https://raw.githubusercontent.com/ACL4SSR/ACL4SSR/refs/heads/master/Clash/Ruleset/SteamCN.list
[2026-07-01 10:50:48] [INFO] Downloaded rule-provider SteamCN -> ./public/rules/SteamCN.yaml
[2026-07-01 10:50:48] [INFO] Updated rule-provider SteamCN URL to https://cdn.honglin.ac.cn/statically/gh/flinhong/configs/public/rules/SteamCN.yaml
[2026-07-01 10:50:48] [INFO] Downloading: https://raw.githubusercontent.com/ACL4SSR/ACL4SSR/refs/heads/master/Clash/Microsoft.list
[2026-07-01 10:50:48] [INFO] Downloaded rule-provider Microsoft -> ./public/rules/Microsoft.yaml
[2026-07-01 10:50:48] [INFO] Updated rule-provider Microsoft URL to https://cdn.honglin.ac.cn/statically/gh/flinhong/configs/public/rules/Microsoft.yaml
[2026-07-01 10:50:48] [INFO] Downloading: https://raw.githubusercontent.com/ACL4SSR/ACL4SSR/refs/heads/master/Clash/Apple.list
[2026-07-01 10:50:48] [INFO] Downloaded rule-provider Apple -> ./public/rules/Apple.yaml
[2026-07-01 10:50:48] [INFO] Updated rule-provider Apple URL to https://cdn.honglin.ac.cn/statically/gh/flinhong/configs/public/rules/Apple.yaml
[2026-07-01 10:50:48] [INFO] Downloading: https://raw.githubusercontent.com/ACL4SSR/ACL4SSR/refs/heads/master/Clash/ProxyMedia.list
[2026-07-01 10:50:48] [INFO] Downloaded rule-provider ProxyMedia -> ./public/rules/ProxyMedia.yaml
[2026-07-01 10:50:48] [INFO] Updated rule-provider ProxyMedia URL to https://cdn.honglin.ac.cn/statically/gh/flinhong/configs/public/rules/ProxyMedia.yaml
[2026-07-01 10:50:48] [INFO] Downloading: https://raw.githubusercontent.com/ACL4SSR/ACL4SSR/refs/heads/master/Clash/Telegram.list
[2026-07-01 10:50:49] [INFO] Downloaded rule-provider Telegram -> ./public/rules/Telegram.yaml
[2026-07-01 10:50:49] [INFO] Updated rule-provider Telegram URL to https://cdn.honglin.ac.cn/statically/gh/flinhong/configs/public/rules/Telegram.yaml
[2026-07-01 10:50:49] [INFO] Downloading: https://raw.githubusercontent.com/ACL4SSR/ACL4SSR/refs/heads/master/Clash/ProxyLite.list
[2026-07-01 10:50:49] [INFO] Downloaded rule-provider ProxyLite -> ./public/rules/ProxyLite.yaml
[2026-07-01 10:50:49] [INFO] Updated rule-provider ProxyLite URL to https://cdn.honglin.ac.cn/statically/gh/flinhong/configs/public/rules/ProxyLite.yaml
[2026-07-01 10:50:49] [INFO] Downloading: https://raw.githubusercontent.com/ACL4SSR/ACL4SSR/refs/heads/master/Clash/ChinaDomain.list
[2026-07-01 10:50:49] [INFO] Downloaded rule-provider ChinaDomain -> ./public/rules/ChinaDomain.yaml
[2026-07-01 10:50:49] [INFO] Updated rule-provider ChinaDomain URL to https://cdn.honglin.ac.cn/statically/gh/flinhong/configs/public/rules/ChinaDomain.yaml
[2026-07-01 10:50:49] [INFO] Downloading: https://raw.githubusercontent.com/ACL4SSR/ACL4SSR/refs/heads/master/Clash/ChinaCompanyIp.list
[2026-07-01 10:50:49] [INFO] Downloaded rule-provider ChinaCompanyIp -> ./public/rules/ChinaCompanyIp.yaml
[2026-07-01 10:50:49] [INFO] Updated rule-provider ChinaCompanyIp URL to https://cdn.honglin.ac.cn/statically/gh/flinhong/configs/public/rules/ChinaCompanyIp.yaml
[2026-07-01 10:50:49] [INFO] Fetching extra proxies...
[2026-07-01 10:50:49] [INFO] All date-based sources have today's file available, using today
[2026-07-01 10:50:49] [INFO] Downloading: https://raw.githubusercontent.com/zhangkaiitugithub/passcro/main/speednodes.yaml
[2026-07-01 10:50:49] [INFO] Downloading: https://raw.githubusercontent.com/peasoft/NoMoreWalls/master/list.yml
[2026-07-01 10:50:49] [INFO] Downloading: https://raw.githubusercontent.com/mahdibland/SSAggregator/master/sub/sub_merge_yaml.yml
[2026-07-01 10:50:49] [INFO] Downloading: https://raw.githubusercontent.com/ts-sf/fly/main/clash
[2026-07-01 10:50:53] [INFO] Fetched 3328 unique proxies for Load Balancer.
[2026-07-01 10:50:53] [INFO] Downloading: https://node.nodefree.me/2026/07/20260701.yaml
[2026-07-01 10:50:53] [INFO] Downloading: https://static.v2rayshare.net/2026/07/20260701.yaml
[2026-07-01 10:50:53] [INFO] Downloading: https://tt.vg/freeclash
[2026-07-01 10:50:53] [INFO] Downloading: https://raw.githubusercontent.com/Ruk1ng001/freeSub/main/clash.yaml
[2026-07-01 10:50:53] [INFO] Downloading: https://raw.githubusercontent.com/free18/v2ray/main/c.yaml
[2026-07-01 10:50:54] [WARNING] Filtered proxy 🇭🇰_HK_中国香港: reality-opts short-id '' missing or invalid
[2026-07-01 10:50:54] [WARNING] Filtered proxy 🇭🇰_HK_中国香港: reality-opts short-id '' missing or invalid
[2026-07-01 10:50:54] [INFO] Fetched 650 unique proxies for Auto Select.
[2026-07-01 10:50:54] [INFO] Filtered original proxies: 28 remaining
[2026-07-01 10:50:56] [INFO] Successfully wrote config to ./public/subscribe/clash.yml
[2026-07-01 22:20:54] [INFO] Downloading: https://www.ermao.net/sub/clash/ermao.net
[2026-07-01 22:20:54] [INFO] Main subscription fetched and parsed.
[2026-07-01 22:20:54] [INFO] Downloading rule-providers...
[2026-07-01 22:20:54] [INFO] Downloading: https://raw.githubusercontent.com/ACL4SSR/ACL4SSR/refs/heads/master/Clash/LocalAreaNetwork.list
[2026-07-01 22:20:54] [INFO] Downloaded rule-provider LocalAreaNetwork -> ./public/rules/LocalAreaNetwork.yaml
[2026-07-01 22:20:54] [INFO] Updated rule-provider LocalAreaNetwork URL to https://cdn.honglin.ac.cn/statically/gh/flinhong/configs/public/rules/LocalAreaNetwork.yaml
[2026-07-01 22:20:54] [INFO] Downloading: https://raw.githubusercontent.com/ACL4SSR/ACL4SSR/refs/heads/master/Clash/BanAD.list
[2026-07-01 22:20:54] [INFO] Downloaded rule-provider BanAD -> ./public/rules/BanAD.yaml
[2026-07-01 22:20:54] [INFO] Updated rule-provider BanAD URL to https://cdn.honglin.ac.cn/statically/gh/flinhong/configs/public/rules/BanAD.yaml
[2026-07-01 22:20:54] [INFO] Downloading: https://raw.githubusercontent.com/ACL4SSR/ACL4SSR/refs/heads/master/Clash/BanProgramAD.list
[2026-07-01 22:20:55] [INFO] Downloaded rule-provider BanProgramAD -> ./public/rules/BanProgramAD.yaml
[2026-07-01 22:20:55] [INFO] Updated rule-provider BanProgramAD URL to https://cdn.honglin.ac.cn/statically/gh/flinhong/configs/public/rules/BanProgramAD.yaml
[2026-07-01 22:20:55] [INFO] Downloading: https://raw.githubusercontent.com/ACL4SSR/ACL4SSR/refs/heads/master/Clash/BanEasyList.list
[2026-07-01 22:20:55] [INFO] Downloaded rule-provider BanEasyList -> ./public/rules/BanEasyList.yaml
[2026-07-01 22:20:55] [INFO] Updated rule-provider BanEasyList URL to https://cdn.honglin.ac.cn/statically/gh/flinhong/configs/public/rules/BanEasyList.yaml
[2026-07-01 22:20:55] [INFO] Downloading: https://raw.githubusercontent.com/ACL4SSR/ACL4SSR/refs/heads/master/Clash/BanEasyListChina.list
[2026-07-01 22:20:55] [INFO] Downloaded rule-provider BanEasyListChina -> ./public/rules/BanEasyListChina.yaml
[2026-07-01 22:20:55] [INFO] Updated rule-provider BanEasyListChina URL to https://cdn.honglin.ac.cn/statically/gh/flinhong/configs/public/rules/BanEasyListChina.yaml
[2026-07-01 22:20:55] [INFO] Downloading: https://raw.githubusercontent.com/ACL4SSR/ACL4SSR/refs/heads/master/Clash/BanEasyPrivacy.list
[2026-07-01 22:20:55] [INFO] Downloaded rule-provider BanEasyPrivacy -> ./public/rules/BanEasyPrivacy.yaml
[2026-07-01 22:20:55] [INFO] Updated rule-provider BanEasyPrivacy URL to https://cdn.honglin.ac.cn/statically/gh/flinhong/configs/public/rules/BanEasyPrivacy.yaml
[2026-07-01 22:20:55] [INFO] Downloading: https://raw.githubusercontent.com/ACL4SSR/ACL4SSR/refs/heads/master/Clash/GoogleCN.list
[2026-07-01 22:20:55] [INFO] Downloaded rule-provider GoogleCN -> ./public/rules/GoogleCN.yaml
[2026-07-01 22:20:55] [INFO] Updated rule-provider GoogleCN URL to https://cdn.honglin.ac.cn/statically/gh/flinhong/configs/public/rules/GoogleCN.yaml
[2026-07-01 22:20:55] [INFO] Downloading: https://raw.githubusercontent.com/ACL4SSR/ACL4SSR/refs/heads/master/Clash/Ruleset/SteamCN.list
[2026-07-01 22:20:55] [INFO] Downloaded rule-provider SteamCN -> ./public/rules/SteamCN.yaml
[2026-07-01 22:20:55] [INFO] Updated rule-provider SteamCN URL to https://cdn.honglin.ac.cn/statically/gh/flinhong/configs/public/rules/SteamCN.yaml
[2026-07-01 22:20:55] [INFO] Downloading: https://raw.githubusercontent.com/ACL4SSR/ACL4SSR/refs/heads/master/Clash/Microsoft.list
[2026-07-01 22:20:56] [INFO] Downloaded rule-provider Microsoft -> ./public/rules/Microsoft.yaml
[2026-07-01 22:20:56] [INFO] Updated rule-provider Microsoft URL to https://cdn.honglin.ac.cn/statically/gh/flinhong/configs/public/rules/Microsoft.yaml
[2026-07-01 22:20:56] [INFO] Downloading: https://raw.githubusercontent.com/ACL4SSR/ACL4SSR/refs/heads/master/Clash/Apple.list
[2026-07-01 22:20:56] [INFO] Downloaded rule-provider Apple -> ./public/rules/Apple.yaml
[2026-07-01 22:20:56] [INFO] Updated rule-provider Apple URL to https://cdn.honglin.ac.cn/statically/gh/flinhong/configs/public/rules/Apple.yaml
[2026-07-01 22:20:56] [INFO] Downloading: https://raw.githubusercontent.com/ACL4SSR/ACL4SSR/refs/heads/master/Clash/ProxyMedia.list
[2026-07-01 22:20:56] [INFO] Downloaded rule-provider ProxyMedia -> ./public/rules/ProxyMedia.yaml
[2026-07-01 22:20:56] [INFO] Updated rule-provider ProxyMedia URL to https://cdn.honglin.ac.cn/statically/gh/flinhong/configs/public/rules/ProxyMedia.yaml
[2026-07-01 22:20:56] [INFO] Downloading: https://raw.githubusercontent.com/ACL4SSR/ACL4SSR/refs/heads/master/Clash/Telegram.list
[2026-07-01 22:20:56] [INFO] Downloaded rule-provider Telegram -> ./public/rules/Telegram.yaml
[2026-07-01 22:20:56] [INFO] Updated rule-provider Telegram URL to https://cdn.honglin.ac.cn/statically/gh/flinhong/configs/public/rules/Telegram.yaml
[2026-07-01 22:20:56] [INFO] Downloading: https://raw.githubusercontent.com/ACL4SSR/ACL4SSR/refs/heads/master/Clash/ProxyLite.list
[2026-07-01 22:20:56] [INFO] Downloaded rule-provider ProxyLite -> ./public/rules/ProxyLite.yaml
[2026-07-01 22:20:56] [INFO] Updated rule-provider ProxyLite URL to https://cdn.honglin.ac.cn/statically/gh/flinhong/configs/public/rules/ProxyLite.yaml
[2026-07-01 22:20:56] [INFO] Downloading: https://raw.githubusercontent.com/ACL4SSR/ACL4SSR/refs/heads/master/Clash/ChinaDomain.list
[2026-07-01 22:20:56] [INFO] Downloaded rule-provider ChinaDomain -> ./public/rules/ChinaDomain.yaml
[2026-07-01 22:20:56] [INFO] Updated rule-provider ChinaDomain URL to https://cdn.honglin.ac.cn/statically/gh/flinhong/configs/public/rules/ChinaDomain.yaml
[2026-07-01 22:20:56] [INFO] Downloading: https://raw.githubusercontent.com/ACL4SSR/ACL4SSR/refs/heads/master/Clash/ChinaCompanyIp.list
[2026-07-01 22:20:56] [INFO] Downloaded rule-provider ChinaCompanyIp -> ./public/rules/ChinaCompanyIp.yaml
[2026-07-01 22:20:56] [INFO] Updated rule-provider ChinaCompanyIp URL to https://cdn.honglin.ac.cn/statically/gh/flinhong/configs/public/rules/ChinaCompanyIp.yaml
[2026-07-01 22:20:56] [INFO] Fetching extra proxies...
[2026-07-01 22:20:57] [INFO] All date-based sources have today's file available, using today
[2026-07-01 22:20:57] [INFO] Downloading: https://raw.githubusercontent.com/zhangkaiitugithub/passcro/main/speednodes.yaml
[2026-07-01 22:20:57] [INFO] Downloading: https://raw.githubusercontent.com/peasoft/NoMoreWalls/master/list.yml
[2026-07-01 22:20:57] [INFO] Downloading: https://raw.githubusercontent.com/mahdibland/SSAggregator/master/sub/sub_merge_yaml.yml
[2026-07-01 22:20:57] [INFO] Downloading: https://raw.githubusercontent.com/ts-sf/fly/main/clash
[2026-07-01 22:20:59] [INFO] Fetched 3299 unique proxies for Load Balancer.
[2026-07-01 22:20:59] [INFO] Downloading: https://node.nodefree.me/2026/07/20260701.yaml
[2026-07-01 22:20:59] [INFO] Downloading: https://static.v2rayshare.net/2026/07/20260701.yaml
[2026-07-01 22:20:59] [INFO] Downloading: https://raw.githubusercontent.com/Ruk1ng001/freeSub/main/clash.yaml
[2026-07-01 22:20:59] [INFO] Downloading: https://tt.vg/freeclash
[2026-07-01 22:20:59] [INFO] Downloading: https://raw.githubusercontent.com/free18/v2ray/main/c.yaml
[2026-07-01 22:21:00] [WARNING] Filtered proxy 🇷🇺_俄罗斯_20: reality-opts short-id '' missing or invalid
[2026-07-01 22:21:00] [WARNING] Filtered proxy 🇭🇰_HK_中国香港: reality-opts short-id '' missing or invalid
[2026-07-01 22:21:00] [WARNING] Filtered proxy 🇭🇰_HK_中国香港: reality-opts short-id '' missing or invalid
[2026-07-01 22:21:00] [INFO] Fetched 668 unique proxies for Auto Select.
[2026-07-01 22:21:00] [INFO] Filtered original proxies: 24 remaining
[2026-07-01 22:21:01] [INFO] Successfully wrote config to ./public/subscribe/clash.yml
[2026-07-02 10:40:29] [INFO] Downloading: https://www.ermao.net/sub/clash/ermao.net
[2026-07-02 10:40:29] [INFO] Main subscription fetched and parsed.
[2026-07-02 10:40:29] [INFO] Downloading rule-providers...
[2026-07-02 10:40:29] [INFO] Downloading: https://raw.githubusercontent.com/ACL4SSR/ACL4SSR/refs/heads/master/Clash/LocalAreaNetwork.list
[2026-07-02 10:40:29] [INFO] Downloaded rule-provider LocalAreaNetwork -> ./public/rules/LocalAreaNetwork.yaml
[2026-07-02 10:40:29] [INFO] Updated rule-provider LocalAreaNetwork URL to https://cdn.honglin.ac.cn/statically/gh/flinhong/configs/public/rules/LocalAreaNetwork.yaml
[2026-07-02 10:40:29] [INFO] Downloading: https://raw.githubusercontent.com/ACL4SSR/ACL4SSR/refs/heads/master/Clash/BanAD.list
[2026-07-02 10:40:29] [INFO] Downloaded rule-provider BanAD -> ./public/rules/BanAD.yaml
[2026-07-02 10:40:29] [INFO] Updated rule-provider BanAD URL to https://cdn.honglin.ac.cn/statically/gh/flinhong/configs/public/rules/BanAD.yaml
[2026-07-02 10:40:29] [INFO] Downloading: https://raw.githubusercontent.com/ACL4SSR/ACL4SSR/refs/heads/master/Clash/BanProgramAD.list
[2026-07-02 10:40:30] [INFO] Downloaded rule-provider BanProgramAD -> ./public/rules/BanProgramAD.yaml
[2026-07-02 10:40:30] [INFO] Updated rule-provider BanProgramAD URL to https://cdn.honglin.ac.cn/statically/gh/flinhong/configs/public/rules/BanProgramAD.yaml
[2026-07-02 10:40:30] [INFO] Downloading: https://raw.githubusercontent.com/ACL4SSR/ACL4SSR/refs/heads/master/Clash/BanEasyList.list
[2026-07-02 10:40:30] [INFO] Downloaded rule-provider BanEasyList -> ./public/rules/BanEasyList.yaml
[2026-07-02 10:40:30] [INFO] Updated rule-provider BanEasyList URL to https://cdn.honglin.ac.cn/statically/gh/flinhong/configs/public/rules/BanEasyList.yaml
[2026-07-02 10:40:30] [INFO] Downloading: https://raw.githubusercontent.com/ACL4SSR/ACL4SSR/refs/heads/master/Clash/BanEasyListChina.list
[2026-07-02 10:40:30] [INFO] Downloaded rule-provider BanEasyListChina -> ./public/rules/BanEasyListChina.yaml
[2026-07-02 10:40:30] [INFO] Updated rule-provider BanEasyListChina URL to https://cdn.honglin.ac.cn/statically/gh/flinhong/configs/public/rules/BanEasyListChina.yaml
[2026-07-02 10:40:30] [INFO] Downloading: https://raw.githubusercontent.com/ACL4SSR/ACL4SSR/refs/heads/master/Clash/BanEasyPrivacy.list
[2026-07-02 10:40:30] [INFO] Downloaded rule-provider BanEasyPrivacy -> ./public/rules/BanEasyPrivacy.yaml
[2026-07-02 10:40:30] [INFO] Updated rule-provider BanEasyPrivacy URL to https://cdn.honglin.ac.cn/statically/gh/flinhong/configs/public/rules/BanEasyPrivacy.yaml
[2026-07-02 10:40:30] [INFO] Downloading: https://raw.githubusercontent.com/ACL4SSR/ACL4SSR/refs/heads/master/Clash/GoogleCN.list
[2026-07-02 10:40:30] [INFO] Downloaded rule-provider GoogleCN -> ./public/rules/GoogleCN.yaml
[2026-07-02 10:40:30] [INFO] Updated rule-provider GoogleCN URL to https://cdn.honglin.ac.cn/statically/gh/flinhong/configs/public/rules/GoogleCN.yaml
[2026-07-02 10:40:30] [INFO] Downloading: https://raw.githubusercontent.com/ACL4SSR/ACL4SSR/refs/heads/master/Clash/Ruleset/SteamCN.list
[2026-07-02 10:40:30] [INFO] Downloaded rule-provider SteamCN -> ./public/rules/SteamCN.yaml
[2026-07-02 10:40:30] [INFO] Updated rule-provider SteamCN URL to https://cdn.honglin.ac.cn/statically/gh/flinhong/configs/public/rules/SteamCN.yaml
[2026-07-02 10:40:30] [INFO] Downloading: https://raw.githubusercontent.com/ACL4SSR/ACL4SSR/refs/heads/master/Clash/Microsoft.list
[2026-07-02 10:40:30] [INFO] Downloaded rule-provider Microsoft -> ./public/rules/Microsoft.yaml
[2026-07-02 10:40:30] [INFO] Updated rule-provider Microsoft URL to https://cdn.honglin.ac.cn/statically/gh/flinhong/configs/public/rules/Microsoft.yaml
[2026-07-02 10:40:30] [INFO] Downloading: https://raw.githubusercontent.com/ACL4SSR/ACL4SSR/refs/heads/master/Clash/Apple.list
[2026-07-02 10:40:30] [INFO] Downloaded rule-provider Apple -> ./public/rules/Apple.yaml
[2026-07-02 10:40:30] [INFO] Updated rule-provider Apple URL to https://cdn.honglin.ac.cn/statically/gh/flinhong/configs/public/rules/Apple.yaml
[2026-07-02 10:40:30] [INFO] Downloading: https://raw.githubusercontent.com/ACL4SSR/ACL4SSR/refs/heads/master/Clash/ProxyMedia.list
[2026-07-02 10:40:30] [INFO] Downloaded rule-provider ProxyMedia -> ./public/rules/ProxyMedia.yaml
[2026-07-02 10:40:30] [INFO] Updated rule-provider ProxyMedia URL to https://cdn.honglin.ac.cn/statically/gh/flinhong/configs/public/rules/ProxyMedia.yaml
[2026-07-02 10:40:30] [INFO] Downloading: https://raw.githubusercontent.com/ACL4SSR/ACL4SSR/refs/heads/master/Clash/Telegram.list
[2026-07-02 10:40:30] [INFO] Downloaded rule-provider Telegram -> ./public/rules/Telegram.yaml
[2026-07-02 10:40:30] [INFO] Updated rule-provider Telegram URL to https://cdn.honglin.ac.cn/statically/gh/flinhong/configs/public/rules/Telegram.yaml
[2026-07-02 10:40:30] [INFO] Downloading: https://raw.githubusercontent.com/ACL4SSR/ACL4SSR/refs/heads/master/Clash/ProxyLite.list
[2026-07-02 10:40:30] [INFO] Downloaded rule-provider ProxyLite -> ./public/rules/ProxyLite.yaml
[2026-07-02 10:40:30] [INFO] Updated rule-provider ProxyLite URL to https://cdn.honglin.ac.cn/statically/gh/flinhong/configs/public/rules/ProxyLite.yaml
[2026-07-02 10:40:30] [INFO] Downloading: https://raw.githubusercontent.com/ACL4SSR/ACL4SSR/refs/heads/master/Clash/ChinaDomain.list
[2026-07-02 10:40:30] [INFO] Downloaded rule-provider ChinaDomain -> ./public/rules/ChinaDomain.yaml
[2026-07-02 10:40:30] [INFO] Updated rule-provider ChinaDomain URL to https://cdn.honglin.ac.cn/statically/gh/flinhong/configs/public/rules/ChinaDomain.yaml
[2026-07-02 10:40:30] [INFO] Downloading: https://raw.githubusercontent.com/ACL4SSR/ACL4SSR/refs/heads/master/Clash/ChinaCompanyIp.list
[2026-07-02 10:40:31] [INFO] Downloaded rule-provider ChinaCompanyIp -> ./public/rules/ChinaCompanyIp.yaml
[2026-07-02 10:40:31] [INFO] Updated rule-provider ChinaCompanyIp URL to https://cdn.honglin.ac.cn/statically/gh/flinhong/configs/public/rules/ChinaCompanyIp.yaml
[2026-07-02 10:40:31] [INFO] Fetching extra proxies...
[2026-07-02 10:40:31] [INFO] All date-based sources have today's file available, using today
[2026-07-02 10:40:31] [INFO] Downloading: https://raw.githubusercontent.com/zhangkaiitugithub/passcro/main/speednodes.yaml
[2026-07-02 10:40:31] [INFO] Downloading: https://raw.githubusercontent.com/peasoft/NoMoreWalls/master/list.yml
[2026-07-02 10:40:31] [INFO] Downloading: https://raw.githubusercontent.com/mahdibland/SSAggregator/master/sub/sub_merge_yaml.yml
[2026-07-02 10:40:31] [INFO] Downloading: https://raw.githubusercontent.com/ts-sf/fly/main/clash
[2026-07-02 10:40:35] [INFO] Fetched 3348 unique proxies for Load Balancer.
[2026-07-02 10:40:35] [INFO] Downloading: https://node.nodefree.me/2026/07/20260702.yaml
[2026-07-02 10:40:35] [INFO] Downloading: https://static.v2rayshare.net/2026/07/20260702.yaml
[2026-07-02 10:40:35] [INFO] Downloading: https://tt.vg/freeclash
[2026-07-02 10:40:35] [INFO] Downloading: https://raw.githubusercontent.com/Ruk1ng001/freeSub/main/clash.yaml
[2026-07-02 10:40:35] [INFO] Downloading: https://raw.githubusercontent.com/free18/v2ray/main/c.yaml
[2026-07-02 10:40:36] [WARNING] Filtered proxy 🇷🇺_俄罗斯_20: reality-opts short-id '' missing or invalid
[2026-07-02 10:40:36] [WARNING] Filtered proxy 🇭🇰_HK_中国香港: reality-opts short-id '' missing or invalid
[2026-07-02 10:40:36] [WARNING] Filtered proxy 🇭🇰_HK_中国香港: reality-opts short-id '' missing or invalid
[2026-07-02 10:40:36] [INFO] Fetched 665 unique proxies for Auto Select.
[2026-07-02 10:40:36] [INFO] Filtered original proxies: 20 remaining
[2026-07-02 10:40:38] [INFO] Successfully wrote config to ./public/subscribe/clash.yml
[2026-07-02 21:45:16] [INFO] Downloading: https://www.ermao.net/sub/clash/ermao.net
[2026-07-02 21:45:17] [INFO] Main subscription fetched and parsed.
[2026-07-02 21:45:17] [INFO] Downloading rule-providers...
[2026-07-02 21:45:17] [INFO] Downloading: https://raw.githubusercontent.com/ACL4SSR/ACL4SSR/refs/heads/master/Clash/LocalAreaNetwork.list
[2026-07-02 21:45:17] [INFO] Downloaded rule-provider LocalAreaNetwork -> ./public/rules/LocalAreaNetwork.yaml
[2026-07-02 21:45:17] [INFO] Updated rule-provider LocalAreaNetwork URL to https://cdn.honglin.ac.cn/statically/gh/flinhong/configs/public/rules/LocalAreaNetwork.yaml
[2026-07-02 21:45:17] [INFO] Downloading: https://raw.githubusercontent.com/ACL4SSR/ACL4SSR/refs/heads/master/Clash/BanAD.list
[2026-07-02 21:45:17] [INFO] Downloaded rule-provider BanAD -> ./public/rules/BanAD.yaml
[2026-07-02 21:45:17] [INFO] Updated rule-provider BanAD URL to https://cdn.honglin.ac.cn/statically/gh/flinhong/configs/public/rules/BanAD.yaml
[2026-07-02 21:45:17] [INFO] Downloading: https://raw.githubusercontent.com/ACL4SSR/ACL4SSR/refs/heads/master/Clash/BanProgramAD.list
[2026-07-02 21:45:17] [INFO] Downloaded rule-provider BanProgramAD -> ./public/rules/BanProgramAD.yaml
[2026-07-02 21:45:17] [INFO] Updated rule-provider BanProgramAD URL to https://cdn.honglin.ac.cn/statically/gh/flinhong/configs/public/rules/BanProgramAD.yaml
[2026-07-02 21:45:17] [INFO] Downloading: https://raw.githubusercontent.com/ACL4SSR/ACL4SSR/refs/heads/master/Clash/BanEasyList.list
[2026-07-02 21:45:17] [INFO] Downloaded rule-provider BanEasyList -> ./public/rules/BanEasyList.yaml
[2026-07-02 21:45:17] [INFO] Updated rule-provider BanEasyList URL to https://cdn.honglin.ac.cn/statically/gh/flinhong/configs/public/rules/BanEasyList.yaml
[2026-07-02 21:45:17] [INFO] Downloading: https://raw.githubusercontent.com/ACL4SSR/ACL4SSR/refs/heads/master/Clash/BanEasyListChina.list
[2026-07-02 21:45:17] [INFO] Downloaded rule-provider BanEasyListChina -> ./public/rules/BanEasyListChina.yaml
[2026-07-02 21:45:17] [INFO] Updated rule-provider BanEasyListChina URL to https://cdn.honglin.ac.cn/statically/gh/flinhong/configs/public/rules/BanEasyListChina.yaml
[2026-07-02 21:45:17] [INFO] Downloading: https://raw.githubusercontent.com/ACL4SSR/ACL4SSR/refs/heads/master/Clash/BanEasyPrivacy.list
[2026-07-02 21:45:18] [INFO] Downloaded rule-provider BanEasyPrivacy -> ./public/rules/BanEasyPrivacy.yaml
[2026-07-02 21:45:18] [INFO] Updated rule-provider BanEasyPrivacy URL to https://cdn.honglin.ac.cn/statically/gh/flinhong/configs/public/rules/BanEasyPrivacy.yaml
[2026-07-02 21:45:18] [INFO] Downloading: https://raw.githubusercontent.com/ACL4SSR/ACL4SSR/refs/heads/master/Clash/GoogleCN.list
[2026-07-02 21:45:18] [INFO] Downloaded rule-provider GoogleCN -> ./public/rules/GoogleCN.yaml
[2026-07-02 21:45:18] [INFO] Updated rule-provider GoogleCN URL to https://cdn.honglin.ac.cn/statically/gh/flinhong/configs/public/rules/GoogleCN.yaml
[2026-07-02 21:45:18] [INFO] Downloading: https://raw.githubusercontent.com/ACL4SSR/ACL4SSR/refs/heads/master/Clash/Ruleset/SteamCN.list
[2026-07-02 21:45:18] [INFO] Downloaded rule-provider SteamCN -> ./public/rules/SteamCN.yaml
[2026-07-02 21:45:18] [INFO] Updated rule-provider SteamCN URL to https://cdn.honglin.ac.cn/statically/gh/flinhong/configs/public/rules/SteamCN.yaml
[2026-07-02 21:45:18] [INFO] Downloading: https://raw.githubusercontent.com/ACL4SSR/ACL4SSR/refs/heads/master/Clash/Microsoft.list
[2026-07-02 21:45:18] [INFO] Downloaded rule-provider Microsoft -> ./public/rules/Microsoft.yaml
[2026-07-02 21:45:18] [INFO] Updated rule-provider Microsoft URL to https://cdn.honglin.ac.cn/statically/gh/flinhong/configs/public/rules/Microsoft.yaml
[2026-07-02 21:45:18] [INFO] Downloading: https://raw.githubusercontent.com/ACL4SSR/ACL4SSR/refs/heads/master/Clash/Apple.list
[2026-07-02 21:45:18] [INFO] Downloaded rule-provider Apple -> ./public/rules/Apple.yaml
[2026-07-02 21:45:18] [INFO] Updated rule-provider Apple URL to https://cdn.honglin.ac.cn/statically/gh/flinhong/configs/public/rules/Apple.yaml
[2026-07-02 21:45:18] [INFO] Downloading: https://raw.githubusercontent.com/ACL4SSR/ACL4SSR/refs/heads/master/Clash/ProxyMedia.list
[2026-07-02 21:45:18] [INFO] Downloaded rule-provider ProxyMedia -> ./public/rules/ProxyMedia.yaml
[2026-07-02 21:45:18] [INFO] Updated rule-provider ProxyMedia URL to https://cdn.honglin.ac.cn/statically/gh/flinhong/configs/public/rules/ProxyMedia.yaml
[2026-07-02 21:45:18] [INFO] Downloading: https://raw.githubusercontent.com/ACL4SSR/ACL4SSR/refs/heads/master/Clash/Telegram.list
[2026-07-02 21:45:18] [INFO] Downloaded rule-provider Telegram -> ./public/rules/Telegram.yaml
[2026-07-02 21:45:18] [INFO] Updated rule-provider Telegram URL to https://cdn.honglin.ac.cn/statically/gh/flinhong/configs/public/rules/Telegram.yaml
[2026-07-02 21:45:18] [INFO] Downloading: https://raw.githubusercontent.com/ACL4SSR/ACL4SSR/refs/heads/master/Clash/ProxyLite.list
[2026-07-02 21:45:19] [INFO] Downloaded rule-provider ProxyLite -> ./public/rules/ProxyLite.yaml
[2026-07-02 21:45:19] [INFO] Updated rule-provider ProxyLite URL to https://cdn.honglin.ac.cn/statically/gh/flinhong/configs/public/rules/ProxyLite.yaml
[2026-07-02 21:45:19] [INFO] Downloading: https://raw.githubusercontent.com/ACL4SSR/ACL4SSR/refs/heads/master/Clash/ChinaDomain.list
[2026-07-02 21:45:19] [INFO] Downloaded rule-provider ChinaDomain -> ./public/rules/ChinaDomain.yaml
[2026-07-02 21:45:19] [INFO] Updated rule-provider ChinaDomain URL to https://cdn.honglin.ac.cn/statically/gh/flinhong/configs/public/rules/ChinaDomain.yaml
[2026-07-02 21:45:19] [INFO] Downloading: https://raw.githubusercontent.com/ACL4SSR/ACL4SSR/refs/heads/master/Clash/ChinaCompanyIp.list
[2026-07-02 21:45:19] [INFO] Downloaded rule-provider ChinaCompanyIp -> ./public/rules/ChinaCompanyIp.yaml
[2026-07-02 21:45:19] [INFO] Updated rule-provider ChinaCompanyIp URL to https://cdn.honglin.ac.cn/statically/gh/flinhong/configs/public/rules/ChinaCompanyIp.yaml
[2026-07-02 21:45:19] [INFO] Fetching extra proxies...
[2026-07-02 21:45:19] [INFO] All date-based sources have today's file available, using today
[2026-07-02 21:45:19] [INFO] Downloading: https://raw.githubusercontent.com/zhangkaiitugithub/passcro/main/speednodes.yaml
[2026-07-02 21:45:19] [INFO] Downloading: https://raw.githubusercontent.com/peasoft/NoMoreWalls/master/list.yml
[2026-07-02 21:45:19] [INFO] Downloading: https://raw.githubusercontent.com/mahdibland/SSAggregator/master/sub/sub_merge_yaml.yml
[2026-07-02 21:45:19] [INFO] Downloading: https://raw.githubusercontent.com/ts-sf/fly/main/clash
[2026-07-02 21:45:23] [INFO] Fetched 3344 unique proxies for Load Balancer.
[2026-07-02 21:45:23] [INFO] Downloading: https://node.nodefree.me/2026/07/20260702.yaml
[2026-07-02 21:45:23] [INFO] Downloading: https://static.v2rayshare.net/2026/07/20260702.yaml
[2026-07-02 21:45:23] [INFO] Downloading: https://tt.vg/freeclash
[2026-07-02 21:45:23] [INFO] Downloading: https://raw.githubusercontent.com/Ruk1ng001/freeSub/main/clash.yaml
[2026-07-02 21:45:23] [INFO] Downloading: https://raw.githubusercontent.com/free18/v2ray/main/c.yaml
[2026-07-02 21:45:24] [WARNING] Filtered proxy 🇷🇺_俄罗斯_25: reality-opts short-id '' missing or invalid
[2026-07-02 21:45:24] [WARNING] Filtered proxy 🇭🇰_HK_中国香港: reality-opts short-id '' missing or invalid
[2026-07-02 21:45:24] [WARNING] Filtered proxy 🇭🇰_HK_中国香港: reality-opts short-id '' missing or invalid
[2026-07-02 21:45:24] [INFO] Fetched 680 unique proxies for Auto Select.
[2026-07-02 21:45:24] [INFO] Filtered original proxies: 6 remaining
[2026-07-02 21:45:26] [INFO] Successfully wrote config to ./public/subscribe/clash.yml
[2026-07-03 10:22:40] [INFO] Downloading: https://www.ermao.net/sub/clash/ermao.net
[2026-07-03 10:22:40] [INFO] Main subscription fetched and parsed.
[2026-07-03 10:22:40] [INFO] Downloading rule-providers...
[2026-07-03 10:22:40] [INFO] Downloading: https://raw.githubusercontent.com/ACL4SSR/ACL4SSR/refs/heads/master/Clash/LocalAreaNetwork.list
[2026-07-03 10:22:40] [INFO] Downloaded rule-provider LocalAreaNetwork -> ./public/rules/LocalAreaNetwork.yaml
[2026-07-03 10:22:40] [INFO] Updated rule-provider LocalAreaNetwork URL to https://cdn.honglin.ac.cn/statically/gh/flinhong/configs/public/rules/LocalAreaNetwork.yaml
[2026-07-03 10:22:40] [INFO] Downloading: https://raw.githubusercontent.com/ACL4SSR/ACL4SSR/refs/heads/master/Clash/BanAD.list
[2026-07-03 10:22:40] [INFO] Downloaded rule-provider BanAD -> ./public/rules/BanAD.yaml
[2026-07-03 10:22:40] [INFO] Updated rule-provider BanAD URL to https://cdn.honglin.ac.cn/statically/gh/flinhong/configs/public/rules/BanAD.yaml
[2026-07-03 10:22:40] [INFO] Downloading: https://raw.githubusercontent.com/ACL4SSR/ACL4SSR/refs/heads/master/Clash/BanProgramAD.list
[2026-07-03 10:22:40] [INFO] Downloaded rule-provider BanProgramAD -> ./public/rules/BanProgramAD.yaml
[2026-07-03 10:22:40] [INFO] Updated rule-provider BanProgramAD URL to https://cdn.honglin.ac.cn/statically/gh/flinhong/configs/public/rules/BanProgramAD.yaml
[2026-07-03 10:22:40] [INFO] Downloading: https://raw.githubusercontent.com/ACL4SSR/ACL4SSR/refs/heads/master/Clash/BanEasyList.list
[2026-07-03 10:22:41] [INFO] Downloaded rule-provider BanEasyList -> ./public/rules/BanEasyList.yaml
[2026-07-03 10:22:41] [INFO] Updated rule-provider BanEasyList URL to https://cdn.honglin.ac.cn/statically/gh/flinhong/configs/public/rules/BanEasyList.yaml
[2026-07-03 10:22:41] [INFO] Downloading: https://raw.githubusercontent.com/ACL4SSR/ACL4SSR/refs/heads/master/Clash/BanEasyListChina.list
[2026-07-03 10:22:41] [INFO] Downloaded rule-provider BanEasyListChina -> ./public/rules/BanEasyListChina.yaml
[2026-07-03 10:22:41] [INFO] Updated rule-provider BanEasyListChina URL to https://cdn.honglin.ac.cn/statically/gh/flinhong/configs/public/rules/BanEasyListChina.yaml
[2026-07-03 10:22:41] [INFO] Downloading: https://raw.githubusercontent.com/ACL4SSR/ACL4SSR/refs/heads/master/Clash/BanEasyPrivacy.list
[2026-07-03 10:22:41] [INFO] Downloaded rule-provider BanEasyPrivacy -> ./public/rules/BanEasyPrivacy.yaml
[2026-07-03 10:22:41] [INFO] Updated rule-provider BanEasyPrivacy URL to https://cdn.honglin.ac.cn/statically/gh/flinhong/configs/public/rules/BanEasyPrivacy.yaml
[2026-07-03 10:22:41] [INFO] Downloading: https://raw.githubusercontent.com/ACL4SSR/ACL4SSR/refs/heads/master/Clash/GoogleCN.list
[2026-07-03 10:22:41] [INFO] Downloaded rule-provider GoogleCN -> ./public/rules/GoogleCN.yaml
[2026-07-03 10:22:41] [INFO] Updated rule-provider GoogleCN URL to https://cdn.honglin.ac.cn/statically/gh/flinhong/configs/public/rules/GoogleCN.yaml
[2026-07-03 10:22:41] [INFO] Downloading: https://raw.githubusercontent.com/ACL4SSR/ACL4SSR/refs/heads/master/Clash/Ruleset/SteamCN.list
[2026-07-03 10:22:41] [INFO] Downloaded rule-provider SteamCN -> ./public/rules/SteamCN.yaml
[2026-07-03 10:22:41] [INFO] Updated rule-provider SteamCN URL to https://cdn.honglin.ac.cn/statically/gh/flinhong/configs/public/rules/SteamCN.yaml
[2026-07-03 10:22:41] [INFO] Downloading: https://raw.githubusercontent.com/ACL4SSR/ACL4SSR/refs/heads/master/Clash/Microsoft.list
[2026-07-03 10:22:41] [INFO] Downloaded rule-provider Microsoft -> ./public/rules/Microsoft.yaml
[2026-07-03 10:22:41] [INFO] Updated rule-provider Microsoft URL to https://cdn.honglin.ac.cn/statically/gh/flinhong/configs/public/rules/Microsoft.yaml
[2026-07-03 10:22:41] [INFO] Downloading: https://raw.githubusercontent.com/ACL4SSR/ACL4SSR/refs/heads/master/Clash/Apple.list
[2026-07-03 10:22:41] [INFO] Downloaded rule-provider Apple -> ./public/rules/Apple.yaml
[2026-07-03 10:22:41] [INFO] Updated rule-provider Apple URL to https://cdn.honglin.ac.cn/statically/gh/flinhong/configs/public/rules/Apple.yaml
[2026-07-03 10:22:41] [INFO] Downloading: https://raw.githubusercontent.com/ACL4SSR/ACL4SSR/refs/heads/master/Clash/ProxyMedia.list
[2026-07-03 10:22:42] [INFO] Downloaded rule-provider ProxyMedia -> ./public/rules/ProxyMedia.yaml
[2026-07-03 10:22:42] [INFO] Updated rule-provider ProxyMedia URL to https://cdn.honglin.ac.cn/statically/gh/flinhong/configs/public/rules/ProxyMedia.yaml
[2026-07-03 10:22:42] [INFO] Downloading: https://raw.githubusercontent.com/ACL4SSR/ACL4SSR/refs/heads/master/Clash/Telegram.list
[2026-07-03 10:22:42] [INFO] Downloaded rule-provider Telegram -> ./public/rules/Telegram.yaml
[2026-07-03 10:22:42] [INFO] Updated rule-provider Telegram URL to https://cdn.honglin.ac.cn/statically/gh/flinhong/configs/public/rules/Telegram.yaml
[2026-07-03 10:22:42] [INFO] Downloading: https://raw.githubusercontent.com/ACL4SSR/ACL4SSR/refs/heads/master/Clash/ProxyLite.list
[2026-07-03 10:22:42] [INFO] Downloaded rule-provider ProxyLite -> ./public/rules/ProxyLite.yaml
[2026-07-03 10:22:42] [INFO] Updated rule-provider ProxyLite URL to https://cdn.honglin.ac.cn/statically/gh/flinhong/configs/public/rules/ProxyLite.yaml
[2026-07-03 10:22:42] [INFO] Downloading: https://raw.githubusercontent.com/ACL4SSR/ACL4SSR/refs/heads/master/Clash/ChinaDomain.list
[2026-07-03 10:22:42] [INFO] Downloaded rule-provider ChinaDomain -> ./public/rules/ChinaDomain.yaml
[2026-07-03 10:22:42] [INFO] Updated rule-provider ChinaDomain URL to https://cdn.honglin.ac.cn/statically/gh/flinhong/configs/public/rules/ChinaDomain.yaml
[2026-07-03 10:22:42] [INFO] Downloading: https://raw.githubusercontent.com/ACL4SSR/ACL4SSR/refs/heads/master/Clash/ChinaCompanyIp.list
[2026-07-03 10:22:42] [INFO] Downloaded rule-provider ChinaCompanyIp -> ./public/rules/ChinaCompanyIp.yaml
[2026-07-03 10:22:42] [INFO] Updated rule-provider ChinaCompanyIp URL to https://cdn.honglin.ac.cn/statically/gh/flinhong/configs/public/rules/ChinaCompanyIp.yaml
[2026-07-03 10:22:42] [INFO] Fetching extra proxies...
[2026-07-03 10:22:43] [INFO] All date-based sources have today's file available, using today
[2026-07-03 10:22:43] [INFO] Downloading: https://raw.githubusercontent.com/zhangkaiitugithub/passcro/main/speednodes.yaml
[2026-07-03 10:22:43] [INFO] Downloading: https://raw.githubusercontent.com/peasoft/NoMoreWalls/master/list.yml
[2026-07-03 10:22:43] [INFO] Downloading: https://raw.githubusercontent.com/mahdibland/SSAggregator/master/sub/sub_merge_yaml.yml
[2026-07-03 10:22:43] [INFO] Downloading: https://raw.githubusercontent.com/ts-sf/fly/main/clash
[2026-07-03 10:22:45] [INFO] Fetched 3348 unique proxies for Load Balancer.
[2026-07-03 10:22:45] [INFO] Downloading: https://node.nodefree.me/2026/07/20260703.yaml
[2026-07-03 10:22:45] [INFO] Downloading: https://tt.vg/freeclash
[2026-07-03 10:22:45] [INFO] Downloading: https://static.v2rayshare.net/2026/07/20260703.yaml
[2026-07-03 10:22:45] [INFO] Downloading: https://raw.githubusercontent.com/Ruk1ng001/freeSub/main/clash.yaml
[2026-07-03 10:22:45] [INFO] Downloading: https://raw.githubusercontent.com/free18/v2ray/main/c.yaml
[2026-07-03 10:22:46] [WARNING] Filtered proxy 🇭🇰_HK_中国香港: reality-opts short-id '' missing or invalid
[2026-07-03 10:22:46] [WARNING] Filtered proxy 🇷🇺_俄罗斯_25: reality-opts short-id '' missing or invalid
[2026-07-03 10:22:46] [WARNING] Filtered proxy 🇭🇰_HK_中国香港: reality-opts short-id '' missing or invalid
[2026-07-03 10:22:46] [INFO] Fetched 677 unique proxies for Auto Select.
[2026-07-03 10:22:46] [WARNING] Filtered proxy 🇷🇺_RU_俄罗斯->🇩🇪_DE_德国: reality-opts short-id '' missing or invalid
[2026-07-03 10:22:46] [INFO] Filtered original proxies: 18 remaining
[2026-07-03 10:22:47] [INFO] Successfully wrote config to ./public/subscribe/clash.yml
[2026-07-03 21:49:16] [INFO] Downloading: https://www.ermao.net/sub/clash/ermao.net
[2026-07-03 21:49:16] [INFO] Main subscription fetched and parsed.
[2026-07-03 21:49:16] [INFO] Downloading rule-providers...
[2026-07-03 21:49:16] [INFO] Downloading: https://raw.githubusercontent.com/ACL4SSR/ACL4SSR/refs/heads/master/Clash/LocalAreaNetwork.list
[2026-07-03 21:49:17] [INFO] Downloaded rule-provider LocalAreaNetwork -> ./public/rules/LocalAreaNetwork.yaml
[2026-07-03 21:49:17] [INFO] Updated rule-provider LocalAreaNetwork URL to https://cdn.honglin.ac.cn/statically/gh/flinhong/configs/public/rules/LocalAreaNetwork.yaml
[2026-07-03 21:49:17] [INFO] Downloading: https://raw.githubusercontent.com/ACL4SSR/ACL4SSR/refs/heads/master/Clash/BanAD.list
[2026-07-03 21:49:17] [INFO] Downloaded rule-provider BanAD -> ./public/rules/BanAD.yaml
[2026-07-03 21:49:17] [INFO] Updated rule-provider BanAD URL to https://cdn.honglin.ac.cn/statically/gh/flinhong/configs/public/rules/BanAD.yaml
[2026-07-03 21:49:17] [INFO] Downloading: https://raw.githubusercontent.com/ACL4SSR/ACL4SSR/refs/heads/master/Clash/BanProgramAD.list
[2026-07-03 21:49:17] [INFO] Downloaded rule-provider BanProgramAD -> ./public/rules/BanProgramAD.yaml
[2026-07-03 21:49:17] [INFO] Updated rule-provider BanProgramAD URL to https://cdn.honglin.ac.cn/statically/gh/flinhong/configs/public/rules/BanProgramAD.yaml
[2026-07-03 21:49:17] [INFO] Downloading: https://raw.githubusercontent.com/ACL4SSR/ACL4SSR/refs/heads/master/Clash/BanEasyList.list
[2026-07-03 21:49:18] [INFO] Downloaded rule-provider BanEasyList -> ./public/rules/BanEasyList.yaml
[2026-07-03 21:49:18] [INFO] Updated rule-provider BanEasyList URL to https://cdn.honglin.ac.cn/statically/gh/flinhong/configs/public/rules/BanEasyList.yaml
[2026-07-03 21:49:18] [INFO] Downloading: https://raw.githubusercontent.com/ACL4SSR/ACL4SSR/refs/heads/master/Clash/BanEasyListChina.list
[2026-07-03 21:49:18] [INFO] Downloaded rule-provider BanEasyListChina -> ./public/rules/BanEasyListChina.yaml
[2026-07-03 21:49:18] [INFO] Updated rule-provider BanEasyListChina URL to https://cdn.honglin.ac.cn/statically/gh/flinhong/configs/public/rules/BanEasyListChina.yaml
[2026-07-03 21:49:18] [INFO] Downloading: https://raw.githubusercontent.com/ACL4SSR/ACL4SSR/refs/heads/master/Clash/BanEasyPrivacy.list
[2026-07-03 21:49:18] [INFO] Downloaded rule-provider BanEasyPrivacy -> ./public/rules/BanEasyPrivacy.yaml
[2026-07-03 21:49:18] [INFO] Updated rule-provider BanEasyPrivacy URL to https://cdn.honglin.ac.cn/statically/gh/flinhong/configs/public/rules/BanEasyPrivacy.yaml
[2026-07-03 21:49:18] [INFO] Downloading: https://raw.githubusercontent.com/ACL4SSR/ACL4SSR/refs/heads/master/Clash/GoogleCN.list
[2026-07-03 21:49:18] [INFO] Downloaded rule-provider GoogleCN -> ./public/rules/GoogleCN.yaml
[2026-07-03 21:49:18] [INFO] Updated rule-provider GoogleCN URL to https://cdn.honglin.ac.cn/statically/gh/flinhong/configs/public/rules/GoogleCN.yaml
[2026-07-03 21:49:18] [INFO] Downloading: https://raw.githubusercontent.com/ACL4SSR/ACL4SSR/refs/heads/master/Clash/Ruleset/SteamCN.list
[2026-07-03 21:49:18] [INFO] Downloaded rule-provider SteamCN -> ./public/rules/SteamCN.yaml
[2026-07-03 21:49:18] [INFO] Updated rule-provider SteamCN URL to https://cdn.honglin.ac.cn/statically/gh/flinhong/configs/public/rules/SteamCN.yaml
[2026-07-03 21:49:18] [INFO] Downloading: https://raw.githubusercontent.com/ACL4SSR/ACL4SSR/refs/heads/master/Clash/Microsoft.list
[2026-07-03 21:49:19] [INFO] Downloaded rule-provider Microsoft -> ./public/rules/Microsoft.yaml
[2026-07-03 21:49:19] [INFO] Updated rule-provider Microsoft URL to https://cdn.honglin.ac.cn/statically/gh/flinhong/configs/public/rules/Microsoft.yaml
[2026-07-03 21:49:19] [INFO] Downloading: https://raw.githubusercontent.com/ACL4SSR/ACL4SSR/refs/heads/master/Clash/Apple.list
[2026-07-03 21:49:19] [INFO] Downloaded rule-provider Apple -> ./public/rules/Apple.yaml
[2026-07-03 21:49:19] [INFO] Updated rule-provider Apple URL to https://cdn.honglin.ac.cn/statically/gh/flinhong/configs/public/rules/Apple.yaml
[2026-07-03 21:49:19] [INFO] Downloading: https://raw.githubusercontent.com/ACL4SSR/ACL4SSR/refs/heads/master/Clash/ProxyMedia.list
[2026-07-03 21:49:19] [INFO] Downloaded rule-provider ProxyMedia -> ./public/rules/ProxyMedia.yaml
[2026-07-03 21:49:19] [INFO] Updated rule-provider ProxyMedia URL to https://cdn.honglin.ac.cn/statically/gh/flinhong/configs/public/rules/ProxyMedia.yaml
[2026-07-03 21:49:19] [INFO] Downloading: https://raw.githubusercontent.com/ACL4SSR/ACL4SSR/refs/heads/master/Clash/Telegram.list
[2026-07-03 21:49:19] [INFO] Downloaded rule-provider Telegram -> ./public/rules/Telegram.yaml
[2026-07-03 21:49:19] [INFO] Updated rule-provider Telegram URL to https://cdn.honglin.ac.cn/statically/gh/flinhong/configs/public/rules/Telegram.yaml
[2026-07-03 21:49:19] [INFO] Downloading: https://raw.githubusercontent.com/ACL4SSR/ACL4SSR/refs/heads/master/Clash/ProxyLite.list
[2026-07-03 21:49:19] [INFO] Downloaded rule-provider ProxyLite -> ./public/rules/ProxyLite.yaml
[2026-07-03 21:49:19] [INFO] Updated rule-provider ProxyLite URL to https://cdn.honglin.ac.cn/statically/gh/flinhong/configs/public/rules/ProxyLite.yaml
[2026-07-03 21:49:19] [INFO] Downloading: https://raw.githubusercontent.com/ACL4SSR/ACL4SSR/refs/heads/master/Clash/ChinaDomain.list
[2026-07-03 21:49:19] [INFO] Downloaded rule-provider ChinaDomain -> ./public/rules/ChinaDomain.yaml
[2026-07-03 21:49:19] [INFO] Updated rule-provider ChinaDomain URL to https://cdn.honglin.ac.cn/statically/gh/flinhong/configs/public/rules/ChinaDomain.yaml
[2026-07-03 21:49:19] [INFO] Downloading: https://raw.githubusercontent.com/ACL4SSR/ACL4SSR/refs/heads/master/Clash/ChinaCompanyIp.list
[2026-07-03 21:49:19] [INFO] Downloaded rule-provider ChinaCompanyIp -> ./public/rules/ChinaCompanyIp.yaml
[2026-07-03 21:49:19] [INFO] Updated rule-provider ChinaCompanyIp URL to https://cdn.honglin.ac.cn/statically/gh/flinhong/configs/public/rules/ChinaCompanyIp.yaml
[2026-07-03 21:49:19] [INFO] Fetching extra proxies...
[2026-07-03 21:49:20] [INFO] All date-based sources have today's file available, using today
[2026-07-03 21:49:20] [INFO] Downloading: https://raw.githubusercontent.com/zhangkaiitugithub/passcro/main/speednodes.yaml
[2026-07-03 21:49:20] [INFO] Downloading: https://raw.githubusercontent.com/peasoft/NoMoreWalls/master/list.yml
[2026-07-03 21:49:20] [INFO] Downloading: https://raw.githubusercontent.com/mahdibland/SSAggregator/master/sub/sub_merge_yaml.yml
[2026-07-03 21:49:20] [INFO] Downloading: https://raw.githubusercontent.com/ts-sf/fly/main/clash
[2026-07-03 21:49:24] [INFO] Fetched 3352 unique proxies for Load Balancer.
[2026-07-03 21:49:24] [INFO] Downloading: https://node.nodefree.me/2026/07/20260703.yaml
[2026-07-03 21:49:24] [INFO] Downloading: https://static.v2rayshare.net/2026/07/20260703.yaml
[2026-07-03 21:49:24] [INFO] Downloading: https://tt.vg/freeclash
[2026-07-03 21:49:24] [INFO] Downloading: https://raw.githubusercontent.com/Ruk1ng001/freeSub/main/clash.yaml
[2026-07-03 21:49:24] [INFO] Downloading: https://raw.githubusercontent.com/free18/v2ray/main/c.yaml
[2026-07-03 21:49:24] [WARNING] Filtered proxy 🇭🇰_HK_中国香港: reality-opts short-id '' missing or invalid
[2026-07-03 21:49:24] [WARNING] Filtered proxy 🇭🇰_HK_中国香港: reality-opts short-id '' missing or invalid
[2026-07-03 21:49:25] [WARNING] Filtered proxy 🔴🇺🇸[🎬🤖📺🎭]_github.com/Ruk1ng001_b35a692a: reality-opts short-id '' missing or invalid
[2026-07-03 21:49:25] [INFO] Fetched 225 unique proxies for Auto Select.
[2026-07-03 21:49:25] [INFO] Filtered original proxies: 12 remaining
[2026-07-03 21:49:26] [INFO] Successfully wrote config to ./public/subscribe/clash.yml
[2026-07-04 10:14:17] [INFO] Downloading: https://www.ermao.net/sub/clash/ermao.net
[2026-07-04 10:14:18] [INFO] Main subscription fetched and parsed.
[2026-07-04 10:14:18] [INFO] Downloading rule-providers...
[2026-07-04 10:14:18] [INFO] Downloading: https://raw.githubusercontent.com/ACL4SSR/ACL4SSR/refs/heads/master/Clash/LocalAreaNetwork.list
[2026-07-04 10:14:18] [INFO] Downloaded rule-provider LocalAreaNetwork -> ./public/rules/LocalAreaNetwork.yaml
[2026-07-04 10:14:18] [INFO] Updated rule-provider LocalAreaNetwork URL to https://cdn.honglin.ac.cn/statically/gh/flinhong/configs/public/rules/LocalAreaNetwork.yaml
[2026-07-04 10:14:18] [INFO] Downloading: https://raw.githubusercontent.com/ACL4SSR/ACL4SSR/refs/heads/master/Clash/BanAD.list
[2026-07-04 10:14:18] [INFO] Downloaded rule-provider BanAD -> ./public/rules/BanAD.yaml
[2026-07-04 10:14:18] [INFO] Updated rule-provider BanAD URL to https://cdn.honglin.ac.cn/statically/gh/flinhong/configs/public/rules/BanAD.yaml
[2026-07-04 10:14:18] [INFO] Downloading: https://raw.githubusercontent.com/ACL4SSR/ACL4SSR/refs/heads/master/Clash/BanProgramAD.list
[2026-07-04 10:14:18] [INFO] Downloaded rule-provider BanProgramAD -> ./public/rules/BanProgramAD.yaml
[2026-07-04 10:14:18] [INFO] Updated rule-provider BanProgramAD URL to https://cdn.honglin.ac.cn/statically/gh/flinhong/configs/public/rules/BanProgramAD.yaml
[2026-07-04 10:14:18] [INFO] Downloading: https://raw.githubusercontent.com/ACL4SSR/ACL4SSR/refs/heads/master/Clash/BanEasyList.list
[2026-07-04 10:14:19] [INFO] Downloaded rule-provider BanEasyList -> ./public/rules/BanEasyList.yaml
[2026-07-04 10:14:19] [INFO] Updated rule-provider BanEasyList URL to https://cdn.honglin.ac.cn/statically/gh/flinhong/configs/public/rules/BanEasyList.yaml
[2026-07-04 10:14:19] [INFO] Downloading: https://raw.githubusercontent.com/ACL4SSR/ACL4SSR/refs/heads/master/Clash/BanEasyListChina.list
[2026-07-04 10:14:20] [INFO] Downloaded rule-provider BanEasyListChina -> ./public/rules/BanEasyListChina.yaml
[2026-07-04 10:14:20] [INFO] Updated rule-provider BanEasyListChina URL to https://cdn.honglin.ac.cn/statically/gh/flinhong/configs/public/rules/BanEasyListChina.yaml
[2026-07-04 10:14:20] [INFO] Downloading: https://raw.githubusercontent.com/ACL4SSR/ACL4SSR/refs/heads/master/Clash/BanEasyPrivacy.list
[2026-07-04 10:14:20] [INFO] Downloaded rule-provider BanEasyPrivacy -> ./public/rules/BanEasyPrivacy.yaml
[2026-07-04 10:14:20] [INFO] Updated rule-provider BanEasyPrivacy URL to https://cdn.honglin.ac.cn/statically/gh/flinhong/configs/public/rules/BanEasyPrivacy.yaml
[2026-07-04 10:14:20] [INFO] Downloading: https://raw.githubusercontent.com/ACL4SSR/ACL4SSR/refs/heads/master/Clash/GoogleCN.list
[2026-07-04 10:14:20] [INFO] Downloaded rule-provider GoogleCN -> ./public/rules/GoogleCN.yaml
[2026-07-04 10:14:20] [INFO] Updated rule-provider GoogleCN URL to https://cdn.honglin.ac.cn/statically/gh/flinhong/configs/public/rules/GoogleCN.yaml
[2026-07-04 10:14:20] [INFO] Downloading: https://raw.githubusercontent.com/ACL4SSR/ACL4SSR/refs/heads/master/Clash/Ruleset/SteamCN.list
[2026-07-04 10:14:20] [INFO] Downloaded rule-provider SteamCN -> ./public/rules/SteamCN.yaml
[2026-07-04 10:14:20] [INFO] Updated rule-provider SteamCN URL to https://cdn.honglin.ac.cn/statically/gh/flinhong/configs/public/rules/SteamCN.yaml
[2026-07-04 10:14:20] [INFO] Downloading: https://raw.githubusercontent.com/ACL4SSR/ACL4SSR/refs/heads/master/Clash/Microsoft.list
[2026-07-04 10:14:20] [INFO] Downloaded rule-provider Microsoft -> ./public/rules/Microsoft.yaml
[2026-07-04 10:14:20] [INFO] Updated rule-provider Microsoft URL to https://cdn.honglin.ac.cn/statically/gh/flinhong/configs/public/rules/Microsoft.yaml
[2026-07-04 10:14:20] [INFO] Downloading: https://raw.githubusercontent.com/ACL4SSR/ACL4SSR/refs/heads/master/Clash/Apple.list
[2026-07-04 10:14:21] [INFO] Downloaded rule-provider Apple -> ./public/rules/Apple.yaml
[2026-07-04 10:14:21] [INFO] Updated rule-provider Apple URL to https://cdn.honglin.ac.cn/statically/gh/flinhong/configs/public/rules/Apple.yaml
[2026-07-04 10:14:21] [INFO] Downloading: https://raw.githubusercontent.com/ACL4SSR/ACL4SSR/refs/heads/master/Clash/ProxyMedia.list
[2026-07-04 10:14:21] [INFO] Downloaded rule-provider ProxyMedia -> ./public/rules/ProxyMedia.yaml
[2026-07-04 10:14:21] [INFO] Updated rule-provider ProxyMedia URL to https://cdn.honglin.ac.cn/statically/gh/flinhong/configs/public/rules/ProxyMedia.yaml
[2026-07-04 10:14:21] [INFO] Downloading: https://raw.githubusercontent.com/ACL4SSR/ACL4SSR/refs/heads/master/Clash/Telegram.list
[2026-07-04 10:14:21] [INFO] Downloaded rule-provider Telegram -> ./public/rules/Telegram.yaml
[2026-07-04 10:14:21] [INFO] Updated rule-provider Telegram URL to https://cdn.honglin.ac.cn/statically/gh/flinhong/configs/public/rules/Telegram.yaml
[2026-07-04 10:14:21] [INFO] Downloading: https://raw.githubusercontent.com/ACL4SSR/ACL4SSR/refs/heads/master/Clash/ProxyLite.list
[2026-07-04 10:14:21] [INFO] Downloaded rule-provider ProxyLite -> ./public/rules/ProxyLite.yaml
[2026-07-04 10:14:21] [INFO] Updated rule-provider ProxyLite URL to https://cdn.honglin.ac.cn/statically/gh/flinhong/configs/public/rules/ProxyLite.yaml
[2026-07-04 10:14:21] [INFO] Downloading: https://raw.githubusercontent.com/ACL4SSR/ACL4SSR/refs/heads/master/Clash/ChinaDomain.list
[2026-07-04 10:14:21] [INFO] Downloaded rule-provider ChinaDomain -> ./public/rules/ChinaDomain.yaml
[2026-07-04 10:14:21] [INFO] Updated rule-provider ChinaDomain URL to https://cdn.honglin.ac.cn/statically/gh/flinhong/configs/public/rules/ChinaDomain.yaml
[2026-07-04 10:14:21] [INFO] Downloading: https://raw.githubusercontent.com/ACL4SSR/ACL4SSR/refs/heads/master/Clash/ChinaCompanyIp.list
[2026-07-04 10:14:21] [INFO] Downloaded rule-provider ChinaCompanyIp -> ./public/rules/ChinaCompanyIp.yaml
[2026-07-04 10:14:21] [INFO] Updated rule-provider ChinaCompanyIp URL to https://cdn.honglin.ac.cn/statically/gh/flinhong/configs/public/rules/ChinaCompanyIp.yaml
[2026-07-04 10:14:21] [INFO] Fetching extra proxies...
[2026-07-04 10:14:22] [INFO] All date-based sources have today's file available, using today
[2026-07-04 10:14:22] [INFO] Downloading: https://raw.githubusercontent.com/zhangkaiitugithub/passcro/main/speednodes.yaml
[2026-07-04 10:14:22] [INFO] Downloading: https://raw.githubusercontent.com/peasoft/NoMoreWalls/master/list.yml
[2026-07-04 10:14:22] [INFO] Downloading: https://raw.githubusercontent.com/mahdibland/SSAggregator/master/sub/sub_merge_yaml.yml
[2026-07-04 10:14:22] [INFO] Downloading: https://raw.githubusercontent.com/ts-sf/fly/main/clash
[2026-07-04 10:14:26] [INFO] Fetched 3340 unique proxies for Load Balancer.
[2026-07-04 10:14:26] [INFO] Downloading: https://node.nodefree.me/2026/07/20260704.yaml
[2026-07-04 10:14:26] [INFO] Downloading: https://static.v2rayshare.net/2026/07/20260704.yaml
[2026-07-04 10:14:26] [INFO] Downloading: https://tt.vg/freeclash
[2026-07-04 10:14:26] [INFO] Downloading: https://raw.githubusercontent.com/free18/v2ray/main/c.yaml
[2026-07-04 10:14:26] [INFO] Downloading: https://raw.githubusercontent.com/Ruk1ng001/freeSub/main/clash.yaml
[2026-07-04 10:14:27] [WARNING] Filtered proxy 🇭🇰_HK_中国香港: reality-opts short-id '' missing or invalid
[2026-07-04 10:14:27] [WARNING] Filtered proxy 🇭🇰_HK_中国香港: reality-opts short-id '' missing or invalid
[2026-07-04 10:14:27] [INFO] Fetched 260 unique proxies for Auto Select.
[2026-07-04 10:14:27] [INFO] Filtered original proxies: 17 remaining
[2026-07-04 10:14:28] [INFO] Successfully wrote config to ./public/subscribe/clash.yml
[2026-07-04 21:09:18] [INFO] Downloading: https://www.ermao.net/sub/clash/ermao.net
[2026-07-04 21:09:18] [INFO] Main subscription fetched and parsed.
[2026-07-04 21:09:18] [INFO] Downloading rule-providers...
[2026-07-04 21:09:18] [INFO] Downloading: https://raw.githubusercontent.com/ACL4SSR/ACL4SSR/refs/heads/master/Clash/LocalAreaNetwork.list
[2026-07-04 21:09:19] [INFO] Downloaded rule-provider LocalAreaNetwork -> ./public/rules/LocalAreaNetwork.yaml
[2026-07-04 21:09:19] [INFO] Updated rule-provider LocalAreaNetwork URL to https://cdn.honglin.ac.cn/statically/gh/flinhong/configs/public/rules/LocalAreaNetwork.yaml
[2026-07-04 21:09:19] [INFO] Downloading: https://raw.githubusercontent.com/ACL4SSR/ACL4SSR/refs/heads/master/Clash/BanAD.list
[2026-07-04 21:09:19] [INFO] Downloaded rule-provider BanAD -> ./public/rules/BanAD.yaml
[2026-07-04 21:09:19] [INFO] Updated rule-provider BanAD URL to https://cdn.honglin.ac.cn/statically/gh/flinhong/configs/public/rules/BanAD.yaml
[2026-07-04 21:09:19] [INFO] Downloading: https://raw.githubusercontent.com/ACL4SSR/ACL4SSR/refs/heads/master/Clash/BanProgramAD.list
[2026-07-04 21:09:19] [INFO] Downloaded rule-provider BanProgramAD -> ./public/rules/BanProgramAD.yaml
[2026-07-04 21:09:19] [INFO] Updated rule-provider BanProgramAD URL to https://cdn.honglin.ac.cn/statically/gh/flinhong/configs/public/rules/BanProgramAD.yaml
[2026-07-04 21:09:19] [INFO] Downloading: https://raw.githubusercontent.com/ACL4SSR/ACL4SSR/refs/heads/master/Clash/BanEasyList.list
[2026-07-04 21:09:19] [INFO] Downloaded rule-provider BanEasyList -> ./public/rules/BanEasyList.yaml
[2026-07-04 21:09:19] [INFO] Updated rule-provider BanEasyList URL to https://cdn.honglin.ac.cn/statically/gh/flinhong/configs/public/rules/BanEasyList.yaml
[2026-07-04 21:09:19] [INFO] Downloading: https://raw.githubusercontent.com/ACL4SSR/ACL4SSR/refs/heads/master/Clash/BanEasyListChina.list
[2026-07-04 21:09:19] [INFO] Downloaded rule-provider BanEasyListChina -> ./public/rules/BanEasyListChina.yaml
[2026-07-04 21:09:19] [INFO] Updated rule-provider BanEasyListChina URL to https://cdn.honglin.ac.cn/statically/gh/flinhong/configs/public/rules/BanEasyListChina.yaml
[2026-07-04 21:09:19] [INFO] Downloading: https://raw.githubusercontent.com/ACL4SSR/ACL4SSR/refs/heads/master/Clash/BanEasyPrivacy.list
[2026-07-04 21:09:19] [INFO] Downloaded rule-provider BanEasyPrivacy -> ./public/rules/BanEasyPrivacy.yaml
[2026-07-04 21:09:19] [INFO] Updated rule-provider BanEasyPrivacy URL to https://cdn.honglin.ac.cn/statically/gh/flinhong/configs/public/rules/BanEasyPrivacy.yaml
[2026-07-04 21:09:19] [INFO] Downloading: https://raw.githubusercontent.com/ACL4SSR/ACL4SSR/refs/heads/master/Clash/GoogleCN.list
[2026-07-04 21:09:19] [INFO] Downloaded rule-provider GoogleCN -> ./public/rules/GoogleCN.yaml
[2026-07-04 21:09:19] [INFO] Updated rule-provider GoogleCN URL to https://cdn.honglin.ac.cn/statically/gh/flinhong/configs/public/rules/GoogleCN.yaml
[2026-07-04 21:09:19] [INFO] Downloading: https://raw.githubusercontent.com/ACL4SSR/ACL4SSR/refs/heads/master/Clash/Ruleset/SteamCN.list
[2026-07-04 21:09:20] [INFO] Downloaded rule-provider SteamCN -> ./public/rules/SteamCN.yaml
[2026-07-04 21:09:20] [INFO] Updated rule-provider SteamCN URL to https://cdn.honglin.ac.cn/statically/gh/flinhong/configs/public/rules/SteamCN.yaml
[2026-07-04 21:09:20] [INFO] Downloading: https://raw.githubusercontent.com/ACL4SSR/ACL4SSR/refs/heads/master/Clash/Microsoft.list
[2026-07-04 21:09:20] [INFO] Downloaded rule-provider Microsoft -> ./public/rules/Microsoft.yaml
[2026-07-04 21:09:20] [INFO] Updated rule-provider Microsoft URL to https://cdn.honglin.ac.cn/statically/gh/flinhong/configs/public/rules/Microsoft.yaml
[2026-07-04 21:09:20] [INFO] Downloading: https://raw.githubusercontent.com/ACL4SSR/ACL4SSR/refs/heads/master/Clash/Apple.list
[2026-07-04 21:09:20] [INFO] Downloaded rule-provider Apple -> ./public/rules/Apple.yaml
[2026-07-04 21:09:20] [INFO] Updated rule-provider Apple URL to https://cdn.honglin.ac.cn/statically/gh/flinhong/configs/public/rules/Apple.yaml
[2026-07-04 21:09:20] [INFO] Downloading: https://raw.githubusercontent.com/ACL4SSR/ACL4SSR/refs/heads/master/Clash/ProxyMedia.list
[2026-07-04 21:09:20] [INFO] Downloaded rule-provider ProxyMedia -> ./public/rules/ProxyMedia.yaml
[2026-07-04 21:09:20] [INFO] Updated rule-provider ProxyMedia URL to https://cdn.honglin.ac.cn/statically/gh/flinhong/configs/public/rules/ProxyMedia.yaml
[2026-07-04 21:09:20] [INFO] Downloading: https://raw.githubusercontent.com/ACL4SSR/ACL4SSR/refs/heads/master/Clash/Telegram.list
[2026-07-04 21:09:20] [INFO] Downloaded rule-provider Telegram -> ./public/rules/Telegram.yaml
[2026-07-04 21:09:20] [INFO] Updated rule-provider Telegram URL to https://cdn.honglin.ac.cn/statically/gh/flinhong/configs/public/rules/Telegram.yaml
[2026-07-04 21:09:20] [INFO] Downloading: https://raw.githubusercontent.com/ACL4SSR/ACL4SSR/refs/heads/master/Clash/ProxyLite.list
[2026-07-04 21:09:20] [INFO] Downloaded rule-provider ProxyLite -> ./public/rules/ProxyLite.yaml
[2026-07-04 21:09:20] [INFO] Updated rule-provider ProxyLite URL to https://cdn.honglin.ac.cn/statically/gh/flinhong/configs/public/rules/ProxyLite.yaml
[2026-07-04 21:09:20] [INFO] Downloading: https://raw.githubusercontent.com/ACL4SSR/ACL4SSR/refs/heads/master/Clash/ChinaDomain.list
[2026-07-04 21:09:20] [INFO] Downloaded rule-provider ChinaDomain -> ./public/rules/ChinaDomain.yaml
[2026-07-04 21:09:20] [INFO] Updated rule-provider ChinaDomain URL to https://cdn.honglin.ac.cn/statically/gh/flinhong/configs/public/rules/ChinaDomain.yaml
[2026-07-04 21:09:20] [INFO] Downloading: https://raw.githubusercontent.com/ACL4SSR/ACL4SSR/refs/heads/master/Clash/ChinaCompanyIp.list
[2026-07-04 21:09:20] [INFO] Downloaded rule-provider ChinaCompanyIp -> ./public/rules/ChinaCompanyIp.yaml
[2026-07-04 21:09:20] [INFO] Updated rule-provider ChinaCompanyIp URL to https://cdn.honglin.ac.cn/statically/gh/flinhong/configs/public/rules/ChinaCompanyIp.yaml
[2026-07-04 21:09:20] [INFO] Fetching extra proxies...
[2026-07-04 21:09:21] [INFO] All date-based sources have today's file available, using today
[2026-07-04 21:09:21] [INFO] Downloading: https://raw.githubusercontent.com/zhangkaiitugithub/passcro/main/speednodes.yaml
[2026-07-04 21:09:21] [INFO] Downloading: https://raw.githubusercontent.com/peasoft/NoMoreWalls/master/list.yml
[2026-07-04 21:09:21] [INFO] Downloading: https://raw.githubusercontent.com/mahdibland/SSAggregator/master/sub/sub_merge_yaml.yml
[2026-07-04 21:09:21] [INFO] Downloading: https://raw.githubusercontent.com/ts-sf/fly/main/clash
[2026-07-04 21:09:25] [INFO] Fetched 3359 unique proxies for Load Balancer.
[2026-07-04 21:09:25] [INFO] Downloading: https://node.nodefree.me/2026/07/20260704.yaml
[2026-07-04 21:09:25] [INFO] Downloading: https://static.v2rayshare.net/2026/07/20260704.yaml
[2026-07-04 21:09:25] [INFO] Downloading: https://tt.vg/freeclash
[2026-07-04 21:09:25] [INFO] Downloading: https://raw.githubusercontent.com/Ruk1ng001/freeSub/main/clash.yaml
[2026-07-04 21:09:25] [INFO] Downloading: https://raw.githubusercontent.com/free18/v2ray/main/c.yaml
[2026-07-04 21:09:25] [WARNING] Filtered proxy 🇸🇨_塞舌尔_9: reality-opts short-id '' missing or invalid
[2026-07-04 21:09:25] [WARNING] Filtered proxy 🇭🇰_HK_中国香港: reality-opts short-id '' missing or invalid
[2026-07-04 21:09:25] [WARNING] Filtered proxy 🇭🇰_HK_中国香港: reality-opts short-id '' missing or invalid
[2026-07-04 21:09:25] [INFO] Fetched 201 unique proxies for Auto Select.
[2026-07-04 21:09:25] [INFO] Filtered original proxies: 30 remaining
[2026-07-04 21:09:27] [INFO] Successfully wrote config to ./public/subscribe/clash.yml
[2026-07-05 10:30:06] [INFO] Downloading: https://www.ermao.net/sub/clash/ermao.net
[2026-07-05 10:30:07] [INFO] Main subscription fetched and parsed.
[2026-07-05 10:30:07] [INFO] Downloading rule-providers...
[2026-07-05 10:30:07] [INFO] Downloading: https://raw.githubusercontent.com/ACL4SSR/ACL4SSR/refs/heads/master/Clash/LocalAreaNetwork.list
[2026-07-05 10:30:07] [INFO] Downloaded rule-provider LocalAreaNetwork -> ./public/rules/LocalAreaNetwork.yaml
[2026-07-05 10:30:07] [INFO] Updated rule-provider LocalAreaNetwork URL to https://cdn.honglin.ac.cn/statically/gh/flinhong/configs/public/rules/LocalAreaNetwork.yaml
[2026-07-05 10:30:07] [INFO] Downloading: https://raw.githubusercontent.com/ACL4SSR/ACL4SSR/refs/heads/master/Clash/BanAD.list
[2026-07-05 10:30:07] [INFO] Downloaded rule-provider BanAD -> ./public/rules/BanAD.yaml
[2026-07-05 10:30:07] [INFO] Updated rule-provider BanAD URL to https://cdn.honglin.ac.cn/statically/gh/flinhong/configs/public/rules/BanAD.yaml
[2026-07-05 10:30:07] [INFO] Downloading: https://raw.githubusercontent.com/ACL4SSR/ACL4SSR/refs/heads/master/Clash/BanProgramAD.list
[2026-07-05 10:30:07] [INFO] Downloaded rule-provider BanProgramAD -> ./public/rules/BanProgramAD.yaml
[2026-07-05 10:30:07] [INFO] Updated rule-provider BanProgramAD URL to https://cdn.honglin.ac.cn/statically/gh/flinhong/configs/public/rules/BanProgramAD.yaml
[2026-07-05 10:30:07] [INFO] Downloading: https://raw.githubusercontent.com/ACL4SSR/ACL4SSR/refs/heads/master/Clash/BanEasyList.list
[2026-07-05 10:30:07] [INFO] Downloaded rule-provider BanEasyList -> ./public/rules/BanEasyList.yaml
[2026-07-05 10:30:07] [INFO] Updated rule-provider BanEasyList URL to https://cdn.honglin.ac.cn/statically/gh/flinhong/configs/public/rules/BanEasyList.yaml
[2026-07-05 10:30:07] [INFO] Downloading: https://raw.githubusercontent.com/ACL4SSR/ACL4SSR/refs/heads/master/Clash/BanEasyListChina.list
[2026-07-05 10:30:07] [INFO] Downloaded rule-provider BanEasyListChina -> ./public/rules/BanEasyListChina.yaml
[2026-07-05 10:30:07] [INFO] Updated rule-provider BanEasyListChina URL to https://cdn.honglin.ac.cn/statically/gh/flinhong/configs/public/rules/BanEasyListChina.yaml
[2026-07-05 10:30:07] [INFO] Downloading: https://raw.githubusercontent.com/ACL4SSR/ACL4SSR/refs/heads/master/Clash/BanEasyPrivacy.list
[2026-07-05 10:30:08] [INFO] Downloaded rule-provider BanEasyPrivacy -> ./public/rules/BanEasyPrivacy.yaml
[2026-07-05 10:30:08] [INFO] Updated rule-provider BanEasyPrivacy URL to https://cdn.honglin.ac.cn/statically/gh/flinhong/configs/public/rules/BanEasyPrivacy.yaml
[2026-07-05 10:30:08] [INFO] Downloading: https://raw.githubusercontent.com/ACL4SSR/ACL4SSR/refs/heads/master/Clash/GoogleCN.list
[2026-07-05 10:30:08] [INFO] Downloaded rule-provider GoogleCN -> ./public/rules/GoogleCN.yaml
[2026-07-05 10:30:08] [INFO] Updated rule-provider GoogleCN URL to https://cdn.honglin.ac.cn/statically/gh/flinhong/configs/public/rules/GoogleCN.yaml
[2026-07-05 10:30:08] [INFO] Downloading: https://raw.githubusercontent.com/ACL4SSR/ACL4SSR/refs/heads/master/Clash/Ruleset/SteamCN.list
[2026-07-05 10:30:08] [INFO] Downloaded rule-provider SteamCN -> ./public/rules/SteamCN.yaml
[2026-07-05 10:30:08] [INFO] Updated rule-provider SteamCN URL to https://cdn.honglin.ac.cn/statically/gh/flinhong/configs/public/rules/SteamCN.yaml
[2026-07-05 10:30:08] [INFO] Downloading: https://raw.githubusercontent.com/ACL4SSR/ACL4SSR/refs/heads/master/Clash/Microsoft.list
[2026-07-05 10:30:08] [INFO] Downloaded rule-provider Microsoft -> ./public/rules/Microsoft.yaml
[2026-07-05 10:30:08] [INFO] Updated rule-provider Microsoft URL to https://cdn.honglin.ac.cn/statically/gh/flinhong/configs/public/rules/Microsoft.yaml
[2026-07-05 10:30:08] [INFO] Downloading: https://raw.githubusercontent.com/ACL4SSR/ACL4SSR/refs/heads/master/Clash/Apple.list
[2026-07-05 10:30:08] [INFO] Downloaded rule-provider Apple -> ./public/rules/Apple.yaml
[2026-07-05 10:30:08] [INFO] Updated rule-provider Apple URL to https://cdn.honglin.ac.cn/statically/gh/flinhong/configs/public/rules/Apple.yaml
[2026-07-05 10:30:08] [INFO] Downloading: https://raw.githubusercontent.com/ACL4SSR/ACL4SSR/refs/heads/master/Clash/ProxyMedia.list
[2026-07-05 10:30:08] [INFO] Downloaded rule-provider ProxyMedia -> ./public/rules/ProxyMedia.yaml
[2026-07-05 10:30:08] [INFO] Updated rule-provider ProxyMedia URL to https://cdn.honglin.ac.cn/statically/gh/flinhong/configs/public/rules/ProxyMedia.yaml
[2026-07-05 10:30:08] [INFO] Downloading: https://raw.githubusercontent.com/ACL4SSR/ACL4SSR/refs/heads/master/Clash/Telegram.list
[2026-07-05 10:30:08] [INFO] Downloaded rule-provider Telegram -> ./public/rules/Telegram.yaml
[2026-07-05 10:30:08] [INFO] Updated rule-provider Telegram URL to https://cdn.honglin.ac.cn/statically/gh/flinhong/configs/public/rules/Telegram.yaml
[2026-07-05 10:30:08] [INFO] Downloading: https://raw.githubusercontent.com/ACL4SSR/ACL4SSR/refs/heads/master/Clash/ProxyLite.list
[2026-07-05 10:30:08] [INFO] Downloaded rule-provider ProxyLite -> ./public/rules/ProxyLite.yaml
[2026-07-05 10:30:08] [INFO] Updated rule-provider ProxyLite URL to https://cdn.honglin.ac.cn/statically/gh/flinhong/configs/public/rules/ProxyLite.yaml
[2026-07-05 10:30:08] [INFO] Downloading: https://raw.githubusercontent.com/ACL4SSR/ACL4SSR/refs/heads/master/Clash/ChinaDomain.list
[2026-07-05 10:30:08] [INFO] Downloaded rule-provider ChinaDomain -> ./public/rules/ChinaDomain.yaml
[2026-07-05 10:30:08] [INFO] Updated rule-provider ChinaDomain URL to https://cdn.honglin.ac.cn/statically/gh/flinhong/configs/public/rules/ChinaDomain.yaml
[2026-07-05 10:30:08] [INFO] Downloading: https://raw.githubusercontent.com/ACL4SSR/ACL4SSR/refs/heads/master/Clash/ChinaCompanyIp.list
[2026-07-05 10:30:08] [INFO] Downloaded rule-provider ChinaCompanyIp -> ./public/rules/ChinaCompanyIp.yaml
[2026-07-05 10:30:08] [INFO] Updated rule-provider ChinaCompanyIp URL to https://cdn.honglin.ac.cn/statically/gh/flinhong/configs/public/rules/ChinaCompanyIp.yaml
[2026-07-05 10:30:08] [INFO] Fetching extra proxies...
[2026-07-05 10:30:09] [INFO] All date-based sources have today's file available, using today
[2026-07-05 10:30:09] [INFO] Downloading: https://raw.githubusercontent.com/zhangkaiitugithub/passcro/main/speednodes.yaml
[2026-07-05 10:30:09] [INFO] Downloading: https://raw.githubusercontent.com/peasoft/NoMoreWalls/master/list.yml
[2026-07-05 10:30:09] [INFO] Downloading: https://raw.githubusercontent.com/mahdibland/SSAggregator/master/sub/sub_merge_yaml.yml
[2026-07-05 10:30:09] [INFO] Downloading: https://raw.githubusercontent.com/ts-sf/fly/main/clash
[2026-07-05 10:30:13] [INFO] Fetched 3369 unique proxies for Load Balancer.
[2026-07-05 10:30:13] [INFO] Downloading: https://node.nodefree.me/2026/07/20260705.yaml
[2026-07-05 10:30:13] [INFO] Downloading: https://tt.vg/freeclash
[2026-07-05 10:30:13] [INFO] Downloading: https://static.v2rayshare.net/2026/07/20260705.yaml
[2026-07-05 10:30:13] [INFO] Downloading: https://raw.githubusercontent.com/Ruk1ng001/freeSub/main/clash.yaml
[2026-07-05 10:30:13] [INFO] Downloading: https://raw.githubusercontent.com/free18/v2ray/main/c.yaml
[2026-07-05 10:30:13] [WARNING] Filtered proxy 🇸🇨_塞舌尔_9: reality-opts short-id '' missing or invalid
[2026-07-05 10:30:13] [WARNING] Filtered proxy 🇭🇰_HK_中国香港: reality-opts short-id '' missing or invalid
[2026-07-05 10:30:13] [WARNING] Filtered proxy 🇭🇰_HK_中国香港: reality-opts short-id '' missing or invalid
[2026-07-05 10:30:13] [INFO] Fetched 149 unique proxies for Auto Select.
[2026-07-05 10:30:13] [WARNING] Filtered proxy 🇩🇪_DE_德国_1: reality-opts short-id '' missing or invalid
[2026-07-05 10:30:13] [INFO] Filtered original proxies: 25 remaining
[2026-07-05 10:30:15] [INFO] Successfully wrote config to ./public/subscribe/clash.yml
[2026-07-05 21:17:52] [INFO] Downloading: https://www.ermao.net/sub/clash/ermao.net
[2026-07-05 21:17:52] [INFO] Main subscription fetched and parsed.
[2026-07-05 21:17:52] [INFO] Downloading rule-providers...
[2026-07-05 21:17:52] [INFO] Downloading: https://raw.githubusercontent.com/ACL4SSR/ACL4SSR/refs/heads/master/Clash/LocalAreaNetwork.list
[2026-07-05 21:17:52] [INFO] Downloaded rule-provider LocalAreaNetwork -> ./public/rules/LocalAreaNetwork.yaml
[2026-07-05 21:17:52] [INFO] Updated rule-provider LocalAreaNetwork URL to https://cdn.honglin.ac.cn/statically/gh/flinhong/configs/public/rules/LocalAreaNetwork.yaml
[2026-07-05 21:17:52] [INFO] Downloading: https://raw.githubusercontent.com/ACL4SSR/ACL4SSR/refs/heads/master/Clash/BanAD.list
[2026-07-05 21:17:53] [INFO] Downloaded rule-provider BanAD -> ./public/rules/BanAD.yaml
[2026-07-05 21:17:53] [INFO] Updated rule-provider BanAD URL to https://cdn.honglin.ac.cn/statically/gh/flinhong/configs/public/rules/BanAD.yaml
[2026-07-05 21:17:53] [INFO] Downloading: https://raw.githubusercontent.com/ACL4SSR/ACL4SSR/refs/heads/master/Clash/BanProgramAD.list
[2026-07-05 21:17:53] [INFO] Downloaded rule-provider BanProgramAD -> ./public/rules/BanProgramAD.yaml
[2026-07-05 21:17:53] [INFO] Updated rule-provider BanProgramAD URL to https://cdn.honglin.ac.cn/statically/gh/flinhong/configs/public/rules/BanProgramAD.yaml
[2026-07-05 21:17:53] [INFO] Downloading: https://raw.githubusercontent.com/ACL4SSR/ACL4SSR/refs/heads/master/Clash/BanEasyList.list
[2026-07-05 21:17:53] [INFO] Downloaded rule-provider BanEasyList -> ./public/rules/BanEasyList.yaml
[2026-07-05 21:17:53] [INFO] Updated rule-provider BanEasyList URL to https://cdn.honglin.ac.cn/statically/gh/flinhong/configs/public/rules/BanEasyList.yaml
[2026-07-05 21:17:53] [INFO] Downloading: https://raw.githubusercontent.com/ACL4SSR/ACL4SSR/refs/heads/master/Clash/BanEasyListChina.list
[2026-07-05 21:17:53] [INFO] Downloaded rule-provider BanEasyListChina -> ./public/rules/BanEasyListChina.yaml
[2026-07-05 21:17:53] [INFO] Updated rule-provider BanEasyListChina URL to https://cdn.honglin.ac.cn/statically/gh/flinhong/configs/public/rules/BanEasyListChina.yaml
[2026-07-05 21:17:53] [INFO] Downloading: https://raw.githubusercontent.com/ACL4SSR/ACL4SSR/refs/heads/master/Clash/BanEasyPrivacy.list
[2026-07-05 21:17:53] [INFO] Downloaded rule-provider BanEasyPrivacy -> ./public/rules/BanEasyPrivacy.yaml
[2026-07-05 21:17:53] [INFO] Updated rule-provider BanEasyPrivacy URL to https://cdn.honglin.ac.cn/statically/gh/flinhong/configs/public/rules/BanEasyPrivacy.yaml
[2026-07-05 21:17:53] [INFO] Downloading: https://raw.githubusercontent.com/ACL4SSR/ACL4SSR/refs/heads/master/Clash/GoogleCN.list
[2026-07-05 21:17:53] [INFO] Downloaded rule-provider GoogleCN -> ./public/rules/GoogleCN.yaml
[2026-07-05 21:17:53] [INFO] Updated rule-provider GoogleCN URL to https://cdn.honglin.ac.cn/statically/gh/flinhong/configs/public/rules/GoogleCN.yaml
[2026-07-05 21:17:53] [INFO] Downloading: https://raw.githubusercontent.com/ACL4SSR/ACL4SSR/refs/heads/master/Clash/Ruleset/SteamCN.list
[2026-07-05 21:17:54] [INFO] Downloaded rule-provider SteamCN -> ./public/rules/SteamCN.yaml
[2026-07-05 21:17:54] [INFO] Updated rule-provider SteamCN URL to https://cdn.honglin.ac.cn/statically/gh/flinhong/configs/public/rules/SteamCN.yaml
[2026-07-05 21:17:54] [INFO] Downloading: https://raw.githubusercontent.com/ACL4SSR/ACL4SSR/refs/heads/master/Clash/Microsoft.list
[2026-07-05 21:17:54] [INFO] Downloaded rule-provider Microsoft -> ./public/rules/Microsoft.yaml
[2026-07-05 21:17:54] [INFO] Updated rule-provider Microsoft URL to https://cdn.honglin.ac.cn/statically/gh/flinhong/configs/public/rules/Microsoft.yaml
[2026-07-05 21:17:54] [INFO] Downloading: https://raw.githubusercontent.com/ACL4SSR/ACL4SSR/refs/heads/master/Clash/Apple.list
[2026-07-05 21:17:54] [INFO] Downloaded rule-provider Apple -> ./public/rules/Apple.yaml
[2026-07-05 21:17:54] [INFO] Updated rule-provider Apple URL to https://cdn.honglin.ac.cn/statically/gh/flinhong/configs/public/rules/Apple.yaml
[2026-07-05 21:17:54] [INFO] Downloading: https://raw.githubusercontent.com/ACL4SSR/ACL4SSR/refs/heads/master/Clash/ProxyMedia.list
[2026-07-05 21:17:54] [INFO] Downloaded rule-provider ProxyMedia -> ./public/rules/ProxyMedia.yaml
[2026-07-05 21:17:54] [INFO] Updated rule-provider ProxyMedia URL to https://cdn.honglin.ac.cn/statically/gh/flinhong/configs/public/rules/ProxyMedia.yaml
[2026-07-05 21:17:54] [INFO] Downloading: https://raw.githubusercontent.com/ACL4SSR/ACL4SSR/refs/heads/master/Clash/Telegram.list
[2026-07-05 21:17:54] [INFO] Downloaded rule-provider Telegram -> ./public/rules/Telegram.yaml
[2026-07-05 21:17:54] [INFO] Updated rule-provider Telegram URL to https://cdn.honglin.ac.cn/statically/gh/flinhong/configs/public/rules/Telegram.yaml
[2026-07-05 21:17:54] [INFO] Downloading: https://raw.githubusercontent.com/ACL4SSR/ACL4SSR/refs/heads/master/Clash/ProxyLite.list
[2026-07-05 21:17:54] [INFO] Downloaded rule-provider ProxyLite -> ./public/rules/ProxyLite.yaml
[2026-07-05 21:17:54] [INFO] Updated rule-provider ProxyLite URL to https://cdn.honglin.ac.cn/statically/gh/flinhong/configs/public/rules/ProxyLite.yaml
[2026-07-05 21:17:54] [INFO] Downloading: https://raw.githubusercontent.com/ACL4SSR/ACL4SSR/refs/heads/master/Clash/ChinaDomain.list
[2026-07-05 21:17:54] [INFO] Downloaded rule-provider ChinaDomain -> ./public/rules/ChinaDomain.yaml
[2026-07-05 21:17:54] [INFO] Updated rule-provider ChinaDomain URL to https://cdn.honglin.ac.cn/statically/gh/flinhong/configs/public/rules/ChinaDomain.yaml
[2026-07-05 21:17:54] [INFO] Downloading: https://raw.githubusercontent.com/ACL4SSR/ACL4SSR/refs/heads/master/Clash/ChinaCompanyIp.list
[2026-07-05 21:17:54] [INFO] Downloaded rule-provider ChinaCompanyIp -> ./public/rules/ChinaCompanyIp.yaml
[2026-07-05 21:17:54] [INFO] Updated rule-provider ChinaCompanyIp URL to https://cdn.honglin.ac.cn/statically/gh/flinhong/configs/public/rules/ChinaCompanyIp.yaml
[2026-07-05 21:17:54] [INFO] Fetching extra proxies...
[2026-07-05 21:17:55] [INFO] All date-based sources have today's file available, using today
[2026-07-05 21:17:55] [INFO] Downloading: https://raw.githubusercontent.com/zhangkaiitugithub/passcro/main/speednodes.yaml
[2026-07-05 21:17:55] [INFO] Downloading: https://raw.githubusercontent.com/peasoft/NoMoreWalls/master/list.yml
[2026-07-05 21:17:55] [INFO] Downloading: https://raw.githubusercontent.com/mahdibland/SSAggregator/master/sub/sub_merge_yaml.yml
[2026-07-05 21:17:55] [INFO] Downloading: https://raw.githubusercontent.com/ts-sf/fly/main/clash
[2026-07-05 21:17:59] [INFO] Fetched 3363 unique proxies for Load Balancer.
[2026-07-05 21:17:59] [INFO] Downloading: https://node.nodefree.me/2026/07/20260705.yaml
[2026-07-05 21:17:59] [INFO] Downloading: https://static.v2rayshare.net/2026/07/20260705.yaml
[2026-07-05 21:17:59] [INFO] Downloading: https://tt.vg/freeclash
[2026-07-05 21:17:59] [INFO] Downloading: https://raw.githubusercontent.com/Ruk1ng001/freeSub/main/clash.yaml
[2026-07-05 21:17:59] [INFO] Downloading: https://raw.githubusercontent.com/free18/v2ray/main/c.yaml
[2026-07-05 21:17:59] [WARNING] Filtered proxy 🇭🇰_HK_中国香港: reality-opts short-id '' missing or invalid
[2026-07-05 21:17:59] [WARNING] Filtered proxy 🇭🇰_HK_中国香港: reality-opts short-id '' missing or invalid
[2026-07-05 21:17:59] [WARNING] Filtered proxy 每天更新，请加电报群防止失联: reality-opts short-id '' missing or invalid
[2026-07-05 21:17:59] [WARNING] Filtered proxy 电报群：https://t.me/vvkj11: reality-opts short-id '' missing or invalid
[2026-07-05 21:17:59] [WARNING] Filtered proxy 免费VPN：https://tt.vg/FJOE2Mm: reality-opts short-id '' missing or invalid
[2026-07-05 21:17:59] [WARNING] Filtered proxy 🇷🇺_俄罗斯_5: reality-opts short-id '' missing or invalid
[2026-07-05 21:17:59] [WARNING] Filtered proxy 🇷🇺_俄罗斯_7: reality-opts short-id '' missing or invalid
[2026-07-05 21:17:59] [WARNING] Filtered proxy 🇷🇺_俄罗斯_10: reality-opts short-id '' missing or invalid
[2026-07-05 21:17:59] [WARNING] Filtered proxy 🇷🇺_俄罗斯_11: reality-opts short-id '' missing or invalid
[2026-07-05 21:17:59] [WARNING] Filtered proxy 🇷🇺_俄罗斯_13: reality-opts short-id '' missing or invalid
[2026-07-05 21:17:59] [WARNING] Filtered proxy 🇺🇸_美国_14: reality-opts short-id '' missing or invalid
[2026-07-05 21:17:59] [WARNING] Filtered proxy 🇺🇸_美国_16: reality-opts short-id '' missing or invalid
[2026-07-05 21:17:59] [WARNING] Filtered proxy 🇷🇺_俄罗斯_19: reality-opts short-id '' missing or invalid
[2026-07-05 21:17:59] [WARNING] Filtered proxy 🇷🇺_俄罗斯_20: reality-opts short-id '' missing or invalid
[2026-07-05 21:17:59] [WARNING] Filtered proxy 🇷🇺_俄罗斯_22: reality-opts short-id '' missing or invalid
[2026-07-05 21:17:59] [WARNING] Filtered proxy 🇺🇸_美国_30: reality-opts short-id '' missing or invalid
[2026-07-05 21:17:59] [WARNING] Filtered proxy 🇺🇸_美国_31: reality-opts short-id '' missing or invalid
[2026-07-05 21:17:59] [WARNING] Filtered proxy 🇺🇸_美国_32: reality-opts short-id '' missing or invalid
[2026-07-05 21:17:59] [WARNING] Filtered proxy 🇵🇱_波兰_33: reality-opts short-id '' missing or invalid
[2026-07-05 21:17:59] [WARNING] Filtered proxy 🇩🇪_德国_36: reality-opts short-id '' missing or invalid
[2026-07-05 21:17:59] [WARNING] Filtered proxy 🇷🇺_俄罗斯_38: reality-opts short-id '' missing or invalid
[2026-07-05 21:17:59] [WARNING] Filtered proxy 🇸🇨_塞舌尔_40: reality-opts short-id '' missing or invalid
[2026-07-05 21:17:59] [WARNING] Filtered proxy 🇫🇷_法国_42: reality-opts short-id '' missing or invalid
[2026-07-05 21:17:59] [WARNING] Filtered proxy 🇺🇸_美国_44: reality-opts short-id '' missing or invalid
[2026-07-05 21:17:59] [WARNING] Filtered proxy 🇵🇱_波兰_50: reality-opts short-id '' missing or invalid
[2026-07-05 21:17:59] [WARNING] Filtered proxy 🇷🇺_俄罗斯_53: reality-opts short-id '' missing or invalid
[2026-07-05 21:17:59] [WARNING] Filtered proxy 🇩🇪_德国_65: reality-opts short-id '' missing or invalid
[2026-07-05 21:17:59] [INFO] Fetched 119 unique proxies for Auto Select.
[2026-07-05 21:17:59] [WARNING] Filtered proxy 🇩🇪_DE_德国_1: reality-opts short-id '' missing or invalid
[2026-07-05 21:17:59] [INFO] Filtered original proxies: 22 remaining
[2026-07-05 21:18:01] [INFO] Successfully wrote config to ./public/subscribe/clash.yml
[2026-07-06 10:34:28] [INFO] Downloading: https://www.ermao.net/sub/clash/ermao.net
[2026-07-06 10:34:29] [INFO] Main subscription fetched and parsed.
[2026-07-06 10:34:29] [INFO] Downloading rule-providers...
[2026-07-06 10:34:29] [INFO] Downloading: https://raw.githubusercontent.com/ACL4SSR/ACL4SSR/refs/heads/master/Clash/LocalAreaNetwork.list
[2026-07-06 10:34:29] [INFO] Downloaded rule-provider LocalAreaNetwork -> ./public/rules/LocalAreaNetwork.yaml
[2026-07-06 10:34:29] [INFO] Updated rule-provider LocalAreaNetwork URL to https://cdn.honglin.ac.cn/statically/gh/flinhong/configs/public/rules/LocalAreaNetwork.yaml
[2026-07-06 10:34:29] [INFO] Downloading: https://raw.githubusercontent.com/ACL4SSR/ACL4SSR/refs/heads/master/Clash/BanAD.list
[2026-07-06 10:34:29] [INFO] Downloaded rule-provider BanAD -> ./public/rules/BanAD.yaml
[2026-07-06 10:34:29] [INFO] Updated rule-provider BanAD URL to https://cdn.honglin.ac.cn/statically/gh/flinhong/configs/public/rules/BanAD.yaml
[2026-07-06 10:34:29] [INFO] Downloading: https://raw.githubusercontent.com/ACL4SSR/ACL4SSR/refs/heads/master/Clash/BanProgramAD.list
[2026-07-06 10:34:29] [INFO] Downloaded rule-provider BanProgramAD -> ./public/rules/BanProgramAD.yaml
[2026-07-06 10:34:29] [INFO] Updated rule-provider BanProgramAD URL to https://cdn.honglin.ac.cn/statically/gh/flinhong/configs/public/rules/BanProgramAD.yaml
[2026-07-06 10:34:29] [INFO] Downloading: https://raw.githubusercontent.com/ACL4SSR/ACL4SSR/refs/heads/master/Clash/BanEasyList.list
[2026-07-06 10:34:29] [INFO] Downloaded rule-provider BanEasyList -> ./public/rules/BanEasyList.yaml
[2026-07-06 10:34:29] [INFO] Updated rule-provider BanEasyList URL to https://cdn.honglin.ac.cn/statically/gh/flinhong/configs/public/rules/BanEasyList.yaml
[2026-07-06 10:34:29] [INFO] Downloading: https://raw.githubusercontent.com/ACL4SSR/ACL4SSR/refs/heads/master/Clash/BanEasyListChina.list
[2026-07-06 10:34:30] [INFO] Downloaded rule-provider BanEasyListChina -> ./public/rules/BanEasyListChina.yaml
[2026-07-06 10:34:30] [INFO] Updated rule-provider BanEasyListChina URL to https://cdn.honglin.ac.cn/statically/gh/flinhong/configs/public/rules/BanEasyListChina.yaml
[2026-07-06 10:34:30] [INFO] Downloading: https://raw.githubusercontent.com/ACL4SSR/ACL4SSR/refs/heads/master/Clash/BanEasyPrivacy.list
[2026-07-06 10:34:30] [INFO] Downloaded rule-provider BanEasyPrivacy -> ./public/rules/BanEasyPrivacy.yaml
[2026-07-06 10:34:30] [INFO] Updated rule-provider BanEasyPrivacy URL to https://cdn.honglin.ac.cn/statically/gh/flinhong/configs/public/rules/BanEasyPrivacy.yaml
[2026-07-06 10:34:30] [INFO] Downloading: https://raw.githubusercontent.com/ACL4SSR/ACL4SSR/refs/heads/master/Clash/GoogleCN.list
[2026-07-06 10:34:30] [INFO] Downloaded rule-provider GoogleCN -> ./public/rules/GoogleCN.yaml
[2026-07-06 10:34:30] [INFO] Updated rule-provider GoogleCN URL to https://cdn.honglin.ac.cn/statically/gh/flinhong/configs/public/rules/GoogleCN.yaml
[2026-07-06 10:34:30] [INFO] Downloading: https://raw.githubusercontent.com/ACL4SSR/ACL4SSR/refs/heads/master/Clash/Ruleset/SteamCN.list
[2026-07-06 10:34:30] [INFO] Downloaded rule-provider SteamCN -> ./public/rules/SteamCN.yaml
[2026-07-06 10:34:30] [INFO] Updated rule-provider SteamCN URL to https://cdn.honglin.ac.cn/statically/gh/flinhong/configs/public/rules/SteamCN.yaml
[2026-07-06 10:34:30] [INFO] Downloading: https://raw.githubusercontent.com/ACL4SSR/ACL4SSR/refs/heads/master/Clash/Microsoft.list
[2026-07-06 10:34:30] [INFO] Downloaded rule-provider Microsoft -> ./public/rules/Microsoft.yaml
[2026-07-06 10:34:30] [INFO] Updated rule-provider Microsoft URL to https://cdn.honglin.ac.cn/statically/gh/flinhong/configs/public/rules/Microsoft.yaml
[2026-07-06 10:34:30] [INFO] Downloading: https://raw.githubusercontent.com/ACL4SSR/ACL4SSR/refs/heads/master/Clash/Apple.list
[2026-07-06 10:34:31] [INFO] Downloaded rule-provider Apple -> ./public/rules/Apple.yaml
[2026-07-06 10:34:31] [INFO] Updated rule-provider Apple URL to https://cdn.honglin.ac.cn/statically/gh/flinhong/configs/public/rules/Apple.yaml
[2026-07-06 10:34:31] [INFO] Downloading: https://raw.githubusercontent.com/ACL4SSR/ACL4SSR/refs/heads/master/Clash/ProxyMedia.list
[2026-07-06 10:34:31] [INFO] Downloaded rule-provider ProxyMedia -> ./public/rules/ProxyMedia.yaml
[2026-07-06 10:34:31] [INFO] Updated rule-provider ProxyMedia URL to https://cdn.honglin.ac.cn/statically/gh/flinhong/configs/public/rules/ProxyMedia.yaml
[2026-07-06 10:34:31] [INFO] Downloading: https://raw.githubusercontent.com/ACL4SSR/ACL4SSR/refs/heads/master/Clash/Telegram.list
[2026-07-06 10:34:31] [INFO] Downloaded rule-provider Telegram -> ./public/rules/Telegram.yaml
[2026-07-06 10:34:31] [INFO] Updated rule-provider Telegram URL to https://cdn.honglin.ac.cn/statically/gh/flinhong/configs/public/rules/Telegram.yaml
[2026-07-06 10:34:31] [INFO] Downloading: https://raw.githubusercontent.com/ACL4SSR/ACL4SSR/refs/heads/master/Clash/ProxyLite.list
[2026-07-06 10:34:31] [INFO] Downloaded rule-provider ProxyLite -> ./public/rules/ProxyLite.yaml
[2026-07-06 10:34:31] [INFO] Updated rule-provider ProxyLite URL to https://cdn.honglin.ac.cn/statically/gh/flinhong/configs/public/rules/ProxyLite.yaml
[2026-07-06 10:34:31] [INFO] Downloading: https://raw.githubusercontent.com/ACL4SSR/ACL4SSR/refs/heads/master/Clash/ChinaDomain.list
[2026-07-06 10:34:31] [INFO] Downloaded rule-provider ChinaDomain -> ./public/rules/ChinaDomain.yaml
[2026-07-06 10:34:31] [INFO] Updated rule-provider ChinaDomain URL to https://cdn.honglin.ac.cn/statically/gh/flinhong/configs/public/rules/ChinaDomain.yaml
[2026-07-06 10:34:31] [INFO] Downloading: https://raw.githubusercontent.com/ACL4SSR/ACL4SSR/refs/heads/master/Clash/ChinaCompanyIp.list
[2026-07-06 10:34:31] [INFO] Downloaded rule-provider ChinaCompanyIp -> ./public/rules/ChinaCompanyIp.yaml
[2026-07-06 10:34:31] [INFO] Updated rule-provider ChinaCompanyIp URL to https://cdn.honglin.ac.cn/statically/gh/flinhong/configs/public/rules/ChinaCompanyIp.yaml
[2026-07-06 10:34:31] [INFO] Fetching extra proxies...
[2026-07-06 10:34:32] [INFO] All date-based sources have today's file available, using today
[2026-07-06 10:34:32] [INFO] Downloading: https://raw.githubusercontent.com/zhangkaiitugithub/passcro/main/speednodes.yaml
[2026-07-06 10:34:32] [INFO] Downloading: https://raw.githubusercontent.com/peasoft/NoMoreWalls/master/list.yml
[2026-07-06 10:34:32] [INFO] Downloading: https://raw.githubusercontent.com/mahdibland/SSAggregator/master/sub/sub_merge_yaml.yml
[2026-07-06 10:34:32] [INFO] Downloading: https://raw.githubusercontent.com/ts-sf/fly/main/clash
[2026-07-06 10:34:35] [INFO] Fetched 3360 unique proxies for Load Balancer.
[2026-07-06 10:34:35] [INFO] Downloading: https://node.nodefree.me/2026/07/20260706.yaml
[2026-07-06 10:34:35] [INFO] Downloading: https://static.v2rayshare.net/2026/07/20260706.yaml
[2026-07-06 10:34:35] [INFO] Downloading: https://tt.vg/freeclash
[2026-07-06 10:34:35] [INFO] Downloading: https://raw.githubusercontent.com/free18/v2ray/main/c.yaml
[2026-07-06 10:34:35] [INFO] Downloading: https://raw.githubusercontent.com/Ruk1ng001/freeSub/main/clash.yaml
[2026-07-06 10:34:35] [WARNING] Filtered proxy 🔴🇩🇪[🎬🤖📺🎭]_github.com/Ruk1ng001_a5fd61d6: reality-opts short-id '' missing or invalid
[2026-07-06 10:34:36] [WARNING] Filtered proxy 每天更新，请加电报群防止失联: reality-opts short-id '' missing or invalid
[2026-07-06 10:34:36] [WARNING] Filtered proxy 电报群：https://t.me/vvkj11: reality-opts short-id '' missing or invalid
[2026-07-06 10:34:36] [WARNING] Filtered proxy 免费VPN：https://tt.vg/FJOE2Mm: reality-opts short-id '' missing or invalid
[2026-07-06 10:34:36] [WARNING] Filtered proxy 🇷🇺_俄罗斯_5: reality-opts short-id '' missing or invalid
[2026-07-06 10:34:36] [WARNING] Filtered proxy 🇷🇺_俄罗斯_7: reality-opts short-id '' missing or invalid
[2026-07-06 10:34:36] [WARNING] Filtered proxy 🇷🇺_俄罗斯_10: reality-opts short-id '' missing or invalid
[2026-07-06 10:34:36] [WARNING] Filtered proxy 🇷🇺_俄罗斯_11: reality-opts short-id '' missing or invalid
[2026-07-06 10:34:36] [WARNING] Filtered proxy 🇷🇺_俄罗斯_13: reality-opts short-id '' missing or invalid
[2026-07-06 10:34:36] [WARNING] Filtered proxy 🇺🇸_美国_14: reality-opts short-id '' missing or invalid
[2026-07-06 10:34:36] [WARNING] Filtered proxy 🇺🇸_美国_16: reality-opts short-id '' missing or invalid
[2026-07-06 10:34:36] [WARNING] Filtered proxy 🇷🇺_俄罗斯_19: reality-opts short-id '' missing or invalid
[2026-07-06 10:34:36] [WARNING] Filtered proxy 🇷🇺_俄罗斯_20: reality-opts short-id '' missing or invalid
[2026-07-06 10:34:36] [WARNING] Filtered proxy 🇷🇺_俄罗斯_22: reality-opts short-id '' missing or invalid
[2026-07-06 10:34:36] [WARNING] Filtered proxy 🇺🇸_美国_30: reality-opts short-id '' missing or invalid
[2026-07-06 10:34:36] [WARNING] Filtered proxy 🇺🇸_美国_31: reality-opts short-id '' missing or invalid
[2026-07-06 10:34:36] [WARNING] Filtered proxy 🇺🇸_美国_32: reality-opts short-id '' missing or invalid
[2026-07-06 10:34:36] [WARNING] Filtered proxy 🇵🇱_波兰_33: reality-opts short-id '' missing or invalid
[2026-07-06 10:34:36] [WARNING] Filtered proxy 🇩🇪_德国_36: reality-opts short-id '' missing or invalid
[2026-07-06 10:34:36] [WARNING] Filtered proxy 🇷🇺_俄罗斯_38: reality-opts short-id '' missing or invalid
[2026-07-06 10:34:36] [WARNING] Filtered proxy 🇸🇨_塞舌尔_40: reality-opts short-id '' missing or invalid
[2026-07-06 10:34:36] [WARNING] Filtered proxy 🇫🇷_法国_42: reality-opts short-id '' missing or invalid
[2026-07-06 10:34:36] [WARNING] Filtered proxy 🇺🇸_美国_44: reality-opts short-id '' missing or invalid
[2026-07-06 10:34:36] [WARNING] Filtered proxy 🇵🇱_波兰_50: reality-opts short-id '' missing or invalid
[2026-07-06 10:34:36] [WARNING] Filtered proxy 🇷🇺_俄罗斯_53: reality-opts short-id '' missing or invalid
[2026-07-06 10:34:36] [WARNING] Filtered proxy 🇩🇪_德国_65: reality-opts short-id '' missing or invalid
[2026-07-06 10:34:36] [WARNING] Filtered proxy 🇭🇰_HK_中国香港: reality-opts short-id '' missing or invalid
[2026-07-06 10:34:36] [WARNING] Filtered proxy 🇭🇰_HK_中国香港: reality-opts short-id '' missing or invalid
[2026-07-06 10:34:36] [INFO] Fetched 126 unique proxies for Auto Select.
[2026-07-06 10:34:36] [WARNING] Filtered proxy 🇩🇪_DE_德国_1: reality-opts short-id '' missing or invalid
[2026-07-06 10:34:36] [INFO] Filtered original proxies: 26 remaining
[2026-07-06 10:34:37] [INFO] Successfully wrote config to ./public/subscribe/clash.yml
[2026-07-06 23:18:33] [INFO] Downloading: https://www.ermao.net/sub/clash/ermao.net
[2026-07-06 23:18:33] [INFO] Main subscription fetched and parsed.
[2026-07-06 23:18:33] [INFO] Downloading rule-providers...
[2026-07-06 23:18:33] [INFO] Downloading: https://raw.githubusercontent.com/ACL4SSR/ACL4SSR/refs/heads/master/Clash/LocalAreaNetwork.list
[2026-07-06 23:18:33] [INFO] Downloaded rule-provider LocalAreaNetwork -> ./public/rules/LocalAreaNetwork.yaml
[2026-07-06 23:18:33] [INFO] Updated rule-provider LocalAreaNetwork URL to https://cdn.honglin.ac.cn/statically/gh/flinhong/configs/public/rules/LocalAreaNetwork.yaml
[2026-07-06 23:18:33] [INFO] Downloading: https://raw.githubusercontent.com/ACL4SSR/ACL4SSR/refs/heads/master/Clash/BanAD.list
[2026-07-06 23:18:34] [INFO] Downloaded rule-provider BanAD -> ./public/rules/BanAD.yaml
[2026-07-06 23:18:34] [INFO] Updated rule-provider BanAD URL to https://cdn.honglin.ac.cn/statically/gh/flinhong/configs/public/rules/BanAD.yaml
[2026-07-06 23:18:34] [INFO] Downloading: https://raw.githubusercontent.com/ACL4SSR/ACL4SSR/refs/heads/master/Clash/BanProgramAD.list
[2026-07-06 23:18:34] [INFO] Downloaded rule-provider BanProgramAD -> ./public/rules/BanProgramAD.yaml
[2026-07-06 23:18:34] [INFO] Updated rule-provider BanProgramAD URL to https://cdn.honglin.ac.cn/statically/gh/flinhong/configs/public/rules/BanProgramAD.yaml
[2026-07-06 23:18:34] [INFO] Downloading: https://raw.githubusercontent.com/ACL4SSR/ACL4SSR/refs/heads/master/Clash/BanEasyList.list
[2026-07-06 23:18:34] [INFO] Downloaded rule-provider BanEasyList -> ./public/rules/BanEasyList.yaml
[2026-07-06 23:18:34] [INFO] Updated rule-provider BanEasyList URL to https://cdn.honglin.ac.cn/statically/gh/flinhong/configs/public/rules/BanEasyList.yaml
[2026-07-06 23:18:34] [INFO] Downloading: https://raw.githubusercontent.com/ACL4SSR/ACL4SSR/refs/heads/master/Clash/BanEasyListChina.list
[2026-07-06 23:18:35] [INFO] Downloaded rule-provider BanEasyListChina -> ./public/rules/BanEasyListChina.yaml
[2026-07-06 23:18:35] [INFO] Updated rule-provider BanEasyListChina URL to https://cdn.honglin.ac.cn/statically/gh/flinhong/configs/public/rules/BanEasyListChina.yaml
[2026-07-06 23:18:35] [INFO] Downloading: https://raw.githubusercontent.com/ACL4SSR/ACL4SSR/refs/heads/master/Clash/BanEasyPrivacy.list
[2026-07-06 23:18:35] [INFO] Downloaded rule-provider BanEasyPrivacy -> ./public/rules/BanEasyPrivacy.yaml
[2026-07-06 23:18:35] [INFO] Updated rule-provider BanEasyPrivacy URL to https://cdn.honglin.ac.cn/statically/gh/flinhong/configs/public/rules/BanEasyPrivacy.yaml
[2026-07-06 23:18:35] [INFO] Downloading: https://raw.githubusercontent.com/ACL4SSR/ACL4SSR/refs/heads/master/Clash/GoogleCN.list
[2026-07-06 23:18:35] [INFO] Downloaded rule-provider GoogleCN -> ./public/rules/GoogleCN.yaml
[2026-07-06 23:18:35] [INFO] Updated rule-provider GoogleCN URL to https://cdn.honglin.ac.cn/statically/gh/flinhong/configs/public/rules/GoogleCN.yaml
[2026-07-06 23:18:35] [INFO] Downloading: https://raw.githubusercontent.com/ACL4SSR/ACL4SSR/refs/heads/master/Clash/Ruleset/SteamCN.list
[2026-07-06 23:18:35] [INFO] Downloaded rule-provider SteamCN -> ./public/rules/SteamCN.yaml
[2026-07-06 23:18:35] [INFO] Updated rule-provider SteamCN URL to https://cdn.honglin.ac.cn/statically/gh/flinhong/configs/public/rules/SteamCN.yaml
[2026-07-06 23:18:35] [INFO] Downloading: https://raw.githubusercontent.com/ACL4SSR/ACL4SSR/refs/heads/master/Clash/Microsoft.list
[2026-07-06 23:18:36] [INFO] Downloaded rule-provider Microsoft -> ./public/rules/Microsoft.yaml
[2026-07-06 23:18:36] [INFO] Updated rule-provider Microsoft URL to https://cdn.honglin.ac.cn/statically/gh/flinhong/configs/public/rules/Microsoft.yaml
[2026-07-06 23:18:36] [INFO] Downloading: https://raw.githubusercontent.com/ACL4SSR/ACL4SSR/refs/heads/master/Clash/Apple.list
[2026-07-06 23:18:36] [INFO] Downloaded rule-provider Apple -> ./public/rules/Apple.yaml
[2026-07-06 23:18:36] [INFO] Updated rule-provider Apple URL to https://cdn.honglin.ac.cn/statically/gh/flinhong/configs/public/rules/Apple.yaml
[2026-07-06 23:18:36] [INFO] Downloading: https://raw.githubusercontent.com/ACL4SSR/ACL4SSR/refs/heads/master/Clash/ProxyMedia.list
[2026-07-06 23:18:36] [INFO] Downloaded rule-provider ProxyMedia -> ./public/rules/ProxyMedia.yaml
[2026-07-06 23:18:36] [INFO] Updated rule-provider ProxyMedia URL to https://cdn.honglin.ac.cn/statically/gh/flinhong/configs/public/rules/ProxyMedia.yaml
[2026-07-06 23:18:36] [INFO] Downloading: https://raw.githubusercontent.com/ACL4SSR/ACL4SSR/refs/heads/master/Clash/Telegram.list
[2026-07-06 23:18:36] [INFO] Downloaded rule-provider Telegram -> ./public/rules/Telegram.yaml
[2026-07-06 23:18:36] [INFO] Updated rule-provider Telegram URL to https://cdn.honglin.ac.cn/statically/gh/flinhong/configs/public/rules/Telegram.yaml
[2026-07-06 23:18:36] [INFO] Downloading: https://raw.githubusercontent.com/ACL4SSR/ACL4SSR/refs/heads/master/Clash/ProxyLite.list
[2026-07-06 23:18:36] [INFO] Downloaded rule-provider ProxyLite -> ./public/rules/ProxyLite.yaml
[2026-07-06 23:18:36] [INFO] Updated rule-provider ProxyLite URL to https://cdn.honglin.ac.cn/statically/gh/flinhong/configs/public/rules/ProxyLite.yaml
[2026-07-06 23:18:36] [INFO] Downloading: https://raw.githubusercontent.com/ACL4SSR/ACL4SSR/refs/heads/master/Clash/ChinaDomain.list
[2026-07-06 23:18:36] [INFO] Downloaded rule-provider ChinaDomain -> ./public/rules/ChinaDomain.yaml
[2026-07-06 23:18:36] [INFO] Updated rule-provider ChinaDomain URL to https://cdn.honglin.ac.cn/statically/gh/flinhong/configs/public/rules/ChinaDomain.yaml
[2026-07-06 23:18:36] [INFO] Downloading: https://raw.githubusercontent.com/ACL4SSR/ACL4SSR/refs/heads/master/Clash/ChinaCompanyIp.list
[2026-07-06 23:18:37] [INFO] Downloaded rule-provider ChinaCompanyIp -> ./public/rules/ChinaCompanyIp.yaml
[2026-07-06 23:18:37] [INFO] Updated rule-provider ChinaCompanyIp URL to https://cdn.honglin.ac.cn/statically/gh/flinhong/configs/public/rules/ChinaCompanyIp.yaml
[2026-07-06 23:18:37] [INFO] Fetching extra proxies...
[2026-07-06 23:18:37] [INFO] All date-based sources have today's file available, using today
[2026-07-06 23:18:37] [INFO] Downloading: https://raw.githubusercontent.com/zhangkaiitugithub/passcro/main/speednodes.yaml
[2026-07-06 23:18:37] [INFO] Downloading: https://raw.githubusercontent.com/peasoft/NoMoreWalls/master/list.yml
[2026-07-06 23:18:37] [INFO] Downloading: https://raw.githubusercontent.com/mahdibland/SSAggregator/master/sub/sub_merge_yaml.yml
[2026-07-06 23:18:37] [INFO] Downloading: https://raw.githubusercontent.com/ts-sf/fly/main/clash
[2026-07-06 23:18:41] [INFO] Fetched 3353 unique proxies for Load Balancer.
[2026-07-06 23:18:41] [INFO] Downloading: https://node.nodefree.me/2026/07/20260706.yaml
[2026-07-06 23:18:41] [INFO] Downloading: https://static.v2rayshare.net/2026/07/20260706.yaml
[2026-07-06 23:18:41] [INFO] Downloading: https://raw.githubusercontent.com/Ruk1ng001/freeSub/main/clash.yaml
[2026-07-06 23:18:41] [INFO] Downloading: https://tt.vg/freeclash
[2026-07-06 23:18:41] [INFO] Downloading: https://raw.githubusercontent.com/free18/v2ray/main/c.yaml
[2026-07-06 23:18:41] [WARNING] Filtered proxy 🏳️_未知_6: reality-opts short-id '' missing or invalid
[2026-07-06 23:18:41] [WARNING] Filtered proxy 🇺🇸_美国_11: reality-opts short-id '' missing or invalid
[2026-07-06 23:18:41] [WARNING] Filtered proxy 🇮🇹_意大利_16: reality-opts short-id '' missing or invalid
[2026-07-06 23:18:41] [WARNING] Filtered proxy 🇮🇹_意大利_21: reality-opts short-id '' missing or invalid
[2026-07-06 23:18:41] [WARNING] Filtered proxy 🇩🇪_德国_22: reality-opts short-id '' missing or invalid
[2026-07-06 23:18:41] [WARNING] Filtered proxy 🇷🇺_俄罗斯_23: reality-opts short-id '' missing or invalid
[2026-07-06 23:18:41] [WARNING] Filtered proxy 🇩🇪_德国_119: reality-opts short-id '' missing or invalid
[2026-07-06 23:18:41] [WARNING] Filtered proxy 🇭🇰_HK_中国香港: reality-opts short-id '' missing or invalid
[2026-07-06 23:18:42] [WARNING] Filtered proxy 🇭🇰_HK_中国香港: reality-opts short-id '' missing or invalid
[2026-07-06 23:18:42] [INFO] Fetched 110 unique proxies for Auto Select.
[2026-07-06 23:18:42] [INFO] Filtered original proxies: 26 remaining
[2026-07-06 23:18:43] [INFO] Successfully wrote config to ./public/subscribe/clash.yml
[2026-07-07 10:29:59] [INFO] Downloading: https://www.ermao.net/sub/clash/ermao.net
[2026-07-07 10:30:00] [INFO] Main subscription fetched and parsed.
[2026-07-07 10:30:00] [INFO] Downloading rule-providers...
[2026-07-07 10:30:00] [INFO] Downloading: https://raw.githubusercontent.com/ACL4SSR/ACL4SSR/refs/heads/master/Clash/LocalAreaNetwork.list
[2026-07-07 10:30:00] [INFO] Downloaded rule-provider LocalAreaNetwork -> ./public/rules/LocalAreaNetwork.yaml
[2026-07-07 10:30:00] [INFO] Updated rule-provider LocalAreaNetwork URL to https://cdn.honglin.ac.cn/statically/gh/flinhong/configs/public/rules/LocalAreaNetwork.yaml
[2026-07-07 10:30:00] [INFO] Downloading: https://raw.githubusercontent.com/ACL4SSR/ACL4SSR/refs/heads/master/Clash/BanAD.list
[2026-07-07 10:30:00] [INFO] Downloaded rule-provider BanAD -> ./public/rules/BanAD.yaml
[2026-07-07 10:30:00] [INFO] Updated rule-provider BanAD URL to https://cdn.honglin.ac.cn/statically/gh/flinhong/configs/public/rules/BanAD.yaml
[2026-07-07 10:30:00] [INFO] Downloading: https://raw.githubusercontent.com/ACL4SSR/ACL4SSR/refs/heads/master/Clash/BanProgramAD.list
[2026-07-07 10:30:00] [INFO] Downloaded rule-provider BanProgramAD -> ./public/rules/BanProgramAD.yaml
[2026-07-07 10:30:00] [INFO] Updated rule-provider BanProgramAD URL to https://cdn.honglin.ac.cn/statically/gh/flinhong/configs/public/rules/BanProgramAD.yaml
[2026-07-07 10:30:00] [INFO] Downloading: https://raw.githubusercontent.com/ACL4SSR/ACL4SSR/refs/heads/master/Clash/BanEasyList.list
[2026-07-07 10:30:00] [INFO] Downloaded rule-provider BanEasyList -> ./public/rules/BanEasyList.yaml
[2026-07-07 10:30:00] [INFO] Updated rule-provider BanEasyList URL to https://cdn.honglin.ac.cn/statically/gh/flinhong/configs/public/rules/BanEasyList.yaml
[2026-07-07 10:30:00] [INFO] Downloading: https://raw.githubusercontent.com/ACL4SSR/ACL4SSR/refs/heads/master/Clash/BanEasyListChina.list
[2026-07-07 10:30:00] [INFO] Downloaded rule-provider BanEasyListChina -> ./public/rules/BanEasyListChina.yaml
[2026-07-07 10:30:00] [INFO] Updated rule-provider BanEasyListChina URL to https://cdn.honglin.ac.cn/statically/gh/flinhong/configs/public/rules/BanEasyListChina.yaml
[2026-07-07 10:30:00] [INFO] Downloading: https://raw.githubusercontent.com/ACL4SSR/ACL4SSR/refs/heads/master/Clash/BanEasyPrivacy.list
[2026-07-07 10:30:01] [INFO] Downloaded rule-provider BanEasyPrivacy -> ./public/rules/BanEasyPrivacy.yaml
[2026-07-07 10:30:01] [INFO] Updated rule-provider BanEasyPrivacy URL to https://cdn.honglin.ac.cn/statically/gh/flinhong/configs/public/rules/BanEasyPrivacy.yaml
[2026-07-07 10:30:01] [INFO] Downloading: https://raw.githubusercontent.com/ACL4SSR/ACL4SSR/refs/heads/master/Clash/GoogleCN.list
[2026-07-07 10:30:01] [INFO] Downloaded rule-provider GoogleCN -> ./public/rules/GoogleCN.yaml
[2026-07-07 10:30:01] [INFO] Updated rule-provider GoogleCN URL to https://cdn.honglin.ac.cn/statically/gh/flinhong/configs/public/rules/GoogleCN.yaml
[2026-07-07 10:30:01] [INFO] Downloading: https://raw.githubusercontent.com/ACL4SSR/ACL4SSR/refs/heads/master/Clash/Ruleset/SteamCN.list
[2026-07-07 10:30:01] [INFO] Downloaded rule-provider SteamCN -> ./public/rules/SteamCN.yaml
[2026-07-07 10:30:01] [INFO] Updated rule-provider SteamCN URL to https://cdn.honglin.ac.cn/statically/gh/flinhong/configs/public/rules/SteamCN.yaml
[2026-07-07 10:30:01] [INFO] Downloading: https://raw.githubusercontent.com/ACL4SSR/ACL4SSR/refs/heads/master/Clash/Microsoft.list
[2026-07-07 10:30:01] [INFO] Downloaded rule-provider Microsoft -> ./public/rules/Microsoft.yaml
[2026-07-07 10:30:01] [INFO] Updated rule-provider Microsoft URL to https://cdn.honglin.ac.cn/statically/gh/flinhong/configs/public/rules/Microsoft.yaml
[2026-07-07 10:30:01] [INFO] Downloading: https://raw.githubusercontent.com/ACL4SSR/ACL4SSR/refs/heads/master/Clash/Apple.list
[2026-07-07 10:30:01] [INFO] Downloaded rule-provider Apple -> ./public/rules/Apple.yaml
[2026-07-07 10:30:01] [INFO] Updated rule-provider Apple URL to https://cdn.honglin.ac.cn/statically/gh/flinhong/configs/public/rules/Apple.yaml
[2026-07-07 10:30:01] [INFO] Downloading: https://raw.githubusercontent.com/ACL4SSR/ACL4SSR/refs/heads/master/Clash/ProxyMedia.list
[2026-07-07 10:30:01] [INFO] Downloaded rule-provider ProxyMedia -> ./public/rules/ProxyMedia.yaml
[2026-07-07 10:30:01] [INFO] Updated rule-provider ProxyMedia URL to https://cdn.honglin.ac.cn/statically/gh/flinhong/configs/public/rules/ProxyMedia.yaml
[2026-07-07 10:30:01] [INFO] Downloading: https://raw.githubusercontent.com/ACL4SSR/ACL4SSR/refs/heads/master/Clash/Telegram.list
[2026-07-07 10:30:01] [INFO] Downloaded rule-provider Telegram -> ./public/rules/Telegram.yaml
[2026-07-07 10:30:01] [INFO] Updated rule-provider Telegram URL to https://cdn.honglin.ac.cn/statically/gh/flinhong/configs/public/rules/Telegram.yaml
[2026-07-07 10:30:01] [INFO] Downloading: https://raw.githubusercontent.com/ACL4SSR/ACL4SSR/refs/heads/master/Clash/ProxyLite.list
[2026-07-07 10:30:01] [INFO] Downloaded rule-provider ProxyLite -> ./public/rules/ProxyLite.yaml
[2026-07-07 10:30:01] [INFO] Updated rule-provider ProxyLite URL to https://cdn.honglin.ac.cn/statically/gh/flinhong/configs/public/rules/ProxyLite.yaml
[2026-07-07 10:30:01] [INFO] Downloading: https://raw.githubusercontent.com/ACL4SSR/ACL4SSR/refs/heads/master/Clash/ChinaDomain.list
[2026-07-07 10:30:01] [INFO] Downloaded rule-provider ChinaDomain -> ./public/rules/ChinaDomain.yaml
[2026-07-07 10:30:01] [INFO] Updated rule-provider ChinaDomain URL to https://cdn.honglin.ac.cn/statically/gh/flinhong/configs/public/rules/ChinaDomain.yaml
[2026-07-07 10:30:01] [INFO] Downloading: https://raw.githubusercontent.com/ACL4SSR/ACL4SSR/refs/heads/master/Clash/ChinaCompanyIp.list
[2026-07-07 10:30:01] [INFO] Downloaded rule-provider ChinaCompanyIp -> ./public/rules/ChinaCompanyIp.yaml
[2026-07-07 10:30:01] [INFO] Updated rule-provider ChinaCompanyIp URL to https://cdn.honglin.ac.cn/statically/gh/flinhong/configs/public/rules/ChinaCompanyIp.yaml
[2026-07-07 10:30:01] [INFO] Fetching extra proxies...
[2026-07-07 10:30:02] [INFO] All date-based sources have today's file available, using today
[2026-07-07 10:30:02] [INFO] Downloading: https://raw.githubusercontent.com/zhangkaiitugithub/passcro/main/speednodes.yaml
[2026-07-07 10:30:02] [INFO] Downloading: https://raw.githubusercontent.com/peasoft/NoMoreWalls/master/list.yml
[2026-07-07 10:30:02] [INFO] Downloading: https://raw.githubusercontent.com/mahdibland/SSAggregator/master/sub/sub_merge_yaml.yml
[2026-07-07 10:30:02] [INFO] Downloading: https://raw.githubusercontent.com/ts-sf/fly/main/clash
[2026-07-07 10:30:06] [INFO] Fetched 3350 unique proxies for Load Balancer.
[2026-07-07 10:30:06] [INFO] Downloading: https://node.nodefree.me/2026/07/20260707.yaml
[2026-07-07 10:30:06] [INFO] Downloading: https://static.v2rayshare.net/2026/07/20260707.yaml
[2026-07-07 10:30:06] [INFO] Downloading: https://raw.githubusercontent.com/Ruk1ng001/freeSub/main/clash.yaml
[2026-07-07 10:30:06] [INFO] Downloading: https://tt.vg/freeclash
[2026-07-07 10:30:06] [INFO] Downloading: https://raw.githubusercontent.com/free18/v2ray/main/c.yaml
[2026-07-07 10:30:06] [WARNING] Filtered proxy 🏳️_未知_6: reality-opts short-id '' missing or invalid
[2026-07-07 10:30:06] [WARNING] Filtered proxy 🇺🇸_美国_11: reality-opts short-id '' missing or invalid
[2026-07-07 10:30:06] [WARNING] Filtered proxy 🇮🇹_意大利_16: reality-opts short-id '' missing or invalid
[2026-07-07 10:30:06] [WARNING] Filtered proxy 🇮🇹_意大利_21: reality-opts short-id '' missing or invalid
[2026-07-07 10:30:06] [WARNING] Filtered proxy 🇩🇪_德国_22: reality-opts short-id '' missing or invalid
[2026-07-07 10:30:06] [WARNING] Filtered proxy 🇷🇺_俄罗斯_23: reality-opts short-id '' missing or invalid
[2026-07-07 10:30:06] [WARNING] Filtered proxy 🇩🇪_德国_119: reality-opts short-id '' missing or invalid
[2026-07-07 10:30:06] [WARNING] Filtered proxy 🇭🇰_HK_中国香港: reality-opts short-id '' missing or invalid
[2026-07-07 10:30:06] [WARNING] Filtered proxy 🇭🇰_HK_中国香港: reality-opts short-id '' missing or invalid
[2026-07-07 10:30:06] [INFO] Fetched 113 unique proxies for Auto Select.
[2026-07-07 10:30:06] [INFO] Filtered original proxies: 27 remaining
[2026-07-07 10:30:08] [INFO] Successfully wrote config to ./public/subscribe/clash.yml
[2026-07-07 22:14:57] [INFO] Downloading: https://www.ermao.net/sub/clash/ermao.net
[2026-07-07 22:14:57] [INFO] Main subscription fetched and parsed.
[2026-07-07 22:14:57] [INFO] Downloading rule-providers...
[2026-07-07 22:14:57] [INFO] Downloading: https://raw.githubusercontent.com/ACL4SSR/ACL4SSR/refs/heads/master/Clash/LocalAreaNetwork.list
[2026-07-07 22:14:58] [INFO] Downloaded rule-provider LocalAreaNetwork -> ./public/rules/LocalAreaNetwork.yaml
[2026-07-07 22:14:58] [INFO] Updated rule-provider LocalAreaNetwork URL to https://cdn.honglin.ac.cn/statically/gh/flinhong/configs/public/rules/LocalAreaNetwork.yaml
[2026-07-07 22:14:58] [INFO] Downloading: https://raw.githubusercontent.com/ACL4SSR/ACL4SSR/refs/heads/master/Clash/BanAD.list
[2026-07-07 22:14:58] [INFO] Downloaded rule-provider BanAD -> ./public/rules/BanAD.yaml
[2026-07-07 22:14:58] [INFO] Updated rule-provider BanAD URL to https://cdn.honglin.ac.cn/statically/gh/flinhong/configs/public/rules/BanAD.yaml
[2026-07-07 22:14:58] [INFO] Downloading: https://raw.githubusercontent.com/ACL4SSR/ACL4SSR/refs/heads/master/Clash/BanProgramAD.list
[2026-07-07 22:14:58] [INFO] Downloaded rule-provider BanProgramAD -> ./public/rules/BanProgramAD.yaml
[2026-07-07 22:14:58] [INFO] Updated rule-provider BanProgramAD URL to https://cdn.honglin.ac.cn/statically/gh/flinhong/configs/public/rules/BanProgramAD.yaml
[2026-07-07 22:14:58] [INFO] Downloading: https://raw.githubusercontent.com/ACL4SSR/ACL4SSR/refs/heads/master/Clash/BanEasyList.list
[2026-07-07 22:14:59] [INFO] Downloaded rule-provider BanEasyList -> ./public/rules/BanEasyList.yaml
[2026-07-07 22:14:59] [INFO] Updated rule-provider BanEasyList URL to https://cdn.honglin.ac.cn/statically/gh/flinhong/configs/public/rules/BanEasyList.yaml
[2026-07-07 22:14:59] [INFO] Downloading: https://raw.githubusercontent.com/ACL4SSR/ACL4SSR/refs/heads/master/Clash/BanEasyListChina.list
[2026-07-07 22:14:59] [INFO] Downloaded rule-provider BanEasyListChina -> ./public/rules/BanEasyListChina.yaml
[2026-07-07 22:14:59] [INFO] Updated rule-provider BanEasyListChina URL to https://cdn.honglin.ac.cn/statically/gh/flinhong/configs/public/rules/BanEasyListChina.yaml
[2026-07-07 22:14:59] [INFO] Downloading: https://raw.githubusercontent.com/ACL4SSR/ACL4SSR/refs/heads/master/Clash/BanEasyPrivacy.list
[2026-07-07 22:14:59] [INFO] Downloaded rule-provider BanEasyPrivacy -> ./public/rules/BanEasyPrivacy.yaml
[2026-07-07 22:14:59] [INFO] Updated rule-provider BanEasyPrivacy URL to https://cdn.honglin.ac.cn/statically/gh/flinhong/configs/public/rules/BanEasyPrivacy.yaml
[2026-07-07 22:14:59] [INFO] Downloading: https://raw.githubusercontent.com/ACL4SSR/ACL4SSR/refs/heads/master/Clash/GoogleCN.list
[2026-07-07 22:14:59] [INFO] Downloaded rule-provider GoogleCN -> ./public/rules/GoogleCN.yaml
[2026-07-07 22:14:59] [INFO] Updated rule-provider GoogleCN URL to https://cdn.honglin.ac.cn/statically/gh/flinhong/configs/public/rules/GoogleCN.yaml
[2026-07-07 22:14:59] [INFO] Downloading: https://raw.githubusercontent.com/ACL4SSR/ACL4SSR/refs/heads/master/Clash/Ruleset/SteamCN.list
[2026-07-07 22:14:59] [INFO] Downloaded rule-provider SteamCN -> ./public/rules/SteamCN.yaml
[2026-07-07 22:14:59] [INFO] Updated rule-provider SteamCN URL to https://cdn.honglin.ac.cn/statically/gh/flinhong/configs/public/rules/SteamCN.yaml
[2026-07-07 22:14:59] [INFO] Downloading: https://raw.githubusercontent.com/ACL4SSR/ACL4SSR/refs/heads/master/Clash/Microsoft.list
[2026-07-07 22:14:59] [INFO] Downloaded rule-provider Microsoft -> ./public/rules/Microsoft.yaml
[2026-07-07 22:14:59] [INFO] Updated rule-provider Microsoft URL to https://cdn.honglin.ac.cn/statically/gh/flinhong/configs/public/rules/Microsoft.yaml
[2026-07-07 22:14:59] [INFO] Downloading: https://raw.githubusercontent.com/ACL4SSR/ACL4SSR/refs/heads/master/Clash/Apple.list
[2026-07-07 22:15:00] [INFO] Downloaded rule-provider Apple -> ./public/rules/Apple.yaml
[2026-07-07 22:15:00] [INFO] Updated rule-provider Apple URL to https://cdn.honglin.ac.cn/statically/gh/flinhong/configs/public/rules/Apple.yaml
[2026-07-07 22:15:00] [INFO] Downloading: https://raw.githubusercontent.com/ACL4SSR/ACL4SSR/refs/heads/master/Clash/ProxyMedia.list
[2026-07-07 22:15:00] [INFO] Downloaded rule-provider ProxyMedia -> ./public/rules/ProxyMedia.yaml
[2026-07-07 22:15:00] [INFO] Updated rule-provider ProxyMedia URL to https://cdn.honglin.ac.cn/statically/gh/flinhong/configs/public/rules/ProxyMedia.yaml
[2026-07-07 22:15:00] [INFO] Downloading: https://raw.githubusercontent.com/ACL4SSR/ACL4SSR/refs/heads/master/Clash/Telegram.list
[2026-07-07 22:15:00] [INFO] Downloaded rule-provider Telegram -> ./public/rules/Telegram.yaml
[2026-07-07 22:15:00] [INFO] Updated rule-provider Telegram URL to https://cdn.honglin.ac.cn/statically/gh/flinhong/configs/public/rules/Telegram.yaml
[2026-07-07 22:15:00] [INFO] Downloading: https://raw.githubusercontent.com/ACL4SSR/ACL4SSR/refs/heads/master/Clash/ProxyLite.list
[2026-07-07 22:15:00] [INFO] Downloaded rule-provider ProxyLite -> ./public/rules/ProxyLite.yaml
[2026-07-07 22:15:00] [INFO] Updated rule-provider ProxyLite URL to https://cdn.honglin.ac.cn/statically/gh/flinhong/configs/public/rules/ProxyLite.yaml
[2026-07-07 22:15:00] [INFO] Downloading: https://raw.githubusercontent.com/ACL4SSR/ACL4SSR/refs/heads/master/Clash/ChinaDomain.list
[2026-07-07 22:15:00] [INFO] Downloaded rule-provider ChinaDomain -> ./public/rules/ChinaDomain.yaml
[2026-07-07 22:15:00] [INFO] Updated rule-provider ChinaDomain URL to https://cdn.honglin.ac.cn/statically/gh/flinhong/configs/public/rules/ChinaDomain.yaml
[2026-07-07 22:15:00] [INFO] Downloading: https://raw.githubusercontent.com/ACL4SSR/ACL4SSR/refs/heads/master/Clash/ChinaCompanyIp.list
[2026-07-07 22:15:00] [INFO] Downloaded rule-provider ChinaCompanyIp -> ./public/rules/ChinaCompanyIp.yaml
[2026-07-07 22:15:00] [INFO] Updated rule-provider ChinaCompanyIp URL to https://cdn.honglin.ac.cn/statically/gh/flinhong/configs/public/rules/ChinaCompanyIp.yaml
[2026-07-07 22:15:00] [INFO] Fetching extra proxies...
[2026-07-07 22:15:01] [INFO] All date-based sources have today's file available, using today
[2026-07-07 22:15:01] [INFO] Downloading: https://raw.githubusercontent.com/zhangkaiitugithub/passcro/main/speednodes.yaml
[2026-07-07 22:15:01] [INFO] Downloading: https://raw.githubusercontent.com/peasoft/NoMoreWalls/master/list.yml
[2026-07-07 22:15:01] [INFO] Downloading: https://raw.githubusercontent.com/ts-sf/fly/main/clash
[2026-07-07 22:15:01] [INFO] Downloading: https://raw.githubusercontent.com/mahdibland/SSAggregator/master/sub/sub_merge_yaml.yml
[2026-07-07 22:15:05] [INFO] Fetched 3347 unique proxies for Load Balancer.
[2026-07-07 22:15:05] [INFO] Downloading: https://node.nodefree.me/2026/07/20260707.yaml
[2026-07-07 22:15:05] [INFO] Downloading: https://static.v2rayshare.net/2026/07/20260707.yaml
[2026-07-07 22:15:05] [INFO] Downloading: https://tt.vg/freeclash
[2026-07-07 22:15:05] [INFO] Downloading: https://raw.githubusercontent.com/Ruk1ng001/freeSub/main/clash.yaml
[2026-07-07 22:15:05] [INFO] Downloading: https://raw.githubusercontent.com/free18/v2ray/main/c.yaml
[2026-07-07 22:15:06] [WARNING] Filtered proxy 🇭🇺_匈牙利_6: reality-opts short-id '' missing or invalid
[2026-07-07 22:15:06] [WARNING] Filtered proxy 🇺🇸_美国_117: reality-opts short-id '' missing or invalid
[2026-07-07 22:15:06] [WARNING] Filtered proxy 🏳️_未知_121: reality-opts short-id '' missing or invalid
[2026-07-07 22:15:06] [WARNING] Filtered proxy 🇮🇹_意大利_123: reality-opts short-id '' missing or invalid
[2026-07-07 22:15:06] [WARNING] Filtered proxy 🇩🇪_德国_124: reality-opts short-id '' missing or invalid
[2026-07-07 22:15:06] [WARNING] Filtered proxy 🇮🇹_意大利_128: reality-opts short-id '' missing or invalid
[2026-07-07 22:15:06] [WARNING] Filtered proxy 🇭🇰_HK_中国香港: reality-opts short-id '' missing or invalid
[2026-07-07 22:15:06] [WARNING] Filtered proxy 🇭🇰_HK_中国香港: reality-opts short-id '' missing or invalid
[2026-07-07 22:15:06] [INFO] Fetched 216 unique proxies for Auto Select.
[2026-07-07 22:15:06] [INFO] Filtered original proxies: 27 remaining
[2026-07-07 22:15:07] [INFO] Successfully wrote config to ./public/subscribe/clash.yml
[2026-07-08 10:04:08] [INFO] Downloading: https://www.ermao.net/sub/clash/ermao.net
[2026-07-08 10:04:08] [INFO] Main subscription fetched and parsed.
[2026-07-08 10:04:08] [INFO] Downloading rule-providers...
[2026-07-08 10:04:08] [INFO] Downloading: https://raw.githubusercontent.com/ACL4SSR/ACL4SSR/refs/heads/master/Clash/LocalAreaNetwork.list
[2026-07-08 10:04:08] [INFO] Downloaded rule-provider LocalAreaNetwork -> ./public/rules/LocalAreaNetwork.yaml
[2026-07-08 10:04:08] [INFO] Updated rule-provider LocalAreaNetwork URL to https://cdn.honglin.ac.cn/statically/gh/flinhong/configs/public/rules/LocalAreaNetwork.yaml
[2026-07-08 10:04:08] [INFO] Downloading: https://raw.githubusercontent.com/ACL4SSR/ACL4SSR/refs/heads/master/Clash/BanAD.list
[2026-07-08 10:04:09] [INFO] Downloaded rule-provider BanAD -> ./public/rules/BanAD.yaml
[2026-07-08 10:04:09] [INFO] Updated rule-provider BanAD URL to https://cdn.honglin.ac.cn/statically/gh/flinhong/configs/public/rules/BanAD.yaml
[2026-07-08 10:04:09] [INFO] Downloading: https://raw.githubusercontent.com/ACL4SSR/ACL4SSR/refs/heads/master/Clash/BanProgramAD.list
[2026-07-08 10:04:09] [INFO] Downloaded rule-provider BanProgramAD -> ./public/rules/BanProgramAD.yaml
[2026-07-08 10:04:09] [INFO] Updated rule-provider BanProgramAD URL to https://cdn.honglin.ac.cn/statically/gh/flinhong/configs/public/rules/BanProgramAD.yaml
[2026-07-08 10:04:09] [INFO] Downloading: https://raw.githubusercontent.com/ACL4SSR/ACL4SSR/refs/heads/master/Clash/BanEasyList.list
[2026-07-08 10:04:09] [INFO] Downloaded rule-provider BanEasyList -> ./public/rules/BanEasyList.yaml
[2026-07-08 10:04:09] [INFO] Updated rule-provider BanEasyList URL to https://cdn.honglin.ac.cn/statically/gh/flinhong/configs/public/rules/BanEasyList.yaml
[2026-07-08 10:04:09] [INFO] Downloading: https://raw.githubusercontent.com/ACL4SSR/ACL4SSR/refs/heads/master/Clash/BanEasyListChina.list
[2026-07-08 10:04:12] [INFO] Downloaded rule-provider BanEasyListChina -> ./public/rules/BanEasyListChina.yaml
[2026-07-08 10:04:12] [INFO] Updated rule-provider BanEasyListChina URL to https://cdn.honglin.ac.cn/statically/gh/flinhong/configs/public/rules/BanEasyListChina.yaml
[2026-07-08 10:04:12] [INFO] Downloading: https://raw.githubusercontent.com/ACL4SSR/ACL4SSR/refs/heads/master/Clash/BanEasyPrivacy.list
[2026-07-08 10:04:15] [INFO] Downloaded rule-provider BanEasyPrivacy -> ./public/rules/BanEasyPrivacy.yaml
[2026-07-08 10:04:15] [INFO] Updated rule-provider BanEasyPrivacy URL to https://cdn.honglin.ac.cn/statically/gh/flinhong/configs/public/rules/BanEasyPrivacy.yaml
[2026-07-08 10:04:15] [INFO] Downloading: https://raw.githubusercontent.com/ACL4SSR/ACL4SSR/refs/heads/master/Clash/GoogleCN.list
[2026-07-08 10:04:15] [INFO] Downloaded rule-provider GoogleCN -> ./public/rules/GoogleCN.yaml
[2026-07-08 10:04:15] [INFO] Updated rule-provider GoogleCN URL to https://cdn.honglin.ac.cn/statically/gh/flinhong/configs/public/rules/GoogleCN.yaml
[2026-07-08 10:04:15] [INFO] Downloading: https://raw.githubusercontent.com/ACL4SSR/ACL4SSR/refs/heads/master/Clash/Ruleset/SteamCN.list
[2026-07-08 10:04:17] [INFO] Downloaded rule-provider SteamCN -> ./public/rules/SteamCN.yaml
[2026-07-08 10:04:17] [INFO] Updated rule-provider SteamCN URL to https://cdn.honglin.ac.cn/statically/gh/flinhong/configs/public/rules/SteamCN.yaml
[2026-07-08 10:04:17] [INFO] Downloading: https://raw.githubusercontent.com/ACL4SSR/ACL4SSR/refs/heads/master/Clash/Microsoft.list
[2026-07-08 10:04:17] [INFO] Downloaded rule-provider Microsoft -> ./public/rules/Microsoft.yaml
[2026-07-08 10:04:17] [INFO] Updated rule-provider Microsoft URL to https://cdn.honglin.ac.cn/statically/gh/flinhong/configs/public/rules/Microsoft.yaml
[2026-07-08 10:04:17] [INFO] Downloading: https://raw.githubusercontent.com/ACL4SSR/ACL4SSR/refs/heads/master/Clash/Apple.list
[2026-07-08 10:04:17] [INFO] Downloaded rule-provider Apple -> ./public/rules/Apple.yaml
[2026-07-08 10:04:17] [INFO] Updated rule-provider Apple URL to https://cdn.honglin.ac.cn/statically/gh/flinhong/configs/public/rules/Apple.yaml
[2026-07-08 10:04:17] [INFO] Downloading: https://raw.githubusercontent.com/ACL4SSR/ACL4SSR/refs/heads/master/Clash/ProxyMedia.list
[2026-07-08 10:04:17] [INFO] Downloaded rule-provider ProxyMedia -> ./public/rules/ProxyMedia.yaml
[2026-07-08 10:04:17] [INFO] Updated rule-provider ProxyMedia URL to https://cdn.honglin.ac.cn/statically/gh/flinhong/configs/public/rules/ProxyMedia.yaml
[2026-07-08 10:04:17] [INFO] Downloading: https://raw.githubusercontent.com/ACL4SSR/ACL4SSR/refs/heads/master/Clash/Telegram.list
[2026-07-08 10:04:18] [INFO] Downloaded rule-provider Telegram -> ./public/rules/Telegram.yaml
[2026-07-08 10:04:18] [INFO] Updated rule-provider Telegram URL to https://cdn.honglin.ac.cn/statically/gh/flinhong/configs/public/rules/Telegram.yaml
[2026-07-08 10:04:18] [INFO] Downloading: https://raw.githubusercontent.com/ACL4SSR/ACL4SSR/refs/heads/master/Clash/ProxyLite.list
[2026-07-08 10:04:18] [INFO] Downloaded rule-provider ProxyLite -> ./public/rules/ProxyLite.yaml
[2026-07-08 10:04:18] [INFO] Updated rule-provider ProxyLite URL to https://cdn.honglin.ac.cn/statically/gh/flinhong/configs/public/rules/ProxyLite.yaml
[2026-07-08 10:04:18] [INFO] Downloading: https://raw.githubusercontent.com/ACL4SSR/ACL4SSR/refs/heads/master/Clash/ChinaDomain.list
[2026-07-08 10:04:18] [INFO] Downloaded rule-provider ChinaDomain -> ./public/rules/ChinaDomain.yaml
[2026-07-08 10:04:18] [INFO] Updated rule-provider ChinaDomain URL to https://cdn.honglin.ac.cn/statically/gh/flinhong/configs/public/rules/ChinaDomain.yaml
[2026-07-08 10:04:18] [INFO] Downloading: https://raw.githubusercontent.com/ACL4SSR/ACL4SSR/refs/heads/master/Clash/ChinaCompanyIp.list
[2026-07-08 10:04:18] [INFO] Downloaded rule-provider ChinaCompanyIp -> ./public/rules/ChinaCompanyIp.yaml
[2026-07-08 10:04:18] [INFO] Updated rule-provider ChinaCompanyIp URL to https://cdn.honglin.ac.cn/statically/gh/flinhong/configs/public/rules/ChinaCompanyIp.yaml
[2026-07-08 10:04:18] [INFO] Fetching extra proxies...
[2026-07-08 10:04:19] [INFO] All date-based sources have today's file available, using today
[2026-07-08 10:04:19] [INFO] Downloading: https://raw.githubusercontent.com/zhangkaiitugithub/passcro/main/speednodes.yaml
[2026-07-08 10:04:19] [INFO] Downloading: https://raw.githubusercontent.com/peasoft/NoMoreWalls/master/list.yml
[2026-07-08 10:04:19] [INFO] Downloading: https://raw.githubusercontent.com/ts-sf/fly/main/clash
[2026-07-08 10:04:19] [INFO] Downloading: https://raw.githubusercontent.com/mahdibland/SSAggregator/master/sub/sub_merge_yaml.yml
[2026-07-08 10:04:22] [INFO] Fetched 3360 unique proxies for Load Balancer.
[2026-07-08 10:04:22] [INFO] Downloading: https://node.nodefree.me/2026/07/20260708.yaml
[2026-07-08 10:04:22] [INFO] Downloading: https://static.v2rayshare.net/2026/07/20260708.yaml
[2026-07-08 10:04:22] [INFO] Downloading: https://tt.vg/freeclash
[2026-07-08 10:04:22] [INFO] Downloading: https://raw.githubusercontent.com/free18/v2ray/main/c.yaml
[2026-07-08 10:04:22] [INFO] Downloading: https://raw.githubusercontent.com/Ruk1ng001/freeSub/main/clash.yaml
[2026-07-08 10:04:23] [WARNING] Filtered proxy 🇭🇺_匈牙利_6: reality-opts short-id '' missing or invalid
[2026-07-08 10:04:23] [WARNING] Filtered proxy 🇺🇸_美国_117: reality-opts short-id '' missing or invalid
[2026-07-08 10:04:23] [WARNING] Filtered proxy 🏳️_未知_121: reality-opts short-id '' missing or invalid
[2026-07-08 10:04:23] [WARNING] Filtered proxy 🇮🇹_意大利_123: reality-opts short-id '' missing or invalid
[2026-07-08 10:04:23] [WARNING] Filtered proxy 🇩🇪_德国_124: reality-opts short-id '' missing or invalid
[2026-07-08 10:04:23] [WARNING] Filtered proxy 🇮🇹_意大利_128: reality-opts short-id '' missing or invalid
[2026-07-08 10:04:23] [WARNING] Filtered proxy 🇭🇰_HK_中国香港: reality-opts short-id '' missing or invalid
[2026-07-08 10:04:23] [WARNING] Filtered proxy 🇭🇰_HK_中国香港: reality-opts short-id '' missing or invalid
[2026-07-08 10:04:23] [INFO] Fetched 223 unique proxies for Auto Select.
[2026-07-08 10:04:23] [WARNING] Filtered proxy 🇩🇪_DE_德国_1: reality-opts short-id '' missing or invalid
[2026-07-08 10:04:23] [INFO] Filtered original proxies: 10 remaining
[2026-07-08 10:04:24] [INFO] Successfully wrote config to ./public/subscribe/clash.yml
[2026-07-08 21:48:13] [INFO] Downloading: https://www.ermao.net/sub/clash/ermao.net
[2026-07-08 21:48:13] [INFO] Main subscription fetched and parsed.
[2026-07-08 21:48:13] [INFO] Downloading rule-providers...
[2026-07-08 21:48:13] [INFO] Downloading: https://raw.githubusercontent.com/ACL4SSR/ACL4SSR/refs/heads/master/Clash/LocalAreaNetwork.list
[2026-07-08 21:48:13] [INFO] Downloaded rule-provider LocalAreaNetwork -> ./public/rules/LocalAreaNetwork.yaml
[2026-07-08 21:48:13] [INFO] Updated rule-provider LocalAreaNetwork URL to https://cdn.honglin.ac.cn/statically/gh/flinhong/configs/public/rules/LocalAreaNetwork.yaml
[2026-07-08 21:48:13] [INFO] Downloading: https://raw.githubusercontent.com/ACL4SSR/ACL4SSR/refs/heads/master/Clash/BanAD.list
[2026-07-08 21:48:13] [INFO] Downloaded rule-provider BanAD -> ./public/rules/BanAD.yaml
[2026-07-08 21:48:13] [INFO] Updated rule-provider BanAD URL to https://cdn.honglin.ac.cn/statically/gh/flinhong/configs/public/rules/BanAD.yaml
[2026-07-08 21:48:13] [INFO] Downloading: https://raw.githubusercontent.com/ACL4SSR/ACL4SSR/refs/heads/master/Clash/BanProgramAD.list
[2026-07-08 21:48:14] [INFO] Downloaded rule-provider BanProgramAD -> ./public/rules/BanProgramAD.yaml
[2026-07-08 21:48:14] [INFO] Updated rule-provider BanProgramAD URL to https://cdn.honglin.ac.cn/statically/gh/flinhong/configs/public/rules/BanProgramAD.yaml
[2026-07-08 21:48:14] [INFO] Downloading: https://raw.githubusercontent.com/ACL4SSR/ACL4SSR/refs/heads/master/Clash/BanEasyList.list
[2026-07-08 21:48:14] [INFO] Downloaded rule-provider BanEasyList -> ./public/rules/BanEasyList.yaml
[2026-07-08 21:48:14] [INFO] Updated rule-provider BanEasyList URL to https://cdn.honglin.ac.cn/statically/gh/flinhong/configs/public/rules/BanEasyList.yaml
[2026-07-08 21:48:14] [INFO] Downloading: https://raw.githubusercontent.com/ACL4SSR/ACL4SSR/refs/heads/master/Clash/BanEasyListChina.list
[2026-07-08 21:48:14] [INFO] Downloaded rule-provider BanEasyListChina -> ./public/rules/BanEasyListChina.yaml
[2026-07-08 21:48:14] [INFO] Updated rule-provider BanEasyListChina URL to https://cdn.honglin.ac.cn/statically/gh/flinhong/configs/public/rules/BanEasyListChina.yaml
[2026-07-08 21:48:14] [INFO] Downloading: https://raw.githubusercontent.com/ACL4SSR/ACL4SSR/refs/heads/master/Clash/BanEasyPrivacy.list
[2026-07-08 21:48:14] [INFO] Downloaded rule-provider BanEasyPrivacy -> ./public/rules/BanEasyPrivacy.yaml
[2026-07-08 21:48:14] [INFO] Updated rule-provider BanEasyPrivacy URL to https://cdn.honglin.ac.cn/statically/gh/flinhong/configs/public/rules/BanEasyPrivacy.yaml
[2026-07-08 21:48:14] [INFO] Downloading: https://raw.githubusercontent.com/ACL4SSR/ACL4SSR/refs/heads/master/Clash/GoogleCN.list
[2026-07-08 21:48:15] [INFO] Downloaded rule-provider GoogleCN -> ./public/rules/GoogleCN.yaml
[2026-07-08 21:48:15] [INFO] Updated rule-provider GoogleCN URL to https://cdn.honglin.ac.cn/statically/gh/flinhong/configs/public/rules/GoogleCN.yaml
[2026-07-08 21:48:15] [INFO] Downloading: https://raw.githubusercontent.com/ACL4SSR/ACL4SSR/refs/heads/master/Clash/Ruleset/SteamCN.list
[2026-07-08 21:48:15] [INFO] Downloaded rule-provider SteamCN -> ./public/rules/SteamCN.yaml
[2026-07-08 21:48:15] [INFO] Updated rule-provider SteamCN URL to https://cdn.honglin.ac.cn/statically/gh/flinhong/configs/public/rules/SteamCN.yaml
[2026-07-08 21:48:15] [INFO] Downloading: https://raw.githubusercontent.com/ACL4SSR/ACL4SSR/refs/heads/master/Clash/Microsoft.list
[2026-07-08 21:48:15] [INFO] Downloaded rule-provider Microsoft -> ./public/rules/Microsoft.yaml
[2026-07-08 21:48:15] [INFO] Updated rule-provider Microsoft URL to https://cdn.honglin.ac.cn/statically/gh/flinhong/configs/public/rules/Microsoft.yaml
[2026-07-08 21:48:15] [INFO] Downloading: https://raw.githubusercontent.com/ACL4SSR/ACL4SSR/refs/heads/master/Clash/Apple.list
[2026-07-08 21:48:15] [INFO] Downloaded rule-provider Apple -> ./public/rules/Apple.yaml
[2026-07-08 21:48:15] [INFO] Updated rule-provider Apple URL to https://cdn.honglin.ac.cn/statically/gh/flinhong/configs/public/rules/Apple.yaml
[2026-07-08 21:48:15] [INFO] Downloading: https://raw.githubusercontent.com/ACL4SSR/ACL4SSR/refs/heads/master/Clash/ProxyMedia.list
[2026-07-08 21:48:15] [INFO] Downloaded rule-provider ProxyMedia -> ./public/rules/ProxyMedia.yaml
[2026-07-08 21:48:15] [INFO] Updated rule-provider ProxyMedia URL to https://cdn.honglin.ac.cn/statically/gh/flinhong/configs/public/rules/ProxyMedia.yaml
[2026-07-08 21:48:15] [INFO] Downloading: https://raw.githubusercontent.com/ACL4SSR/ACL4SSR/refs/heads/master/Clash/Telegram.list
[2026-07-08 21:48:15] [INFO] Downloaded rule-provider Telegram -> ./public/rules/Telegram.yaml
[2026-07-08 21:48:15] [INFO] Updated rule-provider Telegram URL to https://cdn.honglin.ac.cn/statically/gh/flinhong/configs/public/rules/Telegram.yaml
[2026-07-08 21:48:15] [INFO] Downloading: https://raw.githubusercontent.com/ACL4SSR/ACL4SSR/refs/heads/master/Clash/ProxyLite.list
[2026-07-08 21:48:16] [INFO] Downloaded rule-provider ProxyLite -> ./public/rules/ProxyLite.yaml
[2026-07-08 21:48:16] [INFO] Updated rule-provider ProxyLite URL to https://cdn.honglin.ac.cn/statically/gh/flinhong/configs/public/rules/ProxyLite.yaml
[2026-07-08 21:48:16] [INFO] Downloading: https://raw.githubusercontent.com/ACL4SSR/ACL4SSR/refs/heads/master/Clash/ChinaDomain.list
[2026-07-08 21:48:16] [INFO] Downloaded rule-provider ChinaDomain -> ./public/rules/ChinaDomain.yaml
[2026-07-08 21:48:16] [INFO] Updated rule-provider ChinaDomain URL to https://cdn.honglin.ac.cn/statically/gh/flinhong/configs/public/rules/ChinaDomain.yaml
[2026-07-08 21:48:16] [INFO] Downloading: https://raw.githubusercontent.com/ACL4SSR/ACL4SSR/refs/heads/master/Clash/ChinaCompanyIp.list
[2026-07-08 21:48:16] [INFO] Downloaded rule-provider ChinaCompanyIp -> ./public/rules/ChinaCompanyIp.yaml
[2026-07-08 21:48:16] [INFO] Updated rule-provider ChinaCompanyIp URL to https://cdn.honglin.ac.cn/statically/gh/flinhong/configs/public/rules/ChinaCompanyIp.yaml
[2026-07-08 21:48:16] [INFO] Fetching extra proxies...
[2026-07-08 21:48:17] [INFO] All date-based sources have today's file available, using today
[2026-07-08 21:48:17] [INFO] Downloading: https://raw.githubusercontent.com/zhangkaiitugithub/passcro/main/speednodes.yaml
[2026-07-08 21:48:17] [INFO] Downloading: https://raw.githubusercontent.com/peasoft/NoMoreWalls/master/list.yml
[2026-07-08 21:48:17] [INFO] Downloading: https://raw.githubusercontent.com/mahdibland/SSAggregator/master/sub/sub_merge_yaml.yml
[2026-07-08 21:48:17] [INFO] Downloading: https://raw.githubusercontent.com/ts-sf/fly/main/clash
[2026-07-08 21:48:20] [INFO] Fetched 3441 unique proxies for Load Balancer.
[2026-07-08 21:48:20] [INFO] Downloading: https://node.nodefree.me/2026/07/20260708.yaml
[2026-07-08 21:48:20] [INFO] Downloading: https://static.v2rayshare.net/2026/07/20260708.yaml
[2026-07-08 21:48:20] [INFO] Downloading: https://tt.vg/freeclash
[2026-07-08 21:48:20] [INFO] Downloading: https://raw.githubusercontent.com/Ruk1ng001/freeSub/main/clash.yaml
[2026-07-08 21:48:20] [INFO] Downloading: https://raw.githubusercontent.com/free18/v2ray/main/c.yaml
[2026-07-08 21:48:21] [WARNING] Filtered proxy 🇷🇺_俄罗斯_16: reality-opts short-id '' missing or invalid
[2026-07-08 21:48:21] [WARNING] Filtered proxy 🇺🇸_美国_17: reality-opts short-id '' missing or invalid
[2026-07-08 21:48:21] [WARNING] Filtered proxy 🇩🇪_德国_24: reality-opts short-id '' missing or invalid
[2026-07-08 21:48:21] [WARNING] Filtered proxy 🇺🇸_美国_35: reality-opts short-id '' missing or invalid
[2026-07-08 21:48:21] [WARNING] Filtered proxy 🇺🇸_美国_44: reality-opts short-id '' missing or invalid
[2026-07-08 21:48:21] [WARNING] Filtered proxy 🇵🇱_波兰_135: reality-opts short-id '' missing or invalid
[2026-07-08 21:48:21] [WARNING] Filtered proxy 🇷🇺_俄罗斯_137: reality-opts short-id '' missing or invalid
[2026-07-08 21:48:21] [WARNING] Filtered proxy 🇪🇪_爱沙尼亚_152: reality-opts short-id '' missing or invalid
[2026-07-08 21:48:21] [WARNING] Filtered proxy 🇫🇮_芬兰_156: reality-opts short-id '' missing or invalid
[2026-07-08 21:48:21] [WARNING] Filtered proxy 🇩🇪_德国_311: reality-opts short-id '' missing or invalid
[2026-07-08 21:48:21] [WARNING] Filtered proxy 🇭🇰_HK_中国香港: reality-opts short-id '' missing or invalid
[2026-07-08 21:48:21] [WARNING] Filtered proxy 🇭🇰_HK_中国香港: reality-opts short-id '' missing or invalid
[2026-07-08 21:48:21] [INFO] Fetched 302 unique proxies for Auto Select.
[2026-07-08 21:48:21] [INFO] Filtered original proxies: 3 remaining
[2026-07-08 21:48:23] [INFO] Successfully wrote config to ./public/subscribe/clash.yml
[2026-07-09 10:22:55] [INFO] Downloading: https://www.ermao.net/sub/clash/ermao.net
[2026-07-09 10:22:55] [INFO] Main subscription fetched and parsed.
[2026-07-09 10:22:55] [INFO] Downloading rule-providers...
[2026-07-09 10:22:55] [INFO] Downloading: https://raw.githubusercontent.com/ACL4SSR/ACL4SSR/refs/heads/master/Clash/LocalAreaNetwork.list
[2026-07-09 10:22:59] [WARNING] Failed to fetch https://raw.githubusercontent.com/ACL4SSR/ACL4SSR/refs/heads/master/Clash/LocalAreaNetwork.list, status code: 429
[2026-07-09 10:22:59] [WARNING] Failed to download rule-provider LocalAreaNetwork from https://raw.githubusercontent.com/ACL4SSR/ACL4SSR/refs/heads/master/Clash/LocalAreaNetwork.list, keeping original URL
[2026-07-09 10:22:59] [INFO] Downloading: https://raw.githubusercontent.com/ACL4SSR/ACL4SSR/refs/heads/master/Clash/BanAD.list
[2026-07-09 10:22:59] [INFO] Downloaded rule-provider BanAD -> ./public/rules/BanAD.yaml
[2026-07-09 10:22:59] [INFO] Updated rule-provider BanAD URL to https://cdn.honglin.ac.cn/statically/gh/flinhong/configs/public/rules/BanAD.yaml
[2026-07-09 10:22:59] [INFO] Downloading: https://raw.githubusercontent.com/ACL4SSR/ACL4SSR/refs/heads/master/Clash/BanProgramAD.list
[2026-07-09 10:22:59] [INFO] Downloaded rule-provider BanProgramAD -> ./public/rules/BanProgramAD.yaml
[2026-07-09 10:22:59] [INFO] Updated rule-provider BanProgramAD URL to https://cdn.honglin.ac.cn/statically/gh/flinhong/configs/public/rules/BanProgramAD.yaml
[2026-07-09 10:22:59] [INFO] Downloading: https://raw.githubusercontent.com/ACL4SSR/ACL4SSR/refs/heads/master/Clash/BanEasyList.list
[2026-07-09 10:22:59] [INFO] Downloaded rule-provider BanEasyList -> ./public/rules/BanEasyList.yaml
[2026-07-09 10:22:59] [INFO] Updated rule-provider BanEasyList URL to https://cdn.honglin.ac.cn/statically/gh/flinhong/configs/public/rules/BanEasyList.yaml
[2026-07-09 10:22:59] [INFO] Downloading: https://raw.githubusercontent.com/ACL4SSR/ACL4SSR/refs/heads/master/Clash/BanEasyListChina.list
[2026-07-09 10:23:02] [INFO] Downloaded rule-provider BanEasyListChina -> ./public/rules/BanEasyListChina.yaml
[2026-07-09 10:23:02] [INFO] Updated rule-provider BanEasyListChina URL to https://cdn.honglin.ac.cn/statically/gh/flinhong/configs/public/rules/BanEasyListChina.yaml
[2026-07-09 10:23:02] [INFO] Downloading: https://raw.githubusercontent.com/ACL4SSR/ACL4SSR/refs/heads/master/Clash/BanEasyPrivacy.list
[2026-07-09 10:23:05] [WARNING] Failed to fetch https://raw.githubusercontent.com/ACL4SSR/ACL4SSR/refs/heads/master/Clash/BanEasyPrivacy.list, status code: 429
[2026-07-09 10:23:05] [WARNING] Failed to download rule-provider BanEasyPrivacy from https://raw.githubusercontent.com/ACL4SSR/ACL4SSR/refs/heads/master/Clash/BanEasyPrivacy.list, keeping original URL
[2026-07-09 10:23:05] [INFO] Downloading: https://raw.githubusercontent.com/ACL4SSR/ACL4SSR/refs/heads/master/Clash/GoogleCN.list
[2026-07-09 10:23:06] [INFO] Downloaded rule-provider GoogleCN -> ./public/rules/GoogleCN.yaml
[2026-07-09 10:23:06] [INFO] Updated rule-provider GoogleCN URL to https://cdn.honglin.ac.cn/statically/gh/flinhong/configs/public/rules/GoogleCN.yaml
[2026-07-09 10:23:06] [INFO] Downloading: https://raw.githubusercontent.com/ACL4SSR/ACL4SSR/refs/heads/master/Clash/Ruleset/SteamCN.list
[2026-07-09 10:23:06] [INFO] Downloaded rule-provider SteamCN -> ./public/rules/SteamCN.yaml
[2026-07-09 10:23:06] [INFO] Updated rule-provider SteamCN URL to https://cdn.honglin.ac.cn/statically/gh/flinhong/configs/public/rules/SteamCN.yaml
[2026-07-09 10:23:06] [INFO] Downloading: https://raw.githubusercontent.com/ACL4SSR/ACL4SSR/refs/heads/master/Clash/Microsoft.list
[2026-07-09 10:23:06] [INFO] Downloaded rule-provider Microsoft -> ./public/rules/Microsoft.yaml
[2026-07-09 10:23:06] [INFO] Updated rule-provider Microsoft URL to https://cdn.honglin.ac.cn/statically/gh/flinhong/configs/public/rules/Microsoft.yaml
[2026-07-09 10:23:06] [INFO] Downloading: https://raw.githubusercontent.com/ACL4SSR/ACL4SSR/refs/heads/master/Clash/Apple.list
[2026-07-09 10:23:09] [INFO] Downloaded rule-provider Apple -> ./public/rules/Apple.yaml
[2026-07-09 10:23:09] [INFO] Updated rule-provider Apple URL to https://cdn.honglin.ac.cn/statically/gh/flinhong/configs/public/rules/Apple.yaml
[2026-07-09 10:23:09] [INFO] Downloading: https://raw.githubusercontent.com/ACL4SSR/ACL4SSR/refs/heads/master/Clash/ProxyMedia.list
[2026-07-09 10:23:12] [INFO] Downloaded rule-provider ProxyMedia -> ./public/rules/ProxyMedia.yaml
[2026-07-09 10:23:12] [INFO] Updated rule-provider ProxyMedia URL to https://cdn.honglin.ac.cn/statically/gh/flinhong/configs/public/rules/ProxyMedia.yaml
[2026-07-09 10:23:12] [INFO] Downloading: https://raw.githubusercontent.com/ACL4SSR/ACL4SSR/refs/heads/master/Clash/Telegram.list
[2026-07-09 10:23:15] [INFO] Downloaded rule-provider Telegram -> ./public/rules/Telegram.yaml
[2026-07-09 10:23:15] [INFO] Updated rule-provider Telegram URL to https://cdn.honglin.ac.cn/statically/gh/flinhong/configs/public/rules/Telegram.yaml
[2026-07-09 10:23:15] [INFO] Downloading: https://raw.githubusercontent.com/ACL4SSR/ACL4SSR/refs/heads/master/Clash/ProxyLite.list
[2026-07-09 10:23:20] [INFO] Downloaded rule-provider ProxyLite -> ./public/rules/ProxyLite.yaml
[2026-07-09 10:23:20] [INFO] Updated rule-provider ProxyLite URL to https://cdn.honglin.ac.cn/statically/gh/flinhong/configs/public/rules/ProxyLite.yaml
[2026-07-09 10:23:20] [INFO] Downloading: https://raw.githubusercontent.com/ACL4SSR/ACL4SSR/refs/heads/master/Clash/ChinaDomain.list
[2026-07-09 10:23:23] [WARNING] Failed to fetch https://raw.githubusercontent.com/ACL4SSR/ACL4SSR/refs/heads/master/Clash/ChinaDomain.list, status code: 429
[2026-07-09 10:23:23] [WARNING] Failed to download rule-provider ChinaDomain from https://raw.githubusercontent.com/ACL4SSR/ACL4SSR/refs/heads/master/Clash/ChinaDomain.list, keeping original URL
[2026-07-09 10:23:23] [INFO] Downloading: https://raw.githubusercontent.com/ACL4SSR/ACL4SSR/refs/heads/master/Clash/ChinaCompanyIp.list
[2026-07-09 10:23:23] [INFO] Downloaded rule-provider ChinaCompanyIp -> ./public/rules/ChinaCompanyIp.yaml
[2026-07-09 10:23:23] [INFO] Updated rule-provider ChinaCompanyIp URL to https://cdn.honglin.ac.cn/statically/gh/flinhong/configs/public/rules/ChinaCompanyIp.yaml
[2026-07-09 10:23:23] [INFO] Fetching extra proxies...
[2026-07-09 10:23:24] [INFO] All date-based sources have today's file available, using today
[2026-07-09 10:23:24] [INFO] Downloading: https://raw.githubusercontent.com/zhangkaiitugithub/passcro/main/speednodes.yaml
[2026-07-09 10:23:24] [INFO] Downloading: https://raw.githubusercontent.com/mahdibland/SSAggregator/master/sub/sub_merge_yaml.yml
[2026-07-09 10:23:24] [INFO] Downloading: https://raw.githubusercontent.com/ts-sf/fly/main/clash
[2026-07-09 10:23:24] [INFO] Downloading: https://raw.githubusercontent.com/peasoft/NoMoreWalls/master/list.yml
[2026-07-09 10:23:31] [INFO] Fetched 3462 unique proxies for Load Balancer.
[2026-07-09 10:23:31] [INFO] Downloading: https://node.nodefree.me/2026/07/20260709.yaml
[2026-07-09 10:23:31] [INFO] Downloading: https://static.v2rayshare.net/2026/07/20260709.yaml
[2026-07-09 10:23:31] [INFO] Downloading: https://tt.vg/freeclash
[2026-07-09 10:23:31] [INFO] Downloading: https://raw.githubusercontent.com/Ruk1ng001/freeSub/main/clash.yaml
[2026-07-09 10:23:31] [INFO] Downloading: https://raw.githubusercontent.com/free18/v2ray/main/c.yaml
[2026-07-09 10:23:31] [WARNING] Filtered proxy 🇭🇰_HK_中国香港: reality-opts short-id '' missing or invalid
[2026-07-09 10:23:31] [WARNING] Filtered proxy 🇭🇰_HK_中国香港: reality-opts short-id '' missing or invalid
[2026-07-09 10:23:32] [WARNING] Filtered proxy 🇷🇺_俄罗斯_16: reality-opts short-id '' missing or invalid
[2026-07-09 10:23:32] [WARNING] Filtered proxy 🇺🇸_美国_17: reality-opts short-id '' missing or invalid
[2026-07-09 10:23:32] [WARNING] Filtered proxy 🇩🇪_德国_24: reality-opts short-id '' missing or invalid
[2026-07-09 10:23:32] [WARNING] Filtered proxy 🇺🇸_美国_35: reality-opts short-id '' missing or invalid
[2026-07-09 10:23:32] [WARNING] Filtered proxy 🇺🇸_美国_44: reality-opts short-id '' missing or invalid
[2026-07-09 10:23:32] [WARNING] Filtered proxy 🇵🇱_波兰_135: reality-opts short-id '' missing or invalid
[2026-07-09 10:23:32] [WARNING] Filtered proxy 🇷🇺_俄罗斯_137: reality-opts short-id '' missing or invalid
[2026-07-09 10:23:32] [WARNING] Filtered proxy 🇪🇪_爱沙尼亚_152: reality-opts short-id '' missing or invalid
[2026-07-09 10:23:32] [WARNING] Filtered proxy 🇫🇮_芬兰_156: reality-opts short-id '' missing or invalid
[2026-07-09 10:23:32] [WARNING] Filtered proxy 🇩🇪_德国_311: reality-opts short-id '' missing or invalid
[2026-07-09 10:23:32] [INFO] Fetched 302 unique proxies for Auto Select.
[2026-07-09 10:23:32] [INFO] Filtered original proxies: 2 remaining
[2026-07-09 10:23:34] [INFO] Successfully wrote config to ./public/subscribe/clash.yml
[2026-07-09 22:42:08] [INFO] Downloading: https://www.ermao.net/sub/clash/ermao.net
[2026-07-09 22:42:09] [INFO] Main subscription fetched and parsed.
[2026-07-09 22:42:09] [INFO] Downloading rule-providers...
[2026-07-09 22:42:09] [INFO] Downloading: https://raw.githubusercontent.com/ACL4SSR/ACL4SSR/refs/heads/master/Clash/LocalAreaNetwork.list
[2026-07-09 22:42:09] [INFO] Downloaded rule-provider LocalAreaNetwork -> ./public/rules/LocalAreaNetwork.yaml
[2026-07-09 22:42:09] [INFO] Updated rule-provider LocalAreaNetwork URL to https://cdn.honglin.ac.cn/statically/gh/flinhong/configs/public/rules/LocalAreaNetwork.yaml
[2026-07-09 22:42:09] [INFO] Downloading: https://raw.githubusercontent.com/ACL4SSR/ACL4SSR/refs/heads/master/Clash/BanAD.list
[2026-07-09 22:42:09] [INFO] Downloaded rule-provider BanAD -> ./public/rules/BanAD.yaml
[2026-07-09 22:42:09] [INFO] Updated rule-provider BanAD URL to https://cdn.honglin.ac.cn/statically/gh/flinhong/configs/public/rules/BanAD.yaml
[2026-07-09 22:42:09] [INFO] Downloading: https://raw.githubusercontent.com/ACL4SSR/ACL4SSR/refs/heads/master/Clash/BanProgramAD.list
[2026-07-09 22:42:09] [INFO] Downloaded rule-provider BanProgramAD -> ./public/rules/BanProgramAD.yaml
[2026-07-09 22:42:09] [INFO] Updated rule-provider BanProgramAD URL to https://cdn.honglin.ac.cn/statically/gh/flinhong/configs/public/rules/BanProgramAD.yaml
[2026-07-09 22:42:09] [INFO] Downloading: https://raw.githubusercontent.com/ACL4SSR/ACL4SSR/refs/heads/master/Clash/BanEasyList.list
[2026-07-09 22:42:09] [INFO] Downloaded rule-provider BanEasyList -> ./public/rules/BanEasyList.yaml
[2026-07-09 22:42:09] [INFO] Updated rule-provider BanEasyList URL to https://cdn.honglin.ac.cn/statically/gh/flinhong/configs/public/rules/BanEasyList.yaml
[2026-07-09 22:42:09] [INFO] Downloading: https://raw.githubusercontent.com/ACL4SSR/ACL4SSR/refs/heads/master/Clash/BanEasyListChina.list
[2026-07-09 22:42:09] [INFO] Downloaded rule-provider BanEasyListChina -> ./public/rules/BanEasyListChina.yaml
[2026-07-09 22:42:09] [INFO] Updated rule-provider BanEasyListChina URL to https://cdn.honglin.ac.cn/statically/gh/flinhong/configs/public/rules/BanEasyListChina.yaml
[2026-07-09 22:42:09] [INFO] Downloading: https://raw.githubusercontent.com/ACL4SSR/ACL4SSR/refs/heads/master/Clash/BanEasyPrivacy.list
[2026-07-09 22:42:09] [INFO] Downloaded rule-provider BanEasyPrivacy -> ./public/rules/BanEasyPrivacy.yaml
[2026-07-09 22:42:09] [INFO] Updated rule-provider BanEasyPrivacy URL to https://cdn.honglin.ac.cn/statically/gh/flinhong/configs/public/rules/BanEasyPrivacy.yaml
[2026-07-09 22:42:09] [INFO] Downloading: https://raw.githubusercontent.com/ACL4SSR/ACL4SSR/refs/heads/master/Clash/GoogleCN.list
[2026-07-09 22:42:10] [INFO] Downloaded rule-provider GoogleCN -> ./public/rules/GoogleCN.yaml
[2026-07-09 22:42:10] [INFO] Updated rule-provider GoogleCN URL to https://cdn.honglin.ac.cn/statically/gh/flinhong/configs/public/rules/GoogleCN.yaml
[2026-07-09 22:42:10] [INFO] Downloading: https://raw.githubusercontent.com/ACL4SSR/ACL4SSR/refs/heads/master/Clash/Ruleset/SteamCN.list
[2026-07-09 22:42:10] [INFO] Downloaded rule-provider SteamCN -> ./public/rules/SteamCN.yaml
[2026-07-09 22:42:10] [INFO] Updated rule-provider SteamCN URL to https://cdn.honglin.ac.cn/statically/gh/flinhong/configs/public/rules/SteamCN.yaml
[2026-07-09 22:42:10] [INFO] Downloading: https://raw.githubusercontent.com/ACL4SSR/ACL4SSR/refs/heads/master/Clash/Microsoft.list
[2026-07-09 22:42:10] [INFO] Downloaded rule-provider Microsoft -> ./public/rules/Microsoft.yaml
[2026-07-09 22:42:10] [INFO] Updated rule-provider Microsoft URL to https://cdn.honglin.ac.cn/statically/gh/flinhong/configs/public/rules/Microsoft.yaml
[2026-07-09 22:42:10] [INFO] Downloading: https://raw.githubusercontent.com/ACL4SSR/ACL4SSR/refs/heads/master/Clash/Apple.list
[2026-07-09 22:42:10] [INFO] Downloaded rule-provider Apple -> ./public/rules/Apple.yaml
[2026-07-09 22:42:10] [INFO] Updated rule-provider Apple URL to https://cdn.honglin.ac.cn/statically/gh/flinhong/configs/public/rules/Apple.yaml
[2026-07-09 22:42:10] [INFO] Downloading: https://raw.githubusercontent.com/ACL4SSR/ACL4SSR/refs/heads/master/Clash/ProxyMedia.list
[2026-07-09 22:42:10] [INFO] Downloaded rule-provider ProxyMedia -> ./public/rules/ProxyMedia.yaml
[2026-07-09 22:42:10] [INFO] Updated rule-provider ProxyMedia URL to https://cdn.honglin.ac.cn/statically/gh/flinhong/configs/public/rules/ProxyMedia.yaml
[2026-07-09 22:42:10] [INFO] Downloading: https://raw.githubusercontent.com/ACL4SSR/ACL4SSR/refs/heads/master/Clash/Telegram.list
[2026-07-09 22:42:10] [INFO] Downloaded rule-provider Telegram -> ./public/rules/Telegram.yaml
[2026-07-09 22:42:10] [INFO] Updated rule-provider Telegram URL to https://cdn.honglin.ac.cn/statically/gh/flinhong/configs/public/rules/Telegram.yaml
[2026-07-09 22:42:10] [INFO] Downloading: https://raw.githubusercontent.com/ACL4SSR/ACL4SSR/refs/heads/master/Clash/ProxyLite.list
[2026-07-09 22:42:10] [INFO] Downloaded rule-provider ProxyLite -> ./public/rules/ProxyLite.yaml
[2026-07-09 22:42:10] [INFO] Updated rule-provider ProxyLite URL to https://cdn.honglin.ac.cn/statically/gh/flinhong/configs/public/rules/ProxyLite.yaml
[2026-07-09 22:42:10] [INFO] Downloading: https://raw.githubusercontent.com/ACL4SSR/ACL4SSR/refs/heads/master/Clash/ChinaDomain.list
[2026-07-09 22:42:10] [INFO] Downloaded rule-provider ChinaDomain -> ./public/rules/ChinaDomain.yaml
[2026-07-09 22:42:10] [INFO] Updated rule-provider ChinaDomain URL to https://cdn.honglin.ac.cn/statically/gh/flinhong/configs/public/rules/ChinaDomain.yaml
[2026-07-09 22:42:10] [INFO] Downloading: https://raw.githubusercontent.com/ACL4SSR/ACL4SSR/refs/heads/master/Clash/ChinaCompanyIp.list
[2026-07-09 22:42:10] [INFO] Downloaded rule-provider ChinaCompanyIp -> ./public/rules/ChinaCompanyIp.yaml
[2026-07-09 22:42:10] [INFO] Updated rule-provider ChinaCompanyIp URL to https://cdn.honglin.ac.cn/statically/gh/flinhong/configs/public/rules/ChinaCompanyIp.yaml
[2026-07-09 22:42:10] [INFO] Fetching extra proxies...
[2026-07-09 22:42:11] [INFO] All date-based sources have today's file available, using today
[2026-07-09 22:42:11] [INFO] Downloading: https://raw.githubusercontent.com/zhangkaiitugithub/passcro/main/speednodes.yaml
[2026-07-09 22:42:11] [INFO] Downloading: https://raw.githubusercontent.com/peasoft/NoMoreWalls/master/list.yml
[2026-07-09 22:42:11] [INFO] Downloading: https://raw.githubusercontent.com/mahdibland/SSAggregator/master/sub/sub_merge_yaml.yml
[2026-07-09 22:42:11] [INFO] Downloading: https://raw.githubusercontent.com/ts-sf/fly/main/clash
[2026-07-09 22:42:15] [INFO] Fetched 3392 unique proxies for Load Balancer.
[2026-07-09 22:42:15] [INFO] Downloading: https://node.nodefree.me/2026/07/20260709.yaml
[2026-07-09 22:42:15] [INFO] Downloading: https://static.v2rayshare.net/2026/07/20260709.yaml
[2026-07-09 22:42:15] [INFO] Downloading: https://tt.vg/freeclash
[2026-07-09 22:42:15] [INFO] Downloading: https://raw.githubusercontent.com/Ruk1ng001/freeSub/main/clash.yaml
[2026-07-09 22:42:15] [INFO] Downloading: https://raw.githubusercontent.com/free18/v2ray/main/c.yaml
[2026-07-09 22:42:15] [WARNING] Filtered proxy 🇺🇸_美国_69: reality-opts short-id '' missing or invalid
[2026-07-09 22:42:15] [WARNING] Filtered proxy 🇺🇸_美国_85: reality-opts short-id '' missing or invalid
[2026-07-09 22:42:15] [WARNING] Filtered proxy 🇫🇮_芬兰_100: reality-opts short-id '' missing or invalid
[2026-07-09 22:42:15] [WARNING] Filtered proxy 🇭🇰_HK_中国香港: reality-opts short-id '' missing or invalid
[2026-07-09 22:42:15] [WARNING] Filtered proxy 🇭🇰_HK_中国香港: reality-opts short-id '' missing or invalid
[2026-07-09 22:42:15] [INFO] Fetched 116 unique proxies for Auto Select.
[2026-07-09 22:42:15] [INFO] Filtered original proxies: 8 remaining
[2026-07-09 22:42:17] [INFO] Successfully wrote config to ./public/subscribe/clash.yml
[2026-07-10 10:23:36] [INFO] Downloading: https://www.ermao.net/sub/clash/ermao.net
[2026-07-10 10:23:36] [INFO] Main subscription fetched and parsed.
[2026-07-10 10:23:36] [INFO] Downloading rule-providers...
[2026-07-10 10:23:36] [INFO] Downloading: https://raw.githubusercontent.com/ACL4SSR/ACL4SSR/refs/heads/master/Clash/LocalAreaNetwork.list
[2026-07-10 10:23:36] [INFO] Downloaded rule-provider LocalAreaNetwork -> ./public/rules/LocalAreaNetwork.yaml
[2026-07-10 10:23:36] [INFO] Updated rule-provider LocalAreaNetwork URL to https://cdn.honglin.ac.cn/statically/gh/flinhong/configs/public/rules/LocalAreaNetwork.yaml
[2026-07-10 10:23:36] [INFO] Downloading: https://raw.githubusercontent.com/ACL4SSR/ACL4SSR/refs/heads/master/Clash/BanAD.list
[2026-07-10 10:23:36] [INFO] Downloaded rule-provider BanAD -> ./public/rules/BanAD.yaml
[2026-07-10 10:23:36] [INFO] Updated rule-provider BanAD URL to https://cdn.honglin.ac.cn/statically/gh/flinhong/configs/public/rules/BanAD.yaml
[2026-07-10 10:23:36] [INFO] Downloading: https://raw.githubusercontent.com/ACL4SSR/ACL4SSR/refs/heads/master/Clash/BanProgramAD.list
[2026-07-10 10:23:36] [INFO] Downloaded rule-provider BanProgramAD -> ./public/rules/BanProgramAD.yaml
[2026-07-10 10:23:36] [INFO] Updated rule-provider BanProgramAD URL to https://cdn.honglin.ac.cn/statically/gh/flinhong/configs/public/rules/BanProgramAD.yaml
[2026-07-10 10:23:36] [INFO] Downloading: https://raw.githubusercontent.com/ACL4SSR/ACL4SSR/refs/heads/master/Clash/BanEasyList.list
[2026-07-10 10:23:36] [INFO] Downloaded rule-provider BanEasyList -> ./public/rules/BanEasyList.yaml
[2026-07-10 10:23:36] [INFO] Updated rule-provider BanEasyList URL to https://cdn.honglin.ac.cn/statically/gh/flinhong/configs/public/rules/BanEasyList.yaml
[2026-07-10 10:23:36] [INFO] Downloading: https://raw.githubusercontent.com/ACL4SSR/ACL4SSR/refs/heads/master/Clash/BanEasyListChina.list
[2026-07-10 10:23:36] [INFO] Downloaded rule-provider BanEasyListChina -> ./public/rules/BanEasyListChina.yaml
[2026-07-10 10:23:36] [INFO] Updated rule-provider BanEasyListChina URL to https://cdn.honglin.ac.cn/statically/gh/flinhong/configs/public/rules/BanEasyListChina.yaml
[2026-07-10 10:23:36] [INFO] Downloading: https://raw.githubusercontent.com/ACL4SSR/ACL4SSR/refs/heads/master/Clash/BanEasyPrivacy.list
[2026-07-10 10:23:36] [INFO] Downloaded rule-provider BanEasyPrivacy -> ./public/rules/BanEasyPrivacy.yaml
[2026-07-10 10:23:36] [INFO] Updated rule-provider BanEasyPrivacy URL to https://cdn.honglin.ac.cn/statically/gh/flinhong/configs/public/rules/BanEasyPrivacy.yaml
[2026-07-10 10:23:36] [INFO] Downloading: https://raw.githubusercontent.com/ACL4SSR/ACL4SSR/refs/heads/master/Clash/GoogleCN.list
[2026-07-10 10:23:37] [INFO] Downloaded rule-provider GoogleCN -> ./public/rules/GoogleCN.yaml
[2026-07-10 10:23:37] [INFO] Updated rule-provider GoogleCN URL to https://cdn.honglin.ac.cn/statically/gh/flinhong/configs/public/rules/GoogleCN.yaml
[2026-07-10 10:23:37] [INFO] Downloading: https://raw.githubusercontent.com/ACL4SSR/ACL4SSR/refs/heads/master/Clash/Ruleset/SteamCN.list
[2026-07-10 10:23:37] [INFO] Downloaded rule-provider SteamCN -> ./public/rules/SteamCN.yaml
[2026-07-10 10:23:37] [INFO] Updated rule-provider SteamCN URL to https://cdn.honglin.ac.cn/statically/gh/flinhong/configs/public/rules/SteamCN.yaml
[2026-07-10 10:23:37] [INFO] Downloading: https://raw.githubusercontent.com/ACL4SSR/ACL4SSR/refs/heads/master/Clash/Microsoft.list
[2026-07-10 10:23:37] [INFO] Downloaded rule-provider Microsoft -> ./public/rules/Microsoft.yaml
[2026-07-10 10:23:37] [INFO] Updated rule-provider Microsoft URL to https://cdn.honglin.ac.cn/statically/gh/flinhong/configs/public/rules/Microsoft.yaml
[2026-07-10 10:23:37] [INFO] Downloading: https://raw.githubusercontent.com/ACL4SSR/ACL4SSR/refs/heads/master/Clash/Apple.list
[2026-07-10 10:23:37] [INFO] Downloaded rule-provider Apple -> ./public/rules/Apple.yaml
[2026-07-10 10:23:37] [INFO] Updated rule-provider Apple URL to https://cdn.honglin.ac.cn/statically/gh/flinhong/configs/public/rules/Apple.yaml
[2026-07-10 10:23:37] [INFO] Downloading: https://raw.githubusercontent.com/ACL4SSR/ACL4SSR/refs/heads/master/Clash/ProxyMedia.list
[2026-07-10 10:23:37] [INFO] Downloaded rule-provider ProxyMedia -> ./public/rules/ProxyMedia.yaml
[2026-07-10 10:23:37] [INFO] Updated rule-provider ProxyMedia URL to https://cdn.honglin.ac.cn/statically/gh/flinhong/configs/public/rules/ProxyMedia.yaml
[2026-07-10 10:23:37] [INFO] Downloading: https://raw.githubusercontent.com/ACL4SSR/ACL4SSR/refs/heads/master/Clash/Telegram.list
[2026-07-10 10:23:37] [INFO] Downloaded rule-provider Telegram -> ./public/rules/Telegram.yaml
[2026-07-10 10:23:37] [INFO] Updated rule-provider Telegram URL to https://cdn.honglin.ac.cn/statically/gh/flinhong/configs/public/rules/Telegram.yaml
[2026-07-10 10:23:37] [INFO] Downloading: https://raw.githubusercontent.com/ACL4SSR/ACL4SSR/refs/heads/master/Clash/ProxyLite.list
[2026-07-10 10:23:37] [INFO] Downloaded rule-provider ProxyLite -> ./public/rules/ProxyLite.yaml
[2026-07-10 10:23:37] [INFO] Updated rule-provider ProxyLite URL to https://cdn.honglin.ac.cn/statically/gh/flinhong/configs/public/rules/ProxyLite.yaml
[2026-07-10 10:23:37] [INFO] Downloading: https://raw.githubusercontent.com/ACL4SSR/ACL4SSR/refs/heads/master/Clash/ChinaDomain.list
[2026-07-10 10:23:37] [INFO] Downloaded rule-provider ChinaDomain -> ./public/rules/ChinaDomain.yaml
[2026-07-10 10:23:37] [INFO] Updated rule-provider ChinaDomain URL to https://cdn.honglin.ac.cn/statically/gh/flinhong/configs/public/rules/ChinaDomain.yaml
[2026-07-10 10:23:37] [INFO] Downloading: https://raw.githubusercontent.com/ACL4SSR/ACL4SSR/refs/heads/master/Clash/ChinaCompanyIp.list
[2026-07-10 10:23:37] [INFO] Downloaded rule-provider ChinaCompanyIp -> ./public/rules/ChinaCompanyIp.yaml
[2026-07-10 10:23:37] [INFO] Updated rule-provider ChinaCompanyIp URL to https://cdn.honglin.ac.cn/statically/gh/flinhong/configs/public/rules/ChinaCompanyIp.yaml
[2026-07-10 10:23:37] [INFO] Fetching extra proxies...
[2026-07-10 10:23:38] [INFO] All date-based sources have today's file available, using today
[2026-07-10 10:23:38] [INFO] Downloading: https://raw.githubusercontent.com/zhangkaiitugithub/passcro/main/speednodes.yaml
[2026-07-10 10:23:38] [INFO] Downloading: https://raw.githubusercontent.com/peasoft/NoMoreWalls/master/list.yml
[2026-07-10 10:23:38] [INFO] Downloading: https://raw.githubusercontent.com/mahdibland/SSAggregator/master/sub/sub_merge_yaml.yml
[2026-07-10 10:23:38] [INFO] Downloading: https://raw.githubusercontent.com/ts-sf/fly/main/clash
[2026-07-10 10:23:42] [INFO] Fetched 3386 unique proxies for Load Balancer.
[2026-07-10 10:23:42] [INFO] Downloading: https://node.nodefree.me/2026/07/20260710.yaml
[2026-07-10 10:23:42] [INFO] Downloading: https://static.v2rayshare.net/2026/07/20260710.yaml
[2026-07-10 10:23:42] [INFO] Downloading: https://tt.vg/freeclash
[2026-07-10 10:23:42] [INFO] Downloading: https://raw.githubusercontent.com/Ruk1ng001/freeSub/main/clash.yaml
[2026-07-10 10:23:42] [INFO] Downloading: https://raw.githubusercontent.com/free18/v2ray/main/c.yaml
[2026-07-10 10:23:42] [WARNING] Filtered proxy 🇺🇸_美国_69: reality-opts short-id '' missing or invalid
[2026-07-10 10:23:42] [WARNING] Filtered proxy 🇺🇸_美国_85: reality-opts short-id '' missing or invalid
[2026-07-10 10:23:42] [WARNING] Filtered proxy 🇫🇮_芬兰_100: reality-opts short-id '' missing or invalid
[2026-07-10 10:23:42] [WARNING] Filtered proxy 🇭🇰_HK_中国香港: reality-opts short-id '' missing or invalid
[2026-07-10 10:23:42] [WARNING] Filtered proxy 🇭🇰_HK_中国香港: reality-opts short-id '' missing or invalid
[2026-07-10 10:23:42] [INFO] Fetched 115 unique proxies for Auto Select.
[2026-07-10 10:23:42] [INFO] Filtered original proxies: 18 remaining
[2026-07-10 10:23:43] [INFO] Successfully wrote config to ./public/subscribe/clash.yml
[2026-07-10 22:07:13] [INFO] Downloading: https://www.ermao.net/sub/clash/ermao.net
[2026-07-10 22:07:14] [INFO] Main subscription fetched and parsed.
[2026-07-10 22:07:14] [INFO] Downloading rule-providers...
[2026-07-10 22:07:14] [INFO] Downloading: https://raw.githubusercontent.com/ACL4SSR/ACL4SSR/refs/heads/master/Clash/LocalAreaNetwork.list
[2026-07-10 22:07:14] [INFO] Downloaded rule-provider LocalAreaNetwork -> ./public/rules/LocalAreaNetwork.yaml
[2026-07-10 22:07:14] [INFO] Updated rule-provider LocalAreaNetwork URL to https://cdn.honglin.ac.cn/statically/gh/flinhong/configs/public/rules/LocalAreaNetwork.yaml
[2026-07-10 22:07:14] [INFO] Downloading: https://raw.githubusercontent.com/ACL4SSR/ACL4SSR/refs/heads/master/Clash/BanAD.list
[2026-07-10 22:07:14] [INFO] Downloaded rule-provider BanAD -> ./public/rules/BanAD.yaml
[2026-07-10 22:07:14] [INFO] Updated rule-provider BanAD URL to https://cdn.honglin.ac.cn/statically/gh/flinhong/configs/public/rules/BanAD.yaml
[2026-07-10 22:07:14] [INFO] Downloading: https://raw.githubusercontent.com/ACL4SSR/ACL4SSR/refs/heads/master/Clash/BanProgramAD.list
[2026-07-10 22:07:14] [INFO] Downloaded rule-provider BanProgramAD -> ./public/rules/BanProgramAD.yaml
[2026-07-10 22:07:14] [INFO] Updated rule-provider BanProgramAD URL to https://cdn.honglin.ac.cn/statically/gh/flinhong/configs/public/rules/BanProgramAD.yaml
[2026-07-10 22:07:14] [INFO] Downloading: https://raw.githubusercontent.com/ACL4SSR/ACL4SSR/refs/heads/master/Clash/BanEasyList.list
[2026-07-10 22:07:14] [INFO] Downloaded rule-provider BanEasyList -> ./public/rules/BanEasyList.yaml
[2026-07-10 22:07:14] [INFO] Updated rule-provider BanEasyList URL to https://cdn.honglin.ac.cn/statically/gh/flinhong/configs/public/rules/BanEasyList.yaml
[2026-07-10 22:07:14] [INFO] Downloading: https://raw.githubusercontent.com/ACL4SSR/ACL4SSR/refs/heads/master/Clash/BanEasyListChina.list
[2026-07-10 22:07:14] [INFO] Downloaded rule-provider BanEasyListChina -> ./public/rules/BanEasyListChina.yaml
[2026-07-10 22:07:14] [INFO] Updated rule-provider BanEasyListChina URL to https://cdn.honglin.ac.cn/statically/gh/flinhong/configs/public/rules/BanEasyListChina.yaml
[2026-07-10 22:07:14] [INFO] Downloading: https://raw.githubusercontent.com/ACL4SSR/ACL4SSR/refs/heads/master/Clash/BanEasyPrivacy.list
[2026-07-10 22:07:14] [INFO] Downloaded rule-provider BanEasyPrivacy -> ./public/rules/BanEasyPrivacy.yaml
[2026-07-10 22:07:14] [INFO] Updated rule-provider BanEasyPrivacy URL to https://cdn.honglin.ac.cn/statically/gh/flinhong/configs/public/rules/BanEasyPrivacy.yaml
[2026-07-10 22:07:14] [INFO] Downloading: https://raw.githubusercontent.com/ACL4SSR/ACL4SSR/refs/heads/master/Clash/GoogleCN.list
[2026-07-10 22:07:15] [INFO] Downloaded rule-provider GoogleCN -> ./public/rules/GoogleCN.yaml
[2026-07-10 22:07:15] [INFO] Updated rule-provider GoogleCN URL to https://cdn.honglin.ac.cn/statically/gh/flinhong/configs/public/rules/GoogleCN.yaml
[2026-07-10 22:07:15] [INFO] Downloading: https://raw.githubusercontent.com/ACL4SSR/ACL4SSR/refs/heads/master/Clash/Ruleset/SteamCN.list
[2026-07-10 22:07:15] [INFO] Downloaded rule-provider SteamCN -> ./public/rules/SteamCN.yaml
[2026-07-10 22:07:15] [INFO] Updated rule-provider SteamCN URL to https://cdn.honglin.ac.cn/statically/gh/flinhong/configs/public/rules/SteamCN.yaml
[2026-07-10 22:07:15] [INFO] Downloading: https://raw.githubusercontent.com/ACL4SSR/ACL4SSR/refs/heads/master/Clash/Microsoft.list
[2026-07-10 22:07:15] [INFO] Downloaded rule-provider Microsoft -> ./public/rules/Microsoft.yaml
[2026-07-10 22:07:15] [INFO] Updated rule-provider Microsoft URL to https://cdn.honglin.ac.cn/statically/gh/flinhong/configs/public/rules/Microsoft.yaml
[2026-07-10 22:07:15] [INFO] Downloading: https://raw.githubusercontent.com/ACL4SSR/ACL4SSR/refs/heads/master/Clash/Apple.list
[2026-07-10 22:07:15] [INFO] Downloaded rule-provider Apple -> ./public/rules/Apple.yaml
[2026-07-10 22:07:15] [INFO] Updated rule-provider Apple URL to https://cdn.honglin.ac.cn/statically/gh/flinhong/configs/public/rules/Apple.yaml
[2026-07-10 22:07:15] [INFO] Downloading: https://raw.githubusercontent.com/ACL4SSR/ACL4SSR/refs/heads/master/Clash/ProxyMedia.list
[2026-07-10 22:07:15] [INFO] Downloaded rule-provider ProxyMedia -> ./public/rules/ProxyMedia.yaml
[2026-07-10 22:07:15] [INFO] Updated rule-provider ProxyMedia URL to https://cdn.honglin.ac.cn/statically/gh/flinhong/configs/public/rules/ProxyMedia.yaml
[2026-07-10 22:07:15] [INFO] Downloading: https://raw.githubusercontent.com/ACL4SSR/ACL4SSR/refs/heads/master/Clash/Telegram.list
[2026-07-10 22:07:15] [INFO] Downloaded rule-provider Telegram -> ./public/rules/Telegram.yaml
[2026-07-10 22:07:15] [INFO] Updated rule-provider Telegram URL to https://cdn.honglin.ac.cn/statically/gh/flinhong/configs/public/rules/Telegram.yaml
[2026-07-10 22:07:15] [INFO] Downloading: https://raw.githubusercontent.com/ACL4SSR/ACL4SSR/refs/heads/master/Clash/ProxyLite.list
[2026-07-10 22:07:15] [INFO] Downloaded rule-provider ProxyLite -> ./public/rules/ProxyLite.yaml
[2026-07-10 22:07:15] [INFO] Updated rule-provider ProxyLite URL to https://cdn.honglin.ac.cn/statically/gh/flinhong/configs/public/rules/ProxyLite.yaml
[2026-07-10 22:07:15] [INFO] Downloading: https://raw.githubusercontent.com/ACL4SSR/ACL4SSR/refs/heads/master/Clash/ChinaDomain.list
[2026-07-10 22:07:15] [INFO] Downloaded rule-provider ChinaDomain -> ./public/rules/ChinaDomain.yaml
[2026-07-10 22:07:15] [INFO] Updated rule-provider ChinaDomain URL to https://cdn.honglin.ac.cn/statically/gh/flinhong/configs/public/rules/ChinaDomain.yaml
[2026-07-10 22:07:15] [INFO] Downloading: https://raw.githubusercontent.com/ACL4SSR/ACL4SSR/refs/heads/master/Clash/ChinaCompanyIp.list
[2026-07-10 22:07:15] [INFO] Downloaded rule-provider ChinaCompanyIp -> ./public/rules/ChinaCompanyIp.yaml
[2026-07-10 22:07:15] [INFO] Updated rule-provider ChinaCompanyIp URL to https://cdn.honglin.ac.cn/statically/gh/flinhong/configs/public/rules/ChinaCompanyIp.yaml
[2026-07-10 22:07:15] [INFO] Fetching extra proxies...
[2026-07-10 22:07:16] [INFO] All date-based sources have today's file available, using today
[2026-07-10 22:07:16] [INFO] Downloading: https://raw.githubusercontent.com/zhangkaiitugithub/passcro/main/speednodes.yaml
[2026-07-10 22:07:16] [INFO] Downloading: https://raw.githubusercontent.com/peasoft/NoMoreWalls/master/list.yml
[2026-07-10 22:07:16] [INFO] Downloading: https://raw.githubusercontent.com/mahdibland/SSAggregator/master/sub/sub_merge_yaml.yml
[2026-07-10 22:07:16] [INFO] Downloading: https://raw.githubusercontent.com/ts-sf/fly/main/clash
[2026-07-10 22:07:19] [INFO] Fetched 3421 unique proxies for Load Balancer.
[2026-07-10 22:07:19] [INFO] Downloading: https://node.nodefree.me/2026/07/20260710.yaml
[2026-07-10 22:07:19] [INFO] Downloading: https://tt.vg/freeclash
[2026-07-10 22:07:19] [INFO] Downloading: https://static.v2rayshare.net/2026/07/20260710.yaml
[2026-07-10 22:07:19] [INFO] Downloading: https://raw.githubusercontent.com/Ruk1ng001/freeSub/main/clash.yaml
[2026-07-10 22:07:19] [INFO] Downloading: https://raw.githubusercontent.com/free18/v2ray/main/c.yaml
[2026-07-10 22:07:20] [WARNING] Filtered proxy 🟢🇸🇪[🤖📺🎭✨]_github.com/Ruk1ng001_f090f092: reality-opts short-id '' missing or invalid
[2026-07-10 22:07:20] [WARNING] Filtered proxy 免费VPN：https://tt.vg/FJOE2Mm: reality-opts short-id '' missing or invalid
[2026-07-10 22:07:20] [WARNING] Filtered proxy 🇭🇰_HK_中国香港: reality-opts short-id '' missing or invalid
[2026-07-10 22:07:20] [WARNING] Filtered proxy 🇭🇰_HK_中国香港: reality-opts short-id '' missing or invalid
[2026-07-10 22:07:20] [INFO] Fetched 192 unique proxies for Auto Select.
[2026-07-10 22:07:20] [INFO] Filtered original proxies: 14 remaining
[2026-07-10 22:07:21] [INFO] Successfully wrote config to ./public/subscribe/clash.yml
[2026-07-11 10:02:10] [INFO] Downloading: https://www.ermao.net/sub/clash/ermao.net
[2026-07-11 10:02:11] [INFO] Main subscription fetched and parsed.
[2026-07-11 10:02:11] [INFO] Downloading rule-providers...
[2026-07-11 10:02:11] [INFO] Downloading: https://raw.githubusercontent.com/ACL4SSR/ACL4SSR/refs/heads/master/Clash/LocalAreaNetwork.list
[2026-07-11 10:02:12] [INFO] Downloaded rule-provider LocalAreaNetwork -> ./public/rules/LocalAreaNetwork.yaml
[2026-07-11 10:02:12] [INFO] Updated rule-provider LocalAreaNetwork URL to https://cdn.honglin.ac.cn/statically/gh/flinhong/configs/public/rules/LocalAreaNetwork.yaml
[2026-07-11 10:02:12] [INFO] Downloading: https://raw.githubusercontent.com/ACL4SSR/ACL4SSR/refs/heads/master/Clash/BanAD.list
[2026-07-11 10:02:12] [INFO] Downloaded rule-provider BanAD -> ./public/rules/BanAD.yaml
[2026-07-11 10:02:12] [INFO] Updated rule-provider BanAD URL to https://cdn.honglin.ac.cn/statically/gh/flinhong/configs/public/rules/BanAD.yaml
[2026-07-11 10:02:12] [INFO] Downloading: https://raw.githubusercontent.com/ACL4SSR/ACL4SSR/refs/heads/master/Clash/BanProgramAD.list
[2026-07-11 10:02:12] [INFO] Downloaded rule-provider BanProgramAD -> ./public/rules/BanProgramAD.yaml
[2026-07-11 10:02:12] [INFO] Updated rule-provider BanProgramAD URL to https://cdn.honglin.ac.cn/statically/gh/flinhong/configs/public/rules/BanProgramAD.yaml
[2026-07-11 10:02:12] [INFO] Downloading: https://raw.githubusercontent.com/ACL4SSR/ACL4SSR/refs/heads/master/Clash/BanEasyList.list
[2026-07-11 10:02:13] [INFO] Downloaded rule-provider BanEasyList -> ./public/rules/BanEasyList.yaml
[2026-07-11 10:02:13] [INFO] Updated rule-provider BanEasyList URL to https://cdn.honglin.ac.cn/statically/gh/flinhong/configs/public/rules/BanEasyList.yaml
[2026-07-11 10:02:13] [INFO] Downloading: https://raw.githubusercontent.com/ACL4SSR/ACL4SSR/refs/heads/master/Clash/BanEasyListChina.list
[2026-07-11 10:02:13] [INFO] Downloaded rule-provider BanEasyListChina -> ./public/rules/BanEasyListChina.yaml
[2026-07-11 10:02:13] [INFO] Updated rule-provider BanEasyListChina URL to https://cdn.honglin.ac.cn/statically/gh/flinhong/configs/public/rules/BanEasyListChina.yaml
[2026-07-11 10:02:13] [INFO] Downloading: https://raw.githubusercontent.com/ACL4SSR/ACL4SSR/refs/heads/master/Clash/BanEasyPrivacy.list
[2026-07-11 10:02:13] [INFO] Downloaded rule-provider BanEasyPrivacy -> ./public/rules/BanEasyPrivacy.yaml
[2026-07-11 10:02:13] [INFO] Updated rule-provider BanEasyPrivacy URL to https://cdn.honglin.ac.cn/statically/gh/flinhong/configs/public/rules/BanEasyPrivacy.yaml
[2026-07-11 10:02:13] [INFO] Downloading: https://raw.githubusercontent.com/ACL4SSR/ACL4SSR/refs/heads/master/Clash/GoogleCN.list
[2026-07-11 10:02:13] [INFO] Downloaded rule-provider GoogleCN -> ./public/rules/GoogleCN.yaml
[2026-07-11 10:02:13] [INFO] Updated rule-provider GoogleCN URL to https://cdn.honglin.ac.cn/statically/gh/flinhong/configs/public/rules/GoogleCN.yaml
[2026-07-11 10:02:13] [INFO] Downloading: https://raw.githubusercontent.com/ACL4SSR/ACL4SSR/refs/heads/master/Clash/Ruleset/SteamCN.list
[2026-07-11 10:02:13] [INFO] Downloaded rule-provider SteamCN -> ./public/rules/SteamCN.yaml
[2026-07-11 10:02:13] [INFO] Updated rule-provider SteamCN URL to https://cdn.honglin.ac.cn/statically/gh/flinhong/configs/public/rules/SteamCN.yaml
[2026-07-11 10:02:13] [INFO] Downloading: https://raw.githubusercontent.com/ACL4SSR/ACL4SSR/refs/heads/master/Clash/Microsoft.list
[2026-07-11 10:02:14] [INFO] Downloaded rule-provider Microsoft -> ./public/rules/Microsoft.yaml
[2026-07-11 10:02:14] [INFO] Updated rule-provider Microsoft URL to https://cdn.honglin.ac.cn/statically/gh/flinhong/configs/public/rules/Microsoft.yaml
[2026-07-11 10:02:14] [INFO] Downloading: https://raw.githubusercontent.com/ACL4SSR/ACL4SSR/refs/heads/master/Clash/Apple.list
[2026-07-11 10:02:14] [INFO] Downloaded rule-provider Apple -> ./public/rules/Apple.yaml
[2026-07-11 10:02:14] [INFO] Updated rule-provider Apple URL to https://cdn.honglin.ac.cn/statically/gh/flinhong/configs/public/rules/Apple.yaml
[2026-07-11 10:02:14] [INFO] Downloading: https://raw.githubusercontent.com/ACL4SSR/ACL4SSR/refs/heads/master/Clash/ProxyMedia.list
[2026-07-11 10:02:14] [INFO] Downloaded rule-provider ProxyMedia -> ./public/rules/ProxyMedia.yaml
[2026-07-11 10:02:14] [INFO] Updated rule-provider ProxyMedia URL to https://cdn.honglin.ac.cn/statically/gh/flinhong/configs/public/rules/ProxyMedia.yaml
[2026-07-11 10:02:14] [INFO] Downloading: https://raw.githubusercontent.com/ACL4SSR/ACL4SSR/refs/heads/master/Clash/Telegram.list
[2026-07-11 10:02:14] [INFO] Downloaded rule-provider Telegram -> ./public/rules/Telegram.yaml
[2026-07-11 10:02:14] [INFO] Updated rule-provider Telegram URL to https://cdn.honglin.ac.cn/statically/gh/flinhong/configs/public/rules/Telegram.yaml
[2026-07-11 10:02:14] [INFO] Downloading: https://raw.githubusercontent.com/ACL4SSR/ACL4SSR/refs/heads/master/Clash/ProxyLite.list
[2026-07-11 10:02:14] [INFO] Downloaded rule-provider ProxyLite -> ./public/rules/ProxyLite.yaml
[2026-07-11 10:02:14] [INFO] Updated rule-provider ProxyLite URL to https://cdn.honglin.ac.cn/statically/gh/flinhong/configs/public/rules/ProxyLite.yaml
[2026-07-11 10:02:14] [INFO] Downloading: https://raw.githubusercontent.com/ACL4SSR/ACL4SSR/refs/heads/master/Clash/ChinaDomain.list
[2026-07-11 10:02:14] [INFO] Downloaded rule-provider ChinaDomain -> ./public/rules/ChinaDomain.yaml
[2026-07-11 10:02:14] [INFO] Updated rule-provider ChinaDomain URL to https://cdn.honglin.ac.cn/statically/gh/flinhong/configs/public/rules/ChinaDomain.yaml
[2026-07-11 10:02:14] [INFO] Downloading: https://raw.githubusercontent.com/ACL4SSR/ACL4SSR/refs/heads/master/Clash/ChinaCompanyIp.list
[2026-07-11 10:02:14] [INFO] Downloaded rule-provider ChinaCompanyIp -> ./public/rules/ChinaCompanyIp.yaml
[2026-07-11 10:02:14] [INFO] Updated rule-provider ChinaCompanyIp URL to https://cdn.honglin.ac.cn/statically/gh/flinhong/configs/public/rules/ChinaCompanyIp.yaml
[2026-07-11 10:02:14] [INFO] Fetching extra proxies...
[2026-07-11 10:02:15] [INFO] All date-based sources have today's file available, using today
[2026-07-11 10:02:15] [INFO] Downloading: https://raw.githubusercontent.com/zhangkaiitugithub/passcro/main/speednodes.yaml
[2026-07-11 10:02:15] [INFO] Downloading: https://raw.githubusercontent.com/peasoft/NoMoreWalls/master/list.yml
[2026-07-11 10:02:15] [INFO] Downloading: https://raw.githubusercontent.com/mahdibland/SSAggregator/master/sub/sub_merge_yaml.yml
[2026-07-11 10:02:15] [INFO] Downloading: https://raw.githubusercontent.com/ts-sf/fly/main/clash
[2026-07-11 10:02:19] [INFO] Fetched 3409 unique proxies for Load Balancer.
[2026-07-11 10:02:19] [INFO] Downloading: https://node.nodefree.me/2026/07/20260711.yaml
[2026-07-11 10:02:19] [INFO] Downloading: https://static.v2rayshare.net/2026/07/20260711.yaml
[2026-07-11 10:02:19] [INFO] Downloading: https://tt.vg/freeclash
[2026-07-11 10:02:19] [INFO] Downloading: https://raw.githubusercontent.com/Ruk1ng001/freeSub/main/clash.yaml
[2026-07-11 10:02:19] [INFO] Downloading: https://raw.githubusercontent.com/free18/v2ray/main/c.yaml
[2026-07-11 10:02:19] [WARNING] Filtered proxy 🟢🇸🇪[📺🎪✨✈️]_github.com/Ruk1ng001_f090f092: reality-opts short-id '' missing or invalid
[2026-07-11 10:02:19] [WARNING] Filtered proxy 免费VPN：https://tt.vg/FJOE2Mm: reality-opts short-id '' missing or invalid
[2026-07-11 10:02:19] [INFO] Fetched 164 unique proxies for Auto Select.
[2026-07-11 10:02:19] [INFO] Filtered original proxies: 22 remaining
[2026-07-11 10:02:20] [INFO] Successfully wrote config to ./public/subscribe/clash.yml
[2026-07-11 21:03:51] [INFO] Downloading: https://www.ermao.net/sub/clash/ermao.net
[2026-07-11 21:03:52] [INFO] Main subscription fetched and parsed.
[2026-07-11 21:03:52] [INFO] Downloading rule-providers...
[2026-07-11 21:03:52] [INFO] Downloading: https://raw.githubusercontent.com/ACL4SSR/ACL4SSR/refs/heads/master/Clash/LocalAreaNetwork.list
[2026-07-11 21:03:52] [INFO] Downloaded rule-provider LocalAreaNetwork -> ./public/rules/LocalAreaNetwork.yaml
[2026-07-11 21:03:52] [INFO] Updated rule-provider LocalAreaNetwork URL to https://cdn.honglin.ac.cn/statically/gh/flinhong/configs/public/rules/LocalAreaNetwork.yaml
[2026-07-11 21:03:52] [INFO] Downloading: https://raw.githubusercontent.com/ACL4SSR/ACL4SSR/refs/heads/master/Clash/BanAD.list
[2026-07-11 21:03:52] [INFO] Downloaded rule-provider BanAD -> ./public/rules/BanAD.yaml
[2026-07-11 21:03:52] [INFO] Updated rule-provider BanAD URL to https://cdn.honglin.ac.cn/statically/gh/flinhong/configs/public/rules/BanAD.yaml
[2026-07-11 21:03:52] [INFO] Downloading: https://raw.githubusercontent.com/ACL4SSR/ACL4SSR/refs/heads/master/Clash/BanProgramAD.list
[2026-07-11 21:03:53] [INFO] Downloaded rule-provider BanProgramAD -> ./public/rules/BanProgramAD.yaml
[2026-07-11 21:03:53] [INFO] Updated rule-provider BanProgramAD URL to https://cdn.honglin.ac.cn/statically/gh/flinhong/configs/public/rules/BanProgramAD.yaml
[2026-07-11 21:03:53] [INFO] Downloading: https://raw.githubusercontent.com/ACL4SSR/ACL4SSR/refs/heads/master/Clash/BanEasyList.list
[2026-07-11 21:03:53] [INFO] Downloaded rule-provider BanEasyList -> ./public/rules/BanEasyList.yaml
[2026-07-11 21:03:53] [INFO] Updated rule-provider BanEasyList URL to https://cdn.honglin.ac.cn/statically/gh/flinhong/configs/public/rules/BanEasyList.yaml
[2026-07-11 21:03:53] [INFO] Downloading: https://raw.githubusercontent.com/ACL4SSR/ACL4SSR/refs/heads/master/Clash/BanEasyListChina.list
[2026-07-11 21:03:53] [INFO] Downloaded rule-provider BanEasyListChina -> ./public/rules/BanEasyListChina.yaml
[2026-07-11 21:03:53] [INFO] Updated rule-provider BanEasyListChina URL to https://cdn.honglin.ac.cn/statically/gh/flinhong/configs/public/rules/BanEasyListChina.yaml
[2026-07-11 21:03:53] [INFO] Downloading: https://raw.githubusercontent.com/ACL4SSR/ACL4SSR/refs/heads/master/Clash/BanEasyPrivacy.list
[2026-07-11 21:03:54] [INFO] Downloaded rule-provider BanEasyPrivacy -> ./public/rules/BanEasyPrivacy.yaml
[2026-07-11 21:03:54] [INFO] Updated rule-provider BanEasyPrivacy URL to https://cdn.honglin.ac.cn/statically/gh/flinhong/configs/public/rules/BanEasyPrivacy.yaml
[2026-07-11 21:03:54] [INFO] Downloading: https://raw.githubusercontent.com/ACL4SSR/ACL4SSR/refs/heads/master/Clash/GoogleCN.list
[2026-07-11 21:03:54] [INFO] Downloaded rule-provider GoogleCN -> ./public/rules/GoogleCN.yaml
[2026-07-11 21:03:54] [INFO] Updated rule-provider GoogleCN URL to https://cdn.honglin.ac.cn/statically/gh/flinhong/configs/public/rules/GoogleCN.yaml
[2026-07-11 21:03:54] [INFO] Downloading: https://raw.githubusercontent.com/ACL4SSR/ACL4SSR/refs/heads/master/Clash/Ruleset/SteamCN.list
[2026-07-11 21:03:54] [INFO] Downloaded rule-provider SteamCN -> ./public/rules/SteamCN.yaml
[2026-07-11 21:03:54] [INFO] Updated rule-provider SteamCN URL to https://cdn.honglin.ac.cn/statically/gh/flinhong/configs/public/rules/SteamCN.yaml
[2026-07-11 21:03:54] [INFO] Downloading: https://raw.githubusercontent.com/ACL4SSR/ACL4SSR/refs/heads/master/Clash/Microsoft.list
[2026-07-11 21:03:54] [INFO] Downloaded rule-provider Microsoft -> ./public/rules/Microsoft.yaml
[2026-07-11 21:03:54] [INFO] Updated rule-provider Microsoft URL to https://cdn.honglin.ac.cn/statically/gh/flinhong/configs/public/rules/Microsoft.yaml
[2026-07-11 21:03:54] [INFO] Downloading: https://raw.githubusercontent.com/ACL4SSR/ACL4SSR/refs/heads/master/Clash/Apple.list
[2026-07-11 21:03:54] [INFO] Downloaded rule-provider Apple -> ./public/rules/Apple.yaml
[2026-07-11 21:03:54] [INFO] Updated rule-provider Apple URL to https://cdn.honglin.ac.cn/statically/gh/flinhong/configs/public/rules/Apple.yaml
[2026-07-11 21:03:54] [INFO] Downloading: https://raw.githubusercontent.com/ACL4SSR/ACL4SSR/refs/heads/master/Clash/ProxyMedia.list
[2026-07-11 21:03:54] [INFO] Downloaded rule-provider ProxyMedia -> ./public/rules/ProxyMedia.yaml
[2026-07-11 21:03:54] [INFO] Updated rule-provider ProxyMedia URL to https://cdn.honglin.ac.cn/statically/gh/flinhong/configs/public/rules/ProxyMedia.yaml
[2026-07-11 21:03:54] [INFO] Downloading: https://raw.githubusercontent.com/ACL4SSR/ACL4SSR/refs/heads/master/Clash/Telegram.list
[2026-07-11 21:03:54] [INFO] Downloaded rule-provider Telegram -> ./public/rules/Telegram.yaml
[2026-07-11 21:03:54] [INFO] Updated rule-provider Telegram URL to https://cdn.honglin.ac.cn/statically/gh/flinhong/configs/public/rules/Telegram.yaml
[2026-07-11 21:03:54] [INFO] Downloading: https://raw.githubusercontent.com/ACL4SSR/ACL4SSR/refs/heads/master/Clash/ProxyLite.list
[2026-07-11 21:03:54] [INFO] Downloaded rule-provider ProxyLite -> ./public/rules/ProxyLite.yaml
[2026-07-11 21:03:54] [INFO] Updated rule-provider ProxyLite URL to https://cdn.honglin.ac.cn/statically/gh/flinhong/configs/public/rules/ProxyLite.yaml
[2026-07-11 21:03:54] [INFO] Downloading: https://raw.githubusercontent.com/ACL4SSR/ACL4SSR/refs/heads/master/Clash/ChinaDomain.list
[2026-07-11 21:03:55] [INFO] Downloaded rule-provider ChinaDomain -> ./public/rules/ChinaDomain.yaml
[2026-07-11 21:03:55] [INFO] Updated rule-provider ChinaDomain URL to https://cdn.honglin.ac.cn/statically/gh/flinhong/configs/public/rules/ChinaDomain.yaml
[2026-07-11 21:03:55] [INFO] Downloading: https://raw.githubusercontent.com/ACL4SSR/ACL4SSR/refs/heads/master/Clash/ChinaCompanyIp.list
[2026-07-11 21:03:55] [INFO] Downloaded rule-provider ChinaCompanyIp -> ./public/rules/ChinaCompanyIp.yaml
[2026-07-11 21:03:55] [INFO] Updated rule-provider ChinaCompanyIp URL to https://cdn.honglin.ac.cn/statically/gh/flinhong/configs/public/rules/ChinaCompanyIp.yaml
[2026-07-11 21:03:55] [INFO] Fetching extra proxies...
[2026-07-11 21:03:56] [INFO] All date-based sources have today's file available, using today
[2026-07-11 21:03:56] [INFO] Downloading: https://raw.githubusercontent.com/zhangkaiitugithub/passcro/main/speednodes.yaml
[2026-07-11 21:03:56] [INFO] Downloading: https://raw.githubusercontent.com/peasoft/NoMoreWalls/master/list.yml
[2026-07-11 21:03:56] [INFO] Downloading: https://raw.githubusercontent.com/mahdibland/SSAggregator/master/sub/sub_merge_yaml.yml
[2026-07-11 21:03:56] [INFO] Downloading: https://raw.githubusercontent.com/ts-sf/fly/main/clash
[2026-07-11 21:04:00] [INFO] Fetched 3412 unique proxies for Load Balancer.
[2026-07-11 21:04:00] [INFO] Downloading: https://node.nodefree.me/2026/07/20260711.yaml
[2026-07-11 21:04:00] [INFO] Downloading: https://raw.githubusercontent.com/Ruk1ng001/freeSub/main/clash.yaml
[2026-07-11 21:04:00] [INFO] Downloading: https://tt.vg/freeclash
[2026-07-11 21:04:00] [INFO] Downloading: https://static.v2rayshare.net/2026/07/20260711.yaml
[2026-07-11 21:04:00] [INFO] Downloading: https://raw.githubusercontent.com/free18/v2ray/main/c.yaml
[2026-07-11 21:04:00] [WARNING] Filtered proxy 🟢🇸🇪[📺🎪✨✈️]_github.com/Ruk1ng001_f090f092: reality-opts short-id '' missing or invalid
[2026-07-11 21:04:01] [WARNING] Filtered proxy 🇳🇱_荷兰_5: reality-opts short-id '' missing or invalid
[2026-07-11 21:04:01] [WARNING] Filtered proxy 🇫🇮_芬兰_6: reality-opts short-id '' missing or invalid
[2026-07-11 21:04:01] [WARNING] Filtered proxy 🇸🇪_瑞典_7: reality-opts short-id '' missing or invalid
[2026-07-11 21:04:01] [WARNING] Filtered proxy 🇸🇪_瑞典_153: reality-opts short-id '' missing or invalid
[2026-07-11 21:04:01] [WARNING] Filtered proxy 🇫🇷_法国_154: reality-opts short-id '' missing or invalid
[2026-07-11 21:04:01] [WARNING] Filtered proxy 🇫🇷_法国_155: reality-opts short-id '' missing or invalid
[2026-07-11 21:04:01] [WARNING] Filtered proxy 🇦🇹_奥地利_156: reality-opts short-id '' missing or invalid
[2026-07-11 21:04:01] [INFO] Fetched 190 unique proxies for Auto Select.
[2026-07-11 21:04:01] [INFO] Filtered original proxies: 18 remaining
[2026-07-11 21:04:02] [INFO] Successfully wrote config to ./public/subscribe/clash.yml
[2026-07-12 10:05:42] [INFO] Downloading: https://www.ermao.net/sub/clash/ermao.net
[2026-07-12 10:05:42] [INFO] Main subscription fetched and parsed.
[2026-07-12 10:05:42] [INFO] Downloading rule-providers...
[2026-07-12 10:05:42] [INFO] Downloading: https://raw.githubusercontent.com/ACL4SSR/ACL4SSR/refs/heads/master/Clash/LocalAreaNetwork.list
[2026-07-12 10:05:42] [INFO] Downloaded rule-provider LocalAreaNetwork -> ./public/rules/LocalAreaNetwork.yaml
[2026-07-12 10:05:42] [INFO] Updated rule-provider LocalAreaNetwork URL to https://cdn.honglin.ac.cn/statically/gh/flinhong/configs/public/rules/LocalAreaNetwork.yaml
[2026-07-12 10:05:42] [INFO] Downloading: https://raw.githubusercontent.com/ACL4SSR/ACL4SSR/refs/heads/master/Clash/BanAD.list
[2026-07-12 10:05:42] [INFO] Downloaded rule-provider BanAD -> ./public/rules/BanAD.yaml
[2026-07-12 10:05:42] [INFO] Updated rule-provider BanAD URL to https://cdn.honglin.ac.cn/statically/gh/flinhong/configs/public/rules/BanAD.yaml
[2026-07-12 10:05:42] [INFO] Downloading: https://raw.githubusercontent.com/ACL4SSR/ACL4SSR/refs/heads/master/Clash/BanProgramAD.list
[2026-07-12 10:05:42] [INFO] Downloaded rule-provider BanProgramAD -> ./public/rules/BanProgramAD.yaml
[2026-07-12 10:05:42] [INFO] Updated rule-provider BanProgramAD URL to https://cdn.honglin.ac.cn/statically/gh/flinhong/configs/public/rules/BanProgramAD.yaml
[2026-07-12 10:05:42] [INFO] Downloading: https://raw.githubusercontent.com/ACL4SSR/ACL4SSR/refs/heads/master/Clash/BanEasyList.list
[2026-07-12 10:05:43] [INFO] Downloaded rule-provider BanEasyList -> ./public/rules/BanEasyList.yaml
[2026-07-12 10:05:43] [INFO] Updated rule-provider BanEasyList URL to https://cdn.honglin.ac.cn/statically/gh/flinhong/configs/public/rules/BanEasyList.yaml
[2026-07-12 10:05:43] [INFO] Downloading: https://raw.githubusercontent.com/ACL4SSR/ACL4SSR/refs/heads/master/Clash/BanEasyListChina.list
[2026-07-12 10:05:43] [INFO] Downloaded rule-provider BanEasyListChina -> ./public/rules/BanEasyListChina.yaml
[2026-07-12 10:05:43] [INFO] Updated rule-provider BanEasyListChina URL to https://cdn.honglin.ac.cn/statically/gh/flinhong/configs/public/rules/BanEasyListChina.yaml
[2026-07-12 10:05:43] [INFO] Downloading: https://raw.githubusercontent.com/ACL4SSR/ACL4SSR/refs/heads/master/Clash/BanEasyPrivacy.list
[2026-07-12 10:05:43] [INFO] Downloaded rule-provider BanEasyPrivacy -> ./public/rules/BanEasyPrivacy.yaml
[2026-07-12 10:05:43] [INFO] Updated rule-provider BanEasyPrivacy URL to https://cdn.honglin.ac.cn/statically/gh/flinhong/configs/public/rules/BanEasyPrivacy.yaml
[2026-07-12 10:05:43] [INFO] Downloading: https://raw.githubusercontent.com/ACL4SSR/ACL4SSR/refs/heads/master/Clash/GoogleCN.list
[2026-07-12 10:05:43] [INFO] Downloaded rule-provider GoogleCN -> ./public/rules/GoogleCN.yaml
[2026-07-12 10:05:43] [INFO] Updated rule-provider GoogleCN URL to https://cdn.honglin.ac.cn/statically/gh/flinhong/configs/public/rules/GoogleCN.yaml
[2026-07-12 10:05:43] [INFO] Downloading: https://raw.githubusercontent.com/ACL4SSR/ACL4SSR/refs/heads/master/Clash/Ruleset/SteamCN.list
[2026-07-12 10:05:43] [INFO] Downloaded rule-provider SteamCN -> ./public/rules/SteamCN.yaml
[2026-07-12 10:05:43] [INFO] Updated rule-provider SteamCN URL to https://cdn.honglin.ac.cn/statically/gh/flinhong/configs/public/rules/SteamCN.yaml
[2026-07-12 10:05:43] [INFO] Downloading: https://raw.githubusercontent.com/ACL4SSR/ACL4SSR/refs/heads/master/Clash/Microsoft.list
[2026-07-12 10:05:43] [INFO] Downloaded rule-provider Microsoft -> ./public/rules/Microsoft.yaml
[2026-07-12 10:05:43] [INFO] Updated rule-provider Microsoft URL to https://cdn.honglin.ac.cn/statically/gh/flinhong/configs/public/rules/Microsoft.yaml
[2026-07-12 10:05:43] [INFO] Downloading: https://raw.githubusercontent.com/ACL4SSR/ACL4SSR/refs/heads/master/Clash/Apple.list
[2026-07-12 10:05:43] [INFO] Downloaded rule-provider Apple -> ./public/rules/Apple.yaml
[2026-07-12 10:05:43] [INFO] Updated rule-provider Apple URL to https://cdn.honglin.ac.cn/statically/gh/flinhong/configs/public/rules/Apple.yaml
[2026-07-12 10:05:43] [INFO] Downloading: https://raw.githubusercontent.com/ACL4SSR/ACL4SSR/refs/heads/master/Clash/ProxyMedia.list
[2026-07-12 10:05:43] [INFO] Downloaded rule-provider ProxyMedia -> ./public/rules/ProxyMedia.yaml
[2026-07-12 10:05:43] [INFO] Updated rule-provider ProxyMedia URL to https://cdn.honglin.ac.cn/statically/gh/flinhong/configs/public/rules/ProxyMedia.yaml
[2026-07-12 10:05:43] [INFO] Downloading: https://raw.githubusercontent.com/ACL4SSR/ACL4SSR/refs/heads/master/Clash/Telegram.list
[2026-07-12 10:05:44] [INFO] Downloaded rule-provider Telegram -> ./public/rules/Telegram.yaml
[2026-07-12 10:05:44] [INFO] Updated rule-provider Telegram URL to https://cdn.honglin.ac.cn/statically/gh/flinhong/configs/public/rules/Telegram.yaml
[2026-07-12 10:05:44] [INFO] Downloading: https://raw.githubusercontent.com/ACL4SSR/ACL4SSR/refs/heads/master/Clash/ProxyLite.list
[2026-07-12 10:05:44] [INFO] Downloaded rule-provider ProxyLite -> ./public/rules/ProxyLite.yaml
[2026-07-12 10:05:44] [INFO] Updated rule-provider ProxyLite URL to https://cdn.honglin.ac.cn/statically/gh/flinhong/configs/public/rules/ProxyLite.yaml
[2026-07-12 10:05:44] [INFO] Downloading: https://raw.githubusercontent.com/ACL4SSR/ACL4SSR/refs/heads/master/Clash/ChinaDomain.list
[2026-07-12 10:05:44] [INFO] Downloaded rule-provider ChinaDomain -> ./public/rules/ChinaDomain.yaml
[2026-07-12 10:05:44] [INFO] Updated rule-provider ChinaDomain URL to https://cdn.honglin.ac.cn/statically/gh/flinhong/configs/public/rules/ChinaDomain.yaml
[2026-07-12 10:05:44] [INFO] Downloading: https://raw.githubusercontent.com/ACL4SSR/ACL4SSR/refs/heads/master/Clash/ChinaCompanyIp.list
[2026-07-12 10:05:44] [INFO] Downloaded rule-provider ChinaCompanyIp -> ./public/rules/ChinaCompanyIp.yaml
[2026-07-12 10:05:44] [INFO] Updated rule-provider ChinaCompanyIp URL to https://cdn.honglin.ac.cn/statically/gh/flinhong/configs/public/rules/ChinaCompanyIp.yaml
[2026-07-12 10:05:44] [INFO] Fetching extra proxies...
[2026-07-12 10:05:44] [INFO] All date-based sources have today's file available, using today
[2026-07-12 10:05:44] [INFO] Downloading: https://raw.githubusercontent.com/zhangkaiitugithub/passcro/main/speednodes.yaml
[2026-07-12 10:05:44] [INFO] Downloading: https://raw.githubusercontent.com/peasoft/NoMoreWalls/master/list.yml
[2026-07-12 10:05:44] [INFO] Downloading: https://raw.githubusercontent.com/mahdibland/SSAggregator/master/sub/sub_merge_yaml.yml
[2026-07-12 10:05:44] [INFO] Downloading: https://raw.githubusercontent.com/ts-sf/fly/main/clash
[2026-07-12 10:05:48] [INFO] Fetched 3417 unique proxies for Load Balancer.
[2026-07-12 10:05:48] [INFO] Downloading: https://node.nodefree.me/2026/07/20260712.yaml
[2026-07-12 10:05:48] [INFO] Downloading: https://static.v2rayshare.net/2026/07/20260712.yaml
[2026-07-12 10:05:48] [INFO] Downloading: https://raw.githubusercontent.com/Ruk1ng001/freeSub/main/clash.yaml
[2026-07-12 10:05:48] [INFO] Downloading: https://tt.vg/freeclash
[2026-07-12 10:05:48] [INFO] Downloading: https://raw.githubusercontent.com/free18/v2ray/main/c.yaml
[2026-07-12 10:05:48] [WARNING] Filtered proxy 🟢🇸🇪[📺🎪✨✈️]_github.com/Ruk1ng001_f090f092: reality-opts short-id '' missing or invalid
[2026-07-12 10:05:49] [WARNING] Filtered proxy 🇳🇱_荷兰_5: reality-opts short-id '' missing or invalid
[2026-07-12 10:05:49] [WARNING] Filtered proxy 🇫🇮_芬兰_6: reality-opts short-id '' missing or invalid
[2026-07-12 10:05:49] [WARNING] Filtered proxy 🇸🇪_瑞典_7: reality-opts short-id '' missing or invalid
[2026-07-12 10:05:49] [WARNING] Filtered proxy 🇸🇪_瑞典_153: reality-opts short-id '' missing or invalid
[2026-07-12 10:05:49] [WARNING] Filtered proxy 🇫🇷_法国_154: reality-opts short-id '' missing or invalid
[2026-07-12 10:05:49] [WARNING] Filtered proxy 🇫🇷_法国_155: reality-opts short-id '' missing or invalid
[2026-07-12 10:05:49] [WARNING] Filtered proxy 🇦🇹_奥地利_156: reality-opts short-id '' missing or invalid
[2026-07-12 10:05:49] [INFO] Fetched 196 unique proxies for Auto Select.
[2026-07-12 10:05:49] [WARNING] Filtered proxy 🇸🇬_SG_新加坡: reality-opts short-id '' missing or invalid
[2026-07-12 10:05:49] [INFO] Filtered original proxies: 21 remaining
[2026-07-12 10:05:50] [INFO] Successfully wrote config to ./public/subscribe/clash.yml
[2026-07-12 21:04:36] [INFO] Downloading: https://www.ermao.net/sub/clash/ermao.net
[2026-07-12 21:04:36] [INFO] Main subscription fetched and parsed.
[2026-07-12 21:04:36] [INFO] Downloading rule-providers...
[2026-07-12 21:04:36] [INFO] Downloading: https://raw.githubusercontent.com/ACL4SSR/ACL4SSR/refs/heads/master/Clash/LocalAreaNetwork.list
[2026-07-12 21:04:37] [INFO] Downloaded rule-provider LocalAreaNetwork -> ./public/rules/LocalAreaNetwork.yaml
[2026-07-12 21:04:37] [INFO] Updated rule-provider LocalAreaNetwork URL to https://cdn.honglin.ac.cn/statically/gh/flinhong/configs/public/rules/LocalAreaNetwork.yaml
[2026-07-12 21:04:37] [INFO] Downloading: https://raw.githubusercontent.com/ACL4SSR/ACL4SSR/refs/heads/master/Clash/BanAD.list
[2026-07-12 21:04:37] [INFO] Downloaded rule-provider BanAD -> ./public/rules/BanAD.yaml
[2026-07-12 21:04:37] [INFO] Updated rule-provider BanAD URL to https://cdn.honglin.ac.cn/statically/gh/flinhong/configs/public/rules/BanAD.yaml
[2026-07-12 21:04:37] [INFO] Downloading: https://raw.githubusercontent.com/ACL4SSR/ACL4SSR/refs/heads/master/Clash/BanProgramAD.list
[2026-07-12 21:04:37] [INFO] Downloaded rule-provider BanProgramAD -> ./public/rules/BanProgramAD.yaml
[2026-07-12 21:04:37] [INFO] Updated rule-provider BanProgramAD URL to https://cdn.honglin.ac.cn/statically/gh/flinhong/configs/public/rules/BanProgramAD.yaml
[2026-07-12 21:04:37] [INFO] Downloading: https://raw.githubusercontent.com/ACL4SSR/ACL4SSR/refs/heads/master/Clash/BanEasyList.list
[2026-07-12 21:04:37] [INFO] Downloaded rule-provider BanEasyList -> ./public/rules/BanEasyList.yaml
[2026-07-12 21:04:37] [INFO] Updated rule-provider BanEasyList URL to https://cdn.honglin.ac.cn/statically/gh/flinhong/configs/public/rules/BanEasyList.yaml
[2026-07-12 21:04:37] [INFO] Downloading: https://raw.githubusercontent.com/ACL4SSR/ACL4SSR/refs/heads/master/Clash/BanEasyListChina.list
[2026-07-12 21:04:37] [INFO] Downloaded rule-provider BanEasyListChina -> ./public/rules/BanEasyListChina.yaml
[2026-07-12 21:04:37] [INFO] Updated rule-provider BanEasyListChina URL to https://cdn.honglin.ac.cn/statically/gh/flinhong/configs/public/rules/BanEasyListChina.yaml
[2026-07-12 21:04:37] [INFO] Downloading: https://raw.githubusercontent.com/ACL4SSR/ACL4SSR/refs/heads/master/Clash/BanEasyPrivacy.list
[2026-07-12 21:04:37] [INFO] Downloaded rule-provider BanEasyPrivacy -> ./public/rules/BanEasyPrivacy.yaml
[2026-07-12 21:04:37] [INFO] Updated rule-provider BanEasyPrivacy URL to https://cdn.honglin.ac.cn/statically/gh/flinhong/configs/public/rules/BanEasyPrivacy.yaml
[2026-07-12 21:04:37] [INFO] Downloading: https://raw.githubusercontent.com/ACL4SSR/ACL4SSR/refs/heads/master/Clash/GoogleCN.list
[2026-07-12 21:04:38] [INFO] Downloaded rule-provider GoogleCN -> ./public/rules/GoogleCN.yaml
[2026-07-12 21:04:38] [INFO] Updated rule-provider GoogleCN URL to https://cdn.honglin.ac.cn/statically/gh/flinhong/configs/public/rules/GoogleCN.yaml
[2026-07-12 21:04:38] [INFO] Downloading: https://raw.githubusercontent.com/ACL4SSR/ACL4SSR/refs/heads/master/Clash/Ruleset/SteamCN.list
[2026-07-12 21:04:38] [INFO] Downloaded rule-provider SteamCN -> ./public/rules/SteamCN.yaml
[2026-07-12 21:04:38] [INFO] Updated rule-provider SteamCN URL to https://cdn.honglin.ac.cn/statically/gh/flinhong/configs/public/rules/SteamCN.yaml
[2026-07-12 21:04:38] [INFO] Downloading: https://raw.githubusercontent.com/ACL4SSR/ACL4SSR/refs/heads/master/Clash/Microsoft.list
[2026-07-12 21:04:38] [INFO] Downloaded rule-provider Microsoft -> ./public/rules/Microsoft.yaml
[2026-07-12 21:04:38] [INFO] Updated rule-provider Microsoft URL to https://cdn.honglin.ac.cn/statically/gh/flinhong/configs/public/rules/Microsoft.yaml
[2026-07-12 21:04:38] [INFO] Downloading: https://raw.githubusercontent.com/ACL4SSR/ACL4SSR/refs/heads/master/Clash/Apple.list
[2026-07-12 21:04:38] [INFO] Downloaded rule-provider Apple -> ./public/rules/Apple.yaml
[2026-07-12 21:04:38] [INFO] Updated rule-provider Apple URL to https://cdn.honglin.ac.cn/statically/gh/flinhong/configs/public/rules/Apple.yaml
[2026-07-12 21:04:38] [INFO] Downloading: https://raw.githubusercontent.com/ACL4SSR/ACL4SSR/refs/heads/master/Clash/ProxyMedia.list
[2026-07-12 21:04:38] [INFO] Downloaded rule-provider ProxyMedia -> ./public/rules/ProxyMedia.yaml
[2026-07-12 21:04:38] [INFO] Updated rule-provider ProxyMedia URL to https://cdn.honglin.ac.cn/statically/gh/flinhong/configs/public/rules/ProxyMedia.yaml
[2026-07-12 21:04:38] [INFO] Downloading: https://raw.githubusercontent.com/ACL4SSR/ACL4SSR/refs/heads/master/Clash/Telegram.list
[2026-07-12 21:04:38] [INFO] Downloaded rule-provider Telegram -> ./public/rules/Telegram.yaml
[2026-07-12 21:04:38] [INFO] Updated rule-provider Telegram URL to https://cdn.honglin.ac.cn/statically/gh/flinhong/configs/public/rules/Telegram.yaml
[2026-07-12 21:04:38] [INFO] Downloading: https://raw.githubusercontent.com/ACL4SSR/ACL4SSR/refs/heads/master/Clash/ProxyLite.list
[2026-07-12 21:04:39] [INFO] Downloaded rule-provider ProxyLite -> ./public/rules/ProxyLite.yaml
[2026-07-12 21:04:39] [INFO] Updated rule-provider ProxyLite URL to https://cdn.honglin.ac.cn/statically/gh/flinhong/configs/public/rules/ProxyLite.yaml
[2026-07-12 21:04:39] [INFO] Downloading: https://raw.githubusercontent.com/ACL4SSR/ACL4SSR/refs/heads/master/Clash/ChinaDomain.list
[2026-07-12 21:04:39] [INFO] Downloaded rule-provider ChinaDomain -> ./public/rules/ChinaDomain.yaml
[2026-07-12 21:04:39] [INFO] Updated rule-provider ChinaDomain URL to https://cdn.honglin.ac.cn/statically/gh/flinhong/configs/public/rules/ChinaDomain.yaml
[2026-07-12 21:04:39] [INFO] Downloading: https://raw.githubusercontent.com/ACL4SSR/ACL4SSR/refs/heads/master/Clash/ChinaCompanyIp.list
[2026-07-12 21:04:39] [INFO] Downloaded rule-provider ChinaCompanyIp -> ./public/rules/ChinaCompanyIp.yaml
[2026-07-12 21:04:39] [INFO] Updated rule-provider ChinaCompanyIp URL to https://cdn.honglin.ac.cn/statically/gh/flinhong/configs/public/rules/ChinaCompanyIp.yaml
[2026-07-12 21:04:39] [INFO] Fetching extra proxies...
[2026-07-12 21:04:39] [INFO] All date-based sources have today's file available, using today
[2026-07-12 21:04:39] [INFO] Downloading: https://raw.githubusercontent.com/zhangkaiitugithub/passcro/main/speednodes.yaml
[2026-07-12 21:04:39] [INFO] Downloading: https://raw.githubusercontent.com/peasoft/NoMoreWalls/master/list.yml
[2026-07-12 21:04:39] [INFO] Downloading: https://raw.githubusercontent.com/mahdibland/SSAggregator/master/sub/sub_merge_yaml.yml
[2026-07-12 21:04:39] [INFO] Downloading: https://raw.githubusercontent.com/ts-sf/fly/main/clash
[2026-07-12 21:04:43] [INFO] Fetched 3415 unique proxies for Load Balancer.
[2026-07-12 21:04:43] [INFO] Downloading: https://node.nodefree.me/2026/07/20260712.yaml
[2026-07-12 21:04:43] [INFO] Downloading: https://static.v2rayshare.net/2026/07/20260712.yaml
[2026-07-12 21:04:43] [INFO] Downloading: https://tt.vg/freeclash
[2026-07-12 21:04:43] [INFO] Downloading: https://raw.githubusercontent.com/Ruk1ng001/freeSub/main/clash.yaml
[2026-07-12 21:04:43] [INFO] Downloading: https://raw.githubusercontent.com/free18/v2ray/main/c.yaml
[2026-07-12 21:04:43] [WARNING] Filtered proxy 🟢🇸🇪[📺🎪✨✈️]_github.com/Ruk1ng001_f090f092: reality-opts short-id '' missing or invalid
[2026-07-12 21:04:44] [WARNING] Filtered proxy 🇸🇪_瑞典_85: reality-opts short-id '' missing or invalid
[2026-07-12 21:04:44] [WARNING] Filtered proxy 🇺🇸_美国_117: reality-opts short-id '' missing or invalid
[2026-07-12 21:04:44] [INFO] Fetched 327 unique proxies for Auto Select.
[2026-07-12 21:04:44] [INFO] Filtered original proxies: 28 remaining
[2026-07-12 21:04:45] [INFO] Successfully wrote config to ./public/subscribe/clash.yml
[2026-07-13 10:07:12] [INFO] Downloading: https://www.ermao.net/sub/clash/ermao.net
[2026-07-13 10:07:13] [INFO] Main subscription fetched and parsed.
[2026-07-13 10:07:13] [INFO] Downloading rule-providers...
[2026-07-13 10:07:13] [INFO] Downloading: https://raw.githubusercontent.com/ACL4SSR/ACL4SSR/refs/heads/master/Clash/LocalAreaNetwork.list
[2026-07-13 10:07:13] [INFO] Downloaded rule-provider LocalAreaNetwork -> ./public/rules/LocalAreaNetwork.yaml
[2026-07-13 10:07:13] [INFO] Updated rule-provider LocalAreaNetwork URL to https://cdn.honglin.ac.cn/statically/gh/flinhong/configs/public/rules/LocalAreaNetwork.yaml
[2026-07-13 10:07:13] [INFO] Downloading: https://raw.githubusercontent.com/ACL4SSR/ACL4SSR/refs/heads/master/Clash/BanAD.list
[2026-07-13 10:07:13] [INFO] Downloaded rule-provider BanAD -> ./public/rules/BanAD.yaml
[2026-07-13 10:07:13] [INFO] Updated rule-provider BanAD URL to https://cdn.honglin.ac.cn/statically/gh/flinhong/configs/public/rules/BanAD.yaml
[2026-07-13 10:07:13] [INFO] Downloading: https://raw.githubusercontent.com/ACL4SSR/ACL4SSR/refs/heads/master/Clash/BanProgramAD.list
[2026-07-13 10:07:13] [INFO] Downloaded rule-provider BanProgramAD -> ./public/rules/BanProgramAD.yaml
[2026-07-13 10:07:13] [INFO] Updated rule-provider BanProgramAD URL to https://cdn.honglin.ac.cn/statically/gh/flinhong/configs/public/rules/BanProgramAD.yaml
[2026-07-13 10:07:13] [INFO] Downloading: https://raw.githubusercontent.com/ACL4SSR/ACL4SSR/refs/heads/master/Clash/BanEasyList.list
[2026-07-13 10:07:14] [INFO] Downloaded rule-provider BanEasyList -> ./public/rules/BanEasyList.yaml
[2026-07-13 10:07:14] [INFO] Updated rule-provider BanEasyList URL to https://cdn.honglin.ac.cn/statically/gh/flinhong/configs/public/rules/BanEasyList.yaml
[2026-07-13 10:07:14] [INFO] Downloading: https://raw.githubusercontent.com/ACL4SSR/ACL4SSR/refs/heads/master/Clash/BanEasyListChina.list
[2026-07-13 10:07:14] [INFO] Downloaded rule-provider BanEasyListChina -> ./public/rules/BanEasyListChina.yaml
[2026-07-13 10:07:14] [INFO] Updated rule-provider BanEasyListChina URL to https://cdn.honglin.ac.cn/statically/gh/flinhong/configs/public/rules/BanEasyListChina.yaml
[2026-07-13 10:07:14] [INFO] Downloading: https://raw.githubusercontent.com/ACL4SSR/ACL4SSR/refs/heads/master/Clash/BanEasyPrivacy.list
[2026-07-13 10:07:14] [INFO] Downloaded rule-provider BanEasyPrivacy -> ./public/rules/BanEasyPrivacy.yaml
[2026-07-13 10:07:14] [INFO] Updated rule-provider BanEasyPrivacy URL to https://cdn.honglin.ac.cn/statically/gh/flinhong/configs/public/rules/BanEasyPrivacy.yaml
[2026-07-13 10:07:14] [INFO] Downloading: https://raw.githubusercontent.com/ACL4SSR/ACL4SSR/refs/heads/master/Clash/GoogleCN.list
[2026-07-13 10:07:14] [INFO] Downloaded rule-provider GoogleCN -> ./public/rules/GoogleCN.yaml
[2026-07-13 10:07:14] [INFO] Updated rule-provider GoogleCN URL to https://cdn.honglin.ac.cn/statically/gh/flinhong/configs/public/rules/GoogleCN.yaml
[2026-07-13 10:07:14] [INFO] Downloading: https://raw.githubusercontent.com/ACL4SSR/ACL4SSR/refs/heads/master/Clash/Ruleset/SteamCN.list
[2026-07-13 10:07:14] [INFO] Downloaded rule-provider SteamCN -> ./public/rules/SteamCN.yaml
[2026-07-13 10:07:14] [INFO] Updated rule-provider SteamCN URL to https://cdn.honglin.ac.cn/statically/gh/flinhong/configs/public/rules/SteamCN.yaml
[2026-07-13 10:07:14] [INFO] Downloading: https://raw.githubusercontent.com/ACL4SSR/ACL4SSR/refs/heads/master/Clash/Microsoft.list
[2026-07-13 10:07:14] [INFO] Downloaded rule-provider Microsoft -> ./public/rules/Microsoft.yaml
[2026-07-13 10:07:14] [INFO] Updated rule-provider Microsoft URL to https://cdn.honglin.ac.cn/statically/gh/flinhong/configs/public/rules/Microsoft.yaml
[2026-07-13 10:07:14] [INFO] Downloading: https://raw.githubusercontent.com/ACL4SSR/ACL4SSR/refs/heads/master/Clash/Apple.list
[2026-07-13 10:07:15] [INFO] Downloaded rule-provider Apple -> ./public/rules/Apple.yaml
[2026-07-13 10:07:15] [INFO] Updated rule-provider Apple URL to https://cdn.honglin.ac.cn/statically/gh/flinhong/configs/public/rules/Apple.yaml
[2026-07-13 10:07:15] [INFO] Downloading: https://raw.githubusercontent.com/ACL4SSR/ACL4SSR/refs/heads/master/Clash/ProxyMedia.list
[2026-07-13 10:07:15] [INFO] Downloaded rule-provider ProxyMedia -> ./public/rules/ProxyMedia.yaml
[2026-07-13 10:07:15] [INFO] Updated rule-provider ProxyMedia URL to https://cdn.honglin.ac.cn/statically/gh/flinhong/configs/public/rules/ProxyMedia.yaml
[2026-07-13 10:07:15] [INFO] Downloading: https://raw.githubusercontent.com/ACL4SSR/ACL4SSR/refs/heads/master/Clash/Telegram.list
[2026-07-13 10:07:15] [INFO] Downloaded rule-provider Telegram -> ./public/rules/Telegram.yaml
[2026-07-13 10:07:15] [INFO] Updated rule-provider Telegram URL to https://cdn.honglin.ac.cn/statically/gh/flinhong/configs/public/rules/Telegram.yaml
[2026-07-13 10:07:15] [INFO] Downloading: https://raw.githubusercontent.com/ACL4SSR/ACL4SSR/refs/heads/master/Clash/ProxyLite.list
[2026-07-13 10:07:15] [INFO] Downloaded rule-provider ProxyLite -> ./public/rules/ProxyLite.yaml
[2026-07-13 10:07:15] [INFO] Updated rule-provider ProxyLite URL to https://cdn.honglin.ac.cn/statically/gh/flinhong/configs/public/rules/ProxyLite.yaml
[2026-07-13 10:07:15] [INFO] Downloading: https://raw.githubusercontent.com/ACL4SSR/ACL4SSR/refs/heads/master/Clash/ChinaDomain.list
[2026-07-13 10:07:16] [INFO] Downloaded rule-provider ChinaDomain -> ./public/rules/ChinaDomain.yaml
[2026-07-13 10:07:16] [INFO] Updated rule-provider ChinaDomain URL to https://cdn.honglin.ac.cn/statically/gh/flinhong/configs/public/rules/ChinaDomain.yaml
[2026-07-13 10:07:16] [INFO] Downloading: https://raw.githubusercontent.com/ACL4SSR/ACL4SSR/refs/heads/master/Clash/ChinaCompanyIp.list
[2026-07-13 10:07:16] [INFO] Downloaded rule-provider ChinaCompanyIp -> ./public/rules/ChinaCompanyIp.yaml
[2026-07-13 10:07:16] [INFO] Updated rule-provider ChinaCompanyIp URL to https://cdn.honglin.ac.cn/statically/gh/flinhong/configs/public/rules/ChinaCompanyIp.yaml
[2026-07-13 10:07:16] [INFO] Fetching extra proxies...
[2026-07-13 10:07:17] [INFO] All date-based sources have today's file available, using today
[2026-07-13 10:07:17] [INFO] Downloading: https://raw.githubusercontent.com/zhangkaiitugithub/passcro/main/speednodes.yaml
[2026-07-13 10:07:17] [INFO] Downloading: https://raw.githubusercontent.com/peasoft/NoMoreWalls/master/list.yml
[2026-07-13 10:07:17] [INFO] Downloading: https://raw.githubusercontent.com/mahdibland/SSAggregator/master/sub/sub_merge_yaml.yml
[2026-07-13 10:07:17] [INFO] Downloading: https://raw.githubusercontent.com/ts-sf/fly/main/clash
[2026-07-13 10:07:21] [INFO] Fetched 3402 unique proxies for Load Balancer.
[2026-07-13 10:07:21] [INFO] Downloading: https://node.nodefree.me/2026/07/20260713.yaml
[2026-07-13 10:07:21] [INFO] Downloading: https://static.v2rayshare.net/2026/07/20260713.yaml
[2026-07-13 10:07:21] [INFO] Downloading: https://tt.vg/freeclash
[2026-07-13 10:07:21] [INFO] Downloading: https://raw.githubusercontent.com/free18/v2ray/main/c.yaml
[2026-07-13 10:07:21] [INFO] Downloading: https://raw.githubusercontent.com/Ruk1ng001/freeSub/main/clash.yaml
[2026-07-13 10:07:21] [WARNING] Filtered proxy ⚪🏳️[📺🎭🎪]_github.com/Ruk1ng001_c4f3fd77: reality-opts short-id '' missing or invalid
[2026-07-13 10:07:21] [WARNING] Filtered proxy 🇸🇪_瑞典_85: reality-opts short-id '' missing or invalid
[2026-07-13 10:07:21] [WARNING] Filtered proxy 🇺🇸_美国_117: reality-opts short-id '' missing or invalid
[2026-07-13 10:07:21] [INFO] Fetched 326 unique proxies for Auto Select.
[2026-07-13 10:07:21] [INFO] Filtered original proxies: 20 remaining
[2026-07-13 10:07:23] [INFO] Successfully wrote config to ./public/subscribe/clash.yml
[2026-07-13 22:17:00] [INFO] Downloading: https://www.ermao.net/sub/clash/ermao.net
[2026-07-13 22:17:00] [INFO] Main subscription fetched and parsed.
[2026-07-13 22:17:00] [INFO] Downloading rule-providers...
[2026-07-13 22:17:00] [INFO] Downloading: https://raw.githubusercontent.com/ACL4SSR/ACL4SSR/refs/heads/master/Clash/LocalAreaNetwork.list
[2026-07-13 22:17:00] [INFO] Downloaded rule-provider LocalAreaNetwork -> ./public/rules/LocalAreaNetwork.yaml
[2026-07-13 22:17:00] [INFO] Updated rule-provider LocalAreaNetwork URL to https://cdn.honglin.ac.cn/statically/gh/flinhong/configs/public/rules/LocalAreaNetwork.yaml
[2026-07-13 22:17:00] [INFO] Downloading: https://raw.githubusercontent.com/ACL4SSR/ACL4SSR/refs/heads/master/Clash/BanAD.list
[2026-07-13 22:17:01] [INFO] Downloaded rule-provider BanAD -> ./public/rules/BanAD.yaml
[2026-07-13 22:17:01] [INFO] Updated rule-provider BanAD URL to https://cdn.honglin.ac.cn/statically/gh/flinhong/configs/public/rules/BanAD.yaml
[2026-07-13 22:17:01] [INFO] Downloading: https://raw.githubusercontent.com/ACL4SSR/ACL4SSR/refs/heads/master/Clash/BanProgramAD.list
[2026-07-13 22:17:01] [INFO] Downloaded rule-provider BanProgramAD -> ./public/rules/BanProgramAD.yaml
[2026-07-13 22:17:01] [INFO] Updated rule-provider BanProgramAD URL to https://cdn.honglin.ac.cn/statically/gh/flinhong/configs/public/rules/BanProgramAD.yaml
[2026-07-13 22:17:01] [INFO] Downloading: https://raw.githubusercontent.com/ACL4SSR/ACL4SSR/refs/heads/master/Clash/BanEasyList.list
[2026-07-13 22:17:01] [INFO] Downloaded rule-provider BanEasyList -> ./public/rules/BanEasyList.yaml
[2026-07-13 22:17:01] [INFO] Updated rule-provider BanEasyList URL to https://cdn.honglin.ac.cn/statically/gh/flinhong/configs/public/rules/BanEasyList.yaml
[2026-07-13 22:17:01] [INFO] Downloading: https://raw.githubusercontent.com/ACL4SSR/ACL4SSR/refs/heads/master/Clash/BanEasyListChina.list
[2026-07-13 22:17:01] [INFO] Downloaded rule-provider BanEasyListChina -> ./public/rules/BanEasyListChina.yaml
[2026-07-13 22:17:01] [INFO] Updated rule-provider BanEasyListChina URL to https://cdn.honglin.ac.cn/statically/gh/flinhong/configs/public/rules/BanEasyListChina.yaml
[2026-07-13 22:17:01] [INFO] Downloading: https://raw.githubusercontent.com/ACL4SSR/ACL4SSR/refs/heads/master/Clash/BanEasyPrivacy.list
[2026-07-13 22:17:02] [INFO] Downloaded rule-provider BanEasyPrivacy -> ./public/rules/BanEasyPrivacy.yaml
[2026-07-13 22:17:02] [INFO] Updated rule-provider BanEasyPrivacy URL to https://cdn.honglin.ac.cn/statically/gh/flinhong/configs/public/rules/BanEasyPrivacy.yaml
[2026-07-13 22:17:02] [INFO] Downloading: https://raw.githubusercontent.com/ACL4SSR/ACL4SSR/refs/heads/master/Clash/GoogleCN.list
[2026-07-13 22:17:02] [INFO] Downloaded rule-provider GoogleCN -> ./public/rules/GoogleCN.yaml
[2026-07-13 22:17:02] [INFO] Updated rule-provider GoogleCN URL to https://cdn.honglin.ac.cn/statically/gh/flinhong/configs/public/rules/GoogleCN.yaml
[2026-07-13 22:17:02] [INFO] Downloading: https://raw.githubusercontent.com/ACL4SSR/ACL4SSR/refs/heads/master/Clash/Ruleset/SteamCN.list
[2026-07-13 22:17:02] [INFO] Downloaded rule-provider SteamCN -> ./public/rules/SteamCN.yaml
[2026-07-13 22:17:02] [INFO] Updated rule-provider SteamCN URL to https://cdn.honglin.ac.cn/statically/gh/flinhong/configs/public/rules/SteamCN.yaml
[2026-07-13 22:17:02] [INFO] Downloading: https://raw.githubusercontent.com/ACL4SSR/ACL4SSR/refs/heads/master/Clash/Microsoft.list
[2026-07-13 22:17:02] [INFO] Downloaded rule-provider Microsoft -> ./public/rules/Microsoft.yaml
[2026-07-13 22:17:02] [INFO] Updated rule-provider Microsoft URL to https://cdn.honglin.ac.cn/statically/gh/flinhong/configs/public/rules/Microsoft.yaml
[2026-07-13 22:17:02] [INFO] Downloading: https://raw.githubusercontent.com/ACL4SSR/ACL4SSR/refs/heads/master/Clash/Apple.list
[2026-07-13 22:17:02] [INFO] Downloaded rule-provider Apple -> ./public/rules/Apple.yaml
[2026-07-13 22:17:02] [INFO] Updated rule-provider Apple URL to https://cdn.honglin.ac.cn/statically/gh/flinhong/configs/public/rules/Apple.yaml
[2026-07-13 22:17:02] [INFO] Downloading: https://raw.githubusercontent.com/ACL4SSR/ACL4SSR/refs/heads/master/Clash/ProxyMedia.list
[2026-07-13 22:17:02] [INFO] Downloaded rule-provider ProxyMedia -> ./public/rules/ProxyMedia.yaml
[2026-07-13 22:17:02] [INFO] Updated rule-provider ProxyMedia URL to https://cdn.honglin.ac.cn/statically/gh/flinhong/configs/public/rules/ProxyMedia.yaml
[2026-07-13 22:17:02] [INFO] Downloading: https://raw.githubusercontent.com/ACL4SSR/ACL4SSR/refs/heads/master/Clash/Telegram.list
[2026-07-13 22:17:03] [INFO] Downloaded rule-provider Telegram -> ./public/rules/Telegram.yaml
[2026-07-13 22:17:03] [INFO] Updated rule-provider Telegram URL to https://cdn.honglin.ac.cn/statically/gh/flinhong/configs/public/rules/Telegram.yaml
[2026-07-13 22:17:03] [INFO] Downloading: https://raw.githubusercontent.com/ACL4SSR/ACL4SSR/refs/heads/master/Clash/ProxyLite.list
[2026-07-13 22:17:03] [INFO] Downloaded rule-provider ProxyLite -> ./public/rules/ProxyLite.yaml
[2026-07-13 22:17:03] [INFO] Updated rule-provider ProxyLite URL to https://cdn.honglin.ac.cn/statically/gh/flinhong/configs/public/rules/ProxyLite.yaml
[2026-07-13 22:17:03] [INFO] Downloading: https://raw.githubusercontent.com/ACL4SSR/ACL4SSR/refs/heads/master/Clash/ChinaDomain.list
[2026-07-13 22:17:03] [INFO] Downloaded rule-provider ChinaDomain -> ./public/rules/ChinaDomain.yaml
[2026-07-13 22:17:03] [INFO] Updated rule-provider ChinaDomain URL to https://cdn.honglin.ac.cn/statically/gh/flinhong/configs/public/rules/ChinaDomain.yaml
[2026-07-13 22:17:03] [INFO] Downloading: https://raw.githubusercontent.com/ACL4SSR/ACL4SSR/refs/heads/master/Clash/ChinaCompanyIp.list
[2026-07-13 22:17:03] [INFO] Downloaded rule-provider ChinaCompanyIp -> ./public/rules/ChinaCompanyIp.yaml
[2026-07-13 22:17:03] [INFO] Updated rule-provider ChinaCompanyIp URL to https://cdn.honglin.ac.cn/statically/gh/flinhong/configs/public/rules/ChinaCompanyIp.yaml
[2026-07-13 22:17:03] [INFO] Fetching extra proxies...
[2026-07-13 22:17:04] [INFO] All date-based sources have today's file available, using today
[2026-07-13 22:17:04] [INFO] Downloading: https://raw.githubusercontent.com/zhangkaiitugithub/passcro/main/speednodes.yaml
[2026-07-13 22:17:04] [INFO] Downloading: https://raw.githubusercontent.com/peasoft/NoMoreWalls/master/list.yml
[2026-07-13 22:17:04] [INFO] Downloading: https://raw.githubusercontent.com/mahdibland/SSAggregator/master/sub/sub_merge_yaml.yml
[2026-07-13 22:17:04] [INFO] Downloading: https://raw.githubusercontent.com/ts-sf/fly/main/clash
[2026-07-13 22:17:08] [INFO] Fetched 3429 unique proxies for Load Balancer.
[2026-07-13 22:17:08] [INFO] Downloading: https://node.nodefree.me/2026/07/20260713.yaml
[2026-07-13 22:17:08] [INFO] Downloading: https://static.v2rayshare.net/2026/07/20260713.yaml
[2026-07-13 22:17:08] [INFO] Downloading: https://tt.vg/freeclash
[2026-07-13 22:17:08] [INFO] Downloading: https://raw.githubusercontent.com/Ruk1ng001/freeSub/main/clash.yaml
[2026-07-13 22:17:08] [INFO] Downloading: https://raw.githubusercontent.com/free18/v2ray/main/c.yaml
[2026-07-13 22:17:08] [WARNING] Filtered proxy 🟢🇫🇮[🎬🤖📺🎭]_github.com/Ruk1ng001_bda330c4: reality-opts short-id '' missing or invalid
[2026-07-13 22:17:08] [WARNING] Filtered proxy 免费VPN：https://tt.vg/FJOE2Mm: reality-opts short-id '' missing or invalid
[2026-07-13 22:17:08] [WARNING] Filtered proxy 🇷🇺_俄罗斯_49: reality-opts short-id '' missing or invalid
[2026-07-13 22:17:08] [WARNING] Filtered proxy 🇺🇸_美国_57: reality-opts short-id '' missing or invalid
[2026-07-13 22:17:08] [WARNING] Filtered proxy 🇫🇮_芬兰_65: reality-opts short-id '' missing or invalid
[2026-07-13 22:17:08] [INFO] Fetched 137 unique proxies for Auto Select.
[2026-07-13 22:17:08] [INFO] Filtered original proxies: 19 remaining
[2026-07-13 22:17:10] [INFO] Successfully wrote config to ./public/subscribe/clash.yml
[2026-07-14 09:52:53] [INFO] Downloading: https://www.ermao.net/sub/clash/ermao.net
[2026-07-14 09:52:54] [INFO] Main subscription fetched and parsed.
[2026-07-14 09:52:54] [INFO] Downloading rule-providers...
[2026-07-14 09:52:54] [INFO] Downloading: https://raw.githubusercontent.com/ACL4SSR/ACL4SSR/refs/heads/master/Clash/LocalAreaNetwork.list
[2026-07-14 09:52:54] [INFO] Downloaded rule-provider LocalAreaNetwork -> ./public/rules/LocalAreaNetwork.yaml
[2026-07-14 09:52:54] [INFO] Updated rule-provider LocalAreaNetwork URL to https://cdn.honglin.ac.cn/statically/gh/flinhong/configs/public/rules/LocalAreaNetwork.yaml
[2026-07-14 09:52:54] [INFO] Downloading: https://raw.githubusercontent.com/ACL4SSR/ACL4SSR/refs/heads/master/Clash/BanAD.list
[2026-07-14 09:52:54] [INFO] Downloaded rule-provider BanAD -> ./public/rules/BanAD.yaml
[2026-07-14 09:52:54] [INFO] Updated rule-provider BanAD URL to https://cdn.honglin.ac.cn/statically/gh/flinhong/configs/public/rules/BanAD.yaml
[2026-07-14 09:52:54] [INFO] Downloading: https://raw.githubusercontent.com/ACL4SSR/ACL4SSR/refs/heads/master/Clash/BanProgramAD.list
[2026-07-14 09:52:54] [INFO] Downloaded rule-provider BanProgramAD -> ./public/rules/BanProgramAD.yaml
[2026-07-14 09:52:54] [INFO] Updated rule-provider BanProgramAD URL to https://cdn.honglin.ac.cn/statically/gh/flinhong/configs/public/rules/BanProgramAD.yaml
[2026-07-14 09:52:54] [INFO] Downloading: https://raw.githubusercontent.com/ACL4SSR/ACL4SSR/refs/heads/master/Clash/BanEasyList.list
[2026-07-14 09:52:55] [INFO] Downloaded rule-provider BanEasyList -> ./public/rules/BanEasyList.yaml
[2026-07-14 09:52:55] [INFO] Updated rule-provider BanEasyList URL to https://cdn.honglin.ac.cn/statically/gh/flinhong/configs/public/rules/BanEasyList.yaml
[2026-07-14 09:52:55] [INFO] Downloading: https://raw.githubusercontent.com/ACL4SSR/ACL4SSR/refs/heads/master/Clash/BanEasyListChina.list
[2026-07-14 09:52:55] [INFO] Downloaded rule-provider BanEasyListChina -> ./public/rules/BanEasyListChina.yaml
[2026-07-14 09:52:55] [INFO] Updated rule-provider BanEasyListChina URL to https://cdn.honglin.ac.cn/statically/gh/flinhong/configs/public/rules/BanEasyListChina.yaml
[2026-07-14 09:52:55] [INFO] Downloading: https://raw.githubusercontent.com/ACL4SSR/ACL4SSR/refs/heads/master/Clash/BanEasyPrivacy.list
[2026-07-14 09:52:56] [INFO] Downloaded rule-provider BanEasyPrivacy -> ./public/rules/BanEasyPrivacy.yaml
[2026-07-14 09:52:56] [INFO] Updated rule-provider BanEasyPrivacy URL to https://cdn.honglin.ac.cn/statically/gh/flinhong/configs/public/rules/BanEasyPrivacy.yaml
[2026-07-14 09:52:56] [INFO] Downloading: https://raw.githubusercontent.com/ACL4SSR/ACL4SSR/refs/heads/master/Clash/GoogleCN.list
[2026-07-14 09:52:56] [INFO] Downloaded rule-provider GoogleCN -> ./public/rules/GoogleCN.yaml
[2026-07-14 09:52:56] [INFO] Updated rule-provider GoogleCN URL to https://cdn.honglin.ac.cn/statically/gh/flinhong/configs/public/rules/GoogleCN.yaml
[2026-07-14 09:52:56] [INFO] Downloading: https://raw.githubusercontent.com/ACL4SSR/ACL4SSR/refs/heads/master/Clash/Ruleset/SteamCN.list
[2026-07-14 09:52:57] [INFO] Downloaded rule-provider SteamCN -> ./public/rules/SteamCN.yaml
[2026-07-14 09:52:57] [INFO] Updated rule-provider SteamCN URL to https://cdn.honglin.ac.cn/statically/gh/flinhong/configs/public/rules/SteamCN.yaml
[2026-07-14 09:52:57] [INFO] Downloading: https://raw.githubusercontent.com/ACL4SSR/ACL4SSR/refs/heads/master/Clash/Microsoft.list
[2026-07-14 09:52:57] [INFO] Downloaded rule-provider Microsoft -> ./public/rules/Microsoft.yaml
[2026-07-14 09:52:57] [INFO] Updated rule-provider Microsoft URL to https://cdn.honglin.ac.cn/statically/gh/flinhong/configs/public/rules/Microsoft.yaml
[2026-07-14 09:52:57] [INFO] Downloading: https://raw.githubusercontent.com/ACL4SSR/ACL4SSR/refs/heads/master/Clash/Apple.list
[2026-07-14 09:52:57] [INFO] Downloaded rule-provider Apple -> ./public/rules/Apple.yaml
[2026-07-14 09:52:57] [INFO] Updated rule-provider Apple URL to https://cdn.honglin.ac.cn/statically/gh/flinhong/configs/public/rules/Apple.yaml
[2026-07-14 09:52:57] [INFO] Downloading: https://raw.githubusercontent.com/ACL4SSR/ACL4SSR/refs/heads/master/Clash/ProxyMedia.list
[2026-07-14 09:52:57] [INFO] Downloaded rule-provider ProxyMedia -> ./public/rules/ProxyMedia.yaml
[2026-07-14 09:52:57] [INFO] Updated rule-provider ProxyMedia URL to https://cdn.honglin.ac.cn/statically/gh/flinhong/configs/public/rules/ProxyMedia.yaml
[2026-07-14 09:52:57] [INFO] Downloading: https://raw.githubusercontent.com/ACL4SSR/ACL4SSR/refs/heads/master/Clash/Telegram.list
[2026-07-14 09:52:57] [INFO] Downloaded rule-provider Telegram -> ./public/rules/Telegram.yaml
[2026-07-14 09:52:57] [INFO] Updated rule-provider Telegram URL to https://cdn.honglin.ac.cn/statically/gh/flinhong/configs/public/rules/Telegram.yaml
[2026-07-14 09:52:57] [INFO] Downloading: https://raw.githubusercontent.com/ACL4SSR/ACL4SSR/refs/heads/master/Clash/ProxyLite.list
[2026-07-14 09:52:57] [INFO] Downloaded rule-provider ProxyLite -> ./public/rules/ProxyLite.yaml
[2026-07-14 09:52:57] [INFO] Updated rule-provider ProxyLite URL to https://cdn.honglin.ac.cn/statically/gh/flinhong/configs/public/rules/ProxyLite.yaml
[2026-07-14 09:52:57] [INFO] Downloading: https://raw.githubusercontent.com/ACL4SSR/ACL4SSR/refs/heads/master/Clash/ChinaDomain.list
[2026-07-14 09:52:58] [INFO] Downloaded rule-provider ChinaDomain -> ./public/rules/ChinaDomain.yaml
[2026-07-14 09:52:58] [INFO] Updated rule-provider ChinaDomain URL to https://cdn.honglin.ac.cn/statically/gh/flinhong/configs/public/rules/ChinaDomain.yaml
[2026-07-14 09:52:58] [INFO] Downloading: https://raw.githubusercontent.com/ACL4SSR/ACL4SSR/refs/heads/master/Clash/ChinaCompanyIp.list
[2026-07-14 09:52:58] [INFO] Downloaded rule-provider ChinaCompanyIp -> ./public/rules/ChinaCompanyIp.yaml
[2026-07-14 09:52:58] [INFO] Updated rule-provider ChinaCompanyIp URL to https://cdn.honglin.ac.cn/statically/gh/flinhong/configs/public/rules/ChinaCompanyIp.yaml
[2026-07-14 09:52:58] [INFO] Fetching extra proxies...
[2026-07-14 09:52:58] [INFO] All date-based sources have today's file available, using today
[2026-07-14 09:52:58] [INFO] Downloading: https://raw.githubusercontent.com/zhangkaiitugithub/passcro/main/speednodes.yaml
[2026-07-14 09:52:58] [INFO] Downloading: https://raw.githubusercontent.com/peasoft/NoMoreWalls/master/list.yml
[2026-07-14 09:52:58] [INFO] Downloading: https://raw.githubusercontent.com/mahdibland/SSAggregator/master/sub/sub_merge_yaml.yml
[2026-07-14 09:52:58] [INFO] Downloading: https://raw.githubusercontent.com/ts-sf/fly/main/clash
[2026-07-14 09:53:01] [INFO] Fetched 3404 unique proxies for Load Balancer.
[2026-07-14 09:53:01] [INFO] Downloading: https://node.nodefree.me/2026/07/20260714.yaml
[2026-07-14 09:53:01] [INFO] Downloading: https://static.v2rayshare.net/2026/07/20260714.yaml
[2026-07-14 09:53:01] [INFO] Downloading: https://tt.vg/freeclash
[2026-07-14 09:53:01] [INFO] Downloading: https://raw.githubusercontent.com/Ruk1ng001/freeSub/main/clash.yaml
[2026-07-14 09:53:01] [INFO] Downloading: https://raw.githubusercontent.com/free18/v2ray/main/c.yaml
[2026-07-14 09:53:02] [WARNING] Filtered proxy 免费VPN：https://tt.vg/FJOE2Mm: reality-opts short-id '' missing or invalid
[2026-07-14 09:53:02] [WARNING] Filtered proxy 🇷🇺_俄罗斯_49: reality-opts short-id '' missing or invalid
[2026-07-14 09:53:02] [WARNING] Filtered proxy 🇺🇸_美国_57: reality-opts short-id '' missing or invalid
[2026-07-14 09:53:02] [WARNING] Filtered proxy 🇫🇮_芬兰_65: reality-opts short-id '' missing or invalid
[2026-07-14 09:53:02] [WARNING] Filtered proxy 🟢🇫🇮[🎬🤖📺🎭]_github.com/Ruk1ng001_bda330c4: reality-opts short-id '' missing or invalid
[2026-07-14 09:53:02] [INFO] Fetched 150 unique proxies for Auto Select.
[2026-07-14 09:53:02] [INFO] Filtered original proxies: 24 remaining
[2026-07-14 09:53:03] [INFO] Successfully wrote config to ./public/subscribe/clash.yml
[2026-07-14 21:18:26] [INFO] Downloading: https://www.ermao.net/sub/clash/ermao.net
[2026-07-14 21:18:27] [INFO] Main subscription fetched and parsed.
[2026-07-14 21:18:27] [INFO] Downloading rule-providers...
[2026-07-14 21:18:27] [INFO] Downloading: https://raw.githubusercontent.com/ACL4SSR/ACL4SSR/refs/heads/master/Clash/LocalAreaNetwork.list
[2026-07-14 21:18:27] [INFO] Downloaded rule-provider LocalAreaNetwork -> ./public/rules/LocalAreaNetwork.yaml
[2026-07-14 21:18:27] [INFO] Updated rule-provider LocalAreaNetwork URL to https://cdn.honglin.ac.cn/statically/gh/flinhong/configs/public/rules/LocalAreaNetwork.yaml
[2026-07-14 21:18:27] [INFO] Downloading: https://raw.githubusercontent.com/ACL4SSR/ACL4SSR/refs/heads/master/Clash/BanAD.list
[2026-07-14 21:18:27] [INFO] Downloaded rule-provider BanAD -> ./public/rules/BanAD.yaml
[2026-07-14 21:18:27] [INFO] Updated rule-provider BanAD URL to https://cdn.honglin.ac.cn/statically/gh/flinhong/configs/public/rules/BanAD.yaml
[2026-07-14 21:18:27] [INFO] Downloading: https://raw.githubusercontent.com/ACL4SSR/ACL4SSR/refs/heads/master/Clash/BanProgramAD.list
[2026-07-14 21:18:27] [INFO] Downloaded rule-provider BanProgramAD -> ./public/rules/BanProgramAD.yaml
[2026-07-14 21:18:27] [INFO] Updated rule-provider BanProgramAD URL to https://cdn.honglin.ac.cn/statically/gh/flinhong/configs/public/rules/BanProgramAD.yaml
[2026-07-14 21:18:27] [INFO] Downloading: https://raw.githubusercontent.com/ACL4SSR/ACL4SSR/refs/heads/master/Clash/BanEasyList.list
[2026-07-14 21:18:27] [INFO] Downloaded rule-provider BanEasyList -> ./public/rules/BanEasyList.yaml
[2026-07-14 21:18:27] [INFO] Updated rule-provider BanEasyList URL to https://cdn.honglin.ac.cn/statically/gh/flinhong/configs/public/rules/BanEasyList.yaml
[2026-07-14 21:18:27] [INFO] Downloading: https://raw.githubusercontent.com/ACL4SSR/ACL4SSR/refs/heads/master/Clash/BanEasyListChina.list
[2026-07-14 21:18:28] [INFO] Downloaded rule-provider BanEasyListChina -> ./public/rules/BanEasyListChina.yaml
[2026-07-14 21:18:28] [INFO] Updated rule-provider BanEasyListChina URL to https://cdn.honglin.ac.cn/statically/gh/flinhong/configs/public/rules/BanEasyListChina.yaml
[2026-07-14 21:18:28] [INFO] Downloading: https://raw.githubusercontent.com/ACL4SSR/ACL4SSR/refs/heads/master/Clash/BanEasyPrivacy.list
[2026-07-14 21:18:28] [INFO] Downloaded rule-provider BanEasyPrivacy -> ./public/rules/BanEasyPrivacy.yaml
[2026-07-14 21:18:28] [INFO] Updated rule-provider BanEasyPrivacy URL to https://cdn.honglin.ac.cn/statically/gh/flinhong/configs/public/rules/BanEasyPrivacy.yaml
[2026-07-14 21:18:28] [INFO] Downloading: https://raw.githubusercontent.com/ACL4SSR/ACL4SSR/refs/heads/master/Clash/GoogleCN.list
[2026-07-14 21:18:28] [INFO] Downloaded rule-provider GoogleCN -> ./public/rules/GoogleCN.yaml
[2026-07-14 21:18:28] [INFO] Updated rule-provider GoogleCN URL to https://cdn.honglin.ac.cn/statically/gh/flinhong/configs/public/rules/GoogleCN.yaml
[2026-07-14 21:18:28] [INFO] Downloading: https://raw.githubusercontent.com/ACL4SSR/ACL4SSR/refs/heads/master/Clash/Ruleset/SteamCN.list
[2026-07-14 21:18:28] [INFO] Downloaded rule-provider SteamCN -> ./public/rules/SteamCN.yaml
[2026-07-14 21:18:28] [INFO] Updated rule-provider SteamCN URL to https://cdn.honglin.ac.cn/statically/gh/flinhong/configs/public/rules/SteamCN.yaml
[2026-07-14 21:18:28] [INFO] Downloading: https://raw.githubusercontent.com/ACL4SSR/ACL4SSR/refs/heads/master/Clash/Microsoft.list
[2026-07-14 21:18:28] [INFO] Downloaded rule-provider Microsoft -> ./public/rules/Microsoft.yaml
[2026-07-14 21:18:28] [INFO] Updated rule-provider Microsoft URL to https://cdn.honglin.ac.cn/statically/gh/flinhong/configs/public/rules/Microsoft.yaml
[2026-07-14 21:18:28] [INFO] Downloading: https://raw.githubusercontent.com/ACL4SSR/ACL4SSR/refs/heads/master/Clash/Apple.list
[2026-07-14 21:18:29] [INFO] Downloaded rule-provider Apple -> ./public/rules/Apple.yaml
[2026-07-14 21:18:29] [INFO] Updated rule-provider Apple URL to https://cdn.honglin.ac.cn/statically/gh/flinhong/configs/public/rules/Apple.yaml
[2026-07-14 21:18:29] [INFO] Downloading: https://raw.githubusercontent.com/ACL4SSR/ACL4SSR/refs/heads/master/Clash/ProxyMedia.list
[2026-07-14 21:18:29] [INFO] Downloaded rule-provider ProxyMedia -> ./public/rules/ProxyMedia.yaml
[2026-07-14 21:18:29] [INFO] Updated rule-provider ProxyMedia URL to https://cdn.honglin.ac.cn/statically/gh/flinhong/configs/public/rules/ProxyMedia.yaml
[2026-07-14 21:18:29] [INFO] Downloading: https://raw.githubusercontent.com/ACL4SSR/ACL4SSR/refs/heads/master/Clash/Telegram.list
[2026-07-14 21:18:29] [INFO] Downloaded rule-provider Telegram -> ./public/rules/Telegram.yaml
[2026-07-14 21:18:29] [INFO] Updated rule-provider Telegram URL to https://cdn.honglin.ac.cn/statically/gh/flinhong/configs/public/rules/Telegram.yaml
[2026-07-14 21:18:29] [INFO] Downloading: https://raw.githubusercontent.com/ACL4SSR/ACL4SSR/refs/heads/master/Clash/ProxyLite.list
[2026-07-14 21:18:29] [INFO] Downloaded rule-provider ProxyLite -> ./public/rules/ProxyLite.yaml
[2026-07-14 21:18:29] [INFO] Updated rule-provider ProxyLite URL to https://cdn.honglin.ac.cn/statically/gh/flinhong/configs/public/rules/ProxyLite.yaml
[2026-07-14 21:18:29] [INFO] Downloading: https://raw.githubusercontent.com/ACL4SSR/ACL4SSR/refs/heads/master/Clash/ChinaDomain.list
[2026-07-14 21:18:30] [INFO] Downloaded rule-provider ChinaDomain -> ./public/rules/ChinaDomain.yaml
[2026-07-14 21:18:30] [INFO] Updated rule-provider ChinaDomain URL to https://cdn.honglin.ac.cn/statically/gh/flinhong/configs/public/rules/ChinaDomain.yaml
[2026-07-14 21:18:30] [INFO] Downloading: https://raw.githubusercontent.com/ACL4SSR/ACL4SSR/refs/heads/master/Clash/ChinaCompanyIp.list
[2026-07-14 21:18:30] [INFO] Downloaded rule-provider ChinaCompanyIp -> ./public/rules/ChinaCompanyIp.yaml
[2026-07-14 21:18:30] [INFO] Updated rule-provider ChinaCompanyIp URL to https://cdn.honglin.ac.cn/statically/gh/flinhong/configs/public/rules/ChinaCompanyIp.yaml
[2026-07-14 21:18:30] [INFO] Fetching extra proxies...
[2026-07-14 21:18:30] [INFO] All date-based sources have today's file available, using today
[2026-07-14 21:18:30] [INFO] Downloading: https://raw.githubusercontent.com/zhangkaiitugithub/passcro/main/speednodes.yaml
[2026-07-14 21:18:30] [INFO] Downloading: https://raw.githubusercontent.com/peasoft/NoMoreWalls/master/list.yml
[2026-07-14 21:18:30] [INFO] Downloading: https://raw.githubusercontent.com/mahdibland/SSAggregator/master/sub/sub_merge_yaml.yml
[2026-07-14 21:18:30] [INFO] Downloading: https://raw.githubusercontent.com/ts-sf/fly/main/clash
[2026-07-14 21:18:34] [INFO] Fetched 3436 unique proxies for Load Balancer.
[2026-07-14 21:18:34] [INFO] Downloading: https://node.nodefree.me/2026/07/20260714.yaml
[2026-07-14 21:18:34] [INFO] Downloading: https://raw.githubusercontent.com/free18/v2ray/main/c.yaml
[2026-07-14 21:18:34] [INFO] Downloading: https://tt.vg/freeclash
[2026-07-14 21:18:34] [INFO] Downloading: https://raw.githubusercontent.com/Ruk1ng001/freeSub/main/clash.yaml
[2026-07-14 21:18:34] [INFO] Downloading: https://static.v2rayshare.net/2026/07/20260714.yaml
[2026-07-14 21:18:34] [INFO] Fetched 277 unique proxies for Auto Select.
[2026-07-14 21:18:34] [INFO] Filtered original proxies: 13 remaining
[2026-07-14 21:18:35] [INFO] Successfully wrote config to ./public/subscribe/clash.yml
[2026-07-15 09:49:32] [INFO] Downloading: https://www.ermao.net/sub/clash/ermao.net
[2026-07-15 09:49:33] [INFO] Main subscription fetched and parsed.
[2026-07-15 09:49:33] [INFO] Downloading rule-providers...
[2026-07-15 09:49:33] [INFO] Downloading: https://raw.githubusercontent.com/ACL4SSR/ACL4SSR/refs/heads/master/Clash/LocalAreaNetwork.list
[2026-07-15 09:49:33] [INFO] Downloaded rule-provider LocalAreaNetwork -> ./public/rules/LocalAreaNetwork.yaml
[2026-07-15 09:49:33] [INFO] Updated rule-provider LocalAreaNetwork URL to https://cdn.honglin.ac.cn/statically/gh/flinhong/configs/public/rules/LocalAreaNetwork.yaml
[2026-07-15 09:49:33] [INFO] Downloading: https://raw.githubusercontent.com/ACL4SSR/ACL4SSR/refs/heads/master/Clash/BanAD.list
[2026-07-15 09:49:33] [INFO] Downloaded rule-provider BanAD -> ./public/rules/BanAD.yaml
[2026-07-15 09:49:33] [INFO] Updated rule-provider BanAD URL to https://cdn.honglin.ac.cn/statically/gh/flinhong/configs/public/rules/BanAD.yaml
[2026-07-15 09:49:33] [INFO] Downloading: https://raw.githubusercontent.com/ACL4SSR/ACL4SSR/refs/heads/master/Clash/BanProgramAD.list
[2026-07-15 09:49:33] [INFO] Downloaded rule-provider BanProgramAD -> ./public/rules/BanProgramAD.yaml
[2026-07-15 09:49:33] [INFO] Updated rule-provider BanProgramAD URL to https://cdn.honglin.ac.cn/statically/gh/flinhong/configs/public/rules/BanProgramAD.yaml
[2026-07-15 09:49:33] [INFO] Downloading: https://raw.githubusercontent.com/ACL4SSR/ACL4SSR/refs/heads/master/Clash/BanEasyList.list
[2026-07-15 09:49:33] [INFO] Downloaded rule-provider BanEasyList -> ./public/rules/BanEasyList.yaml
[2026-07-15 09:49:33] [INFO] Updated rule-provider BanEasyList URL to https://cdn.honglin.ac.cn/statically/gh/flinhong/configs/public/rules/BanEasyList.yaml
[2026-07-15 09:49:33] [INFO] Downloading: https://raw.githubusercontent.com/ACL4SSR/ACL4SSR/refs/heads/master/Clash/BanEasyListChina.list
[2026-07-15 09:49:33] [INFO] Downloaded rule-provider BanEasyListChina -> ./public/rules/BanEasyListChina.yaml
[2026-07-15 09:49:33] [INFO] Updated rule-provider BanEasyListChina URL to https://cdn.honglin.ac.cn/statically/gh/flinhong/configs/public/rules/BanEasyListChina.yaml
[2026-07-15 09:49:33] [INFO] Downloading: https://raw.githubusercontent.com/ACL4SSR/ACL4SSR/refs/heads/master/Clash/BanEasyPrivacy.list
[2026-07-15 09:49:33] [INFO] Downloaded rule-provider BanEasyPrivacy -> ./public/rules/BanEasyPrivacy.yaml
[2026-07-15 09:49:33] [INFO] Updated rule-provider BanEasyPrivacy URL to https://cdn.honglin.ac.cn/statically/gh/flinhong/configs/public/rules/BanEasyPrivacy.yaml
[2026-07-15 09:49:33] [INFO] Downloading: https://raw.githubusercontent.com/ACL4SSR/ACL4SSR/refs/heads/master/Clash/GoogleCN.list
[2026-07-15 09:49:33] [INFO] Downloaded rule-provider GoogleCN -> ./public/rules/GoogleCN.yaml
[2026-07-15 09:49:33] [INFO] Updated rule-provider GoogleCN URL to https://cdn.honglin.ac.cn/statically/gh/flinhong/configs/public/rules/GoogleCN.yaml
[2026-07-15 09:49:33] [INFO] Downloading: https://raw.githubusercontent.com/ACL4SSR/ACL4SSR/refs/heads/master/Clash/Ruleset/SteamCN.list
[2026-07-15 09:49:34] [INFO] Downloaded rule-provider SteamCN -> ./public/rules/SteamCN.yaml
[2026-07-15 09:49:34] [INFO] Updated rule-provider SteamCN URL to https://cdn.honglin.ac.cn/statically/gh/flinhong/configs/public/rules/SteamCN.yaml
[2026-07-15 09:49:34] [INFO] Downloading: https://raw.githubusercontent.com/ACL4SSR/ACL4SSR/refs/heads/master/Clash/Microsoft.list
[2026-07-15 09:49:34] [INFO] Downloaded rule-provider Microsoft -> ./public/rules/Microsoft.yaml
[2026-07-15 09:49:34] [INFO] Updated rule-provider Microsoft URL to https://cdn.honglin.ac.cn/statically/gh/flinhong/configs/public/rules/Microsoft.yaml
[2026-07-15 09:49:34] [INFO] Downloading: https://raw.githubusercontent.com/ACL4SSR/ACL4SSR/refs/heads/master/Clash/Apple.list
[2026-07-15 09:49:34] [INFO] Downloaded rule-provider Apple -> ./public/rules/Apple.yaml
[2026-07-15 09:49:34] [INFO] Updated rule-provider Apple URL to https://cdn.honglin.ac.cn/statically/gh/flinhong/configs/public/rules/Apple.yaml
[2026-07-15 09:49:34] [INFO] Downloading: https://raw.githubusercontent.com/ACL4SSR/ACL4SSR/refs/heads/master/Clash/ProxyMedia.list
[2026-07-15 09:49:34] [INFO] Downloaded rule-provider ProxyMedia -> ./public/rules/ProxyMedia.yaml
[2026-07-15 09:49:34] [INFO] Updated rule-provider ProxyMedia URL to https://cdn.honglin.ac.cn/statically/gh/flinhong/configs/public/rules/ProxyMedia.yaml
[2026-07-15 09:49:34] [INFO] Downloading: https://raw.githubusercontent.com/ACL4SSR/ACL4SSR/refs/heads/master/Clash/Telegram.list
[2026-07-15 09:49:34] [INFO] Downloaded rule-provider Telegram -> ./public/rules/Telegram.yaml
[2026-07-15 09:49:34] [INFO] Updated rule-provider Telegram URL to https://cdn.honglin.ac.cn/statically/gh/flinhong/configs/public/rules/Telegram.yaml
[2026-07-15 09:49:34] [INFO] Downloading: https://raw.githubusercontent.com/ACL4SSR/ACL4SSR/refs/heads/master/Clash/ProxyLite.list
[2026-07-15 09:49:34] [INFO] Downloaded rule-provider ProxyLite -> ./public/rules/ProxyLite.yaml
[2026-07-15 09:49:34] [INFO] Updated rule-provider ProxyLite URL to https://cdn.honglin.ac.cn/statically/gh/flinhong/configs/public/rules/ProxyLite.yaml
[2026-07-15 09:49:34] [INFO] Downloading: https://raw.githubusercontent.com/ACL4SSR/ACL4SSR/refs/heads/master/Clash/ChinaDomain.list
[2026-07-15 09:49:34] [INFO] Downloaded rule-provider ChinaDomain -> ./public/rules/ChinaDomain.yaml
[2026-07-15 09:49:34] [INFO] Updated rule-provider ChinaDomain URL to https://cdn.honglin.ac.cn/statically/gh/flinhong/configs/public/rules/ChinaDomain.yaml
[2026-07-15 09:49:34] [INFO] Downloading: https://raw.githubusercontent.com/ACL4SSR/ACL4SSR/refs/heads/master/Clash/ChinaCompanyIp.list
[2026-07-15 09:49:34] [INFO] Downloaded rule-provider ChinaCompanyIp -> ./public/rules/ChinaCompanyIp.yaml
[2026-07-15 09:49:34] [INFO] Updated rule-provider ChinaCompanyIp URL to https://cdn.honglin.ac.cn/statically/gh/flinhong/configs/public/rules/ChinaCompanyIp.yaml
[2026-07-15 09:49:34] [INFO] Fetching extra proxies...
[2026-07-15 09:49:35] [INFO] All date-based sources have today's file available, using today
[2026-07-15 09:49:35] [INFO] Downloading: https://raw.githubusercontent.com/zhangkaiitugithub/passcro/main/speednodes.yaml
[2026-07-15 09:49:35] [INFO] Downloading: https://raw.githubusercontent.com/peasoft/NoMoreWalls/master/list.yml
[2026-07-15 09:49:35] [INFO] Downloading: https://raw.githubusercontent.com/mahdibland/SSAggregator/master/sub/sub_merge_yaml.yml
[2026-07-15 09:49:35] [INFO] Downloading: https://raw.githubusercontent.com/ts-sf/fly/main/clash
[2026-07-15 09:49:37] [INFO] Fetched 3250 unique proxies for Load Balancer.
[2026-07-15 09:49:37] [INFO] Downloading: https://node.nodefree.me/2026/07/20260715.yaml
[2026-07-15 09:49:37] [INFO] Downloading: https://static.v2rayshare.net/2026/07/20260715.yaml
[2026-07-15 09:49:37] [INFO] Downloading: https://tt.vg/freeclash
[2026-07-15 09:49:37] [INFO] Downloading: https://raw.githubusercontent.com/Ruk1ng001/freeSub/main/clash.yaml
[2026-07-15 09:49:37] [INFO] Downloading: https://raw.githubusercontent.com/free18/v2ray/main/c.yaml
[2026-07-15 09:49:38] [INFO] Fetched 259 unique proxies for Auto Select.
[2026-07-15 09:49:38] [WARNING] Filtered proxy 🇺🇸_US_美国_10: reality-opts short-id '' missing or invalid
[2026-07-15 09:49:38] [INFO] Filtered original proxies: 27 remaining
[2026-07-15 09:49:39] [INFO] Successfully wrote config to ./public/subscribe/clash.yml
[2026-07-15 21:22:02] [INFO] Downloading: https://www.ermao.net/sub/clash/ermao.net
[2026-07-15 21:22:03] [INFO] Main subscription fetched and parsed.
[2026-07-15 21:22:03] [INFO] Downloading rule-providers...
[2026-07-15 21:22:03] [INFO] Downloading: https://raw.githubusercontent.com/ACL4SSR/ACL4SSR/refs/heads/master/Clash/LocalAreaNetwork.list
[2026-07-15 21:22:03] [INFO] Downloaded rule-provider LocalAreaNetwork -> ./public/rules/LocalAreaNetwork.yaml
[2026-07-15 21:22:03] [INFO] Updated rule-provider LocalAreaNetwork URL to https://cdn.honglin.ac.cn/statically/gh/flinhong/configs/public/rules/LocalAreaNetwork.yaml
[2026-07-15 21:22:03] [INFO] Downloading: https://raw.githubusercontent.com/ACL4SSR/ACL4SSR/refs/heads/master/Clash/BanAD.list
[2026-07-15 21:22:03] [INFO] Downloaded rule-provider BanAD -> ./public/rules/BanAD.yaml
[2026-07-15 21:22:03] [INFO] Updated rule-provider BanAD URL to https://cdn.honglin.ac.cn/statically/gh/flinhong/configs/public/rules/BanAD.yaml
[2026-07-15 21:22:03] [INFO] Downloading: https://raw.githubusercontent.com/ACL4SSR/ACL4SSR/refs/heads/master/Clash/BanProgramAD.list
[2026-07-15 21:22:03] [INFO] Downloaded rule-provider BanProgramAD -> ./public/rules/BanProgramAD.yaml
[2026-07-15 21:22:03] [INFO] Updated rule-provider BanProgramAD URL to https://cdn.honglin.ac.cn/statically/gh/flinhong/configs/public/rules/BanProgramAD.yaml
[2026-07-15 21:22:03] [INFO] Downloading: https://raw.githubusercontent.com/ACL4SSR/ACL4SSR/refs/heads/master/Clash/BanEasyList.list
[2026-07-15 21:22:03] [INFO] Downloaded rule-provider BanEasyList -> ./public/rules/BanEasyList.yaml
[2026-07-15 21:22:03] [INFO] Updated rule-provider BanEasyList URL to https://cdn.honglin.ac.cn/statically/gh/flinhong/configs/public/rules/BanEasyList.yaml
[2026-07-15 21:22:03] [INFO] Downloading: https://raw.githubusercontent.com/ACL4SSR/ACL4SSR/refs/heads/master/Clash/BanEasyListChina.list
[2026-07-15 21:22:03] [INFO] Downloaded rule-provider BanEasyListChina -> ./public/rules/BanEasyListChina.yaml
[2026-07-15 21:22:03] [INFO] Updated rule-provider BanEasyListChina URL to https://cdn.honglin.ac.cn/statically/gh/flinhong/configs/public/rules/BanEasyListChina.yaml
[2026-07-15 21:22:03] [INFO] Downloading: https://raw.githubusercontent.com/ACL4SSR/ACL4SSR/refs/heads/master/Clash/BanEasyPrivacy.list
[2026-07-15 21:22:04] [INFO] Downloaded rule-provider BanEasyPrivacy -> ./public/rules/BanEasyPrivacy.yaml
[2026-07-15 21:22:04] [INFO] Updated rule-provider BanEasyPrivacy URL to https://cdn.honglin.ac.cn/statically/gh/flinhong/configs/public/rules/BanEasyPrivacy.yaml
[2026-07-15 21:22:04] [INFO] Downloading: https://raw.githubusercontent.com/ACL4SSR/ACL4SSR/refs/heads/master/Clash/GoogleCN.list
[2026-07-15 21:22:04] [INFO] Downloaded rule-provider GoogleCN -> ./public/rules/GoogleCN.yaml
[2026-07-15 21:22:04] [INFO] Updated rule-provider GoogleCN URL to https://cdn.honglin.ac.cn/statically/gh/flinhong/configs/public/rules/GoogleCN.yaml
[2026-07-15 21:22:04] [INFO] Downloading: https://raw.githubusercontent.com/ACL4SSR/ACL4SSR/refs/heads/master/Clash/Ruleset/SteamCN.list
[2026-07-15 21:22:04] [INFO] Downloaded rule-provider SteamCN -> ./public/rules/SteamCN.yaml
[2026-07-15 21:22:04] [INFO] Updated rule-provider SteamCN URL to https://cdn.honglin.ac.cn/statically/gh/flinhong/configs/public/rules/SteamCN.yaml
[2026-07-15 21:22:04] [INFO] Downloading: https://raw.githubusercontent.com/ACL4SSR/ACL4SSR/refs/heads/master/Clash/Microsoft.list
[2026-07-15 21:22:04] [INFO] Downloaded rule-provider Microsoft -> ./public/rules/Microsoft.yaml
[2026-07-15 21:22:04] [INFO] Updated rule-provider Microsoft URL to https://cdn.honglin.ac.cn/statically/gh/flinhong/configs/public/rules/Microsoft.yaml
[2026-07-15 21:22:04] [INFO] Downloading: https://raw.githubusercontent.com/ACL4SSR/ACL4SSR/refs/heads/master/Clash/Apple.list
[2026-07-15 21:22:04] [INFO] Downloaded rule-provider Apple -> ./public/rules/Apple.yaml
[2026-07-15 21:22:04] [INFO] Updated rule-provider Apple URL to https://cdn.honglin.ac.cn/statically/gh/flinhong/configs/public/rules/Apple.yaml
[2026-07-15 21:22:04] [INFO] Downloading: https://raw.githubusercontent.com/ACL4SSR/ACL4SSR/refs/heads/master/Clash/ProxyMedia.list
[2026-07-15 21:22:04] [INFO] Downloaded rule-provider ProxyMedia -> ./public/rules/ProxyMedia.yaml
[2026-07-15 21:22:04] [INFO] Updated rule-provider ProxyMedia URL to https://cdn.honglin.ac.cn/statically/gh/flinhong/configs/public/rules/ProxyMedia.yaml
[2026-07-15 21:22:04] [INFO] Downloading: https://raw.githubusercontent.com/ACL4SSR/ACL4SSR/refs/heads/master/Clash/Telegram.list
[2026-07-15 21:22:04] [INFO] Downloaded rule-provider Telegram -> ./public/rules/Telegram.yaml
[2026-07-15 21:22:04] [INFO] Updated rule-provider Telegram URL to https://cdn.honglin.ac.cn/statically/gh/flinhong/configs/public/rules/Telegram.yaml
[2026-07-15 21:22:04] [INFO] Downloading: https://raw.githubusercontent.com/ACL4SSR/ACL4SSR/refs/heads/master/Clash/ProxyLite.list
[2026-07-15 21:22:05] [INFO] Downloaded rule-provider ProxyLite -> ./public/rules/ProxyLite.yaml
[2026-07-15 21:22:05] [INFO] Updated rule-provider ProxyLite URL to https://cdn.honglin.ac.cn/statically/gh/flinhong/configs/public/rules/ProxyLite.yaml
[2026-07-15 21:22:05] [INFO] Downloading: https://raw.githubusercontent.com/ACL4SSR/ACL4SSR/refs/heads/master/Clash/ChinaDomain.list
[2026-07-15 21:22:05] [INFO] Downloaded rule-provider ChinaDomain -> ./public/rules/ChinaDomain.yaml
[2026-07-15 21:22:05] [INFO] Updated rule-provider ChinaDomain URL to https://cdn.honglin.ac.cn/statically/gh/flinhong/configs/public/rules/ChinaDomain.yaml
[2026-07-15 21:22:05] [INFO] Downloading: https://raw.githubusercontent.com/ACL4SSR/ACL4SSR/refs/heads/master/Clash/ChinaCompanyIp.list
[2026-07-15 21:22:05] [INFO] Downloaded rule-provider ChinaCompanyIp -> ./public/rules/ChinaCompanyIp.yaml
[2026-07-15 21:22:05] [INFO] Updated rule-provider ChinaCompanyIp URL to https://cdn.honglin.ac.cn/statically/gh/flinhong/configs/public/rules/ChinaCompanyIp.yaml
[2026-07-15 21:22:05] [INFO] Fetching extra proxies...
[2026-07-15 21:22:05] [INFO] All date-based sources have today's file available, using today
[2026-07-15 21:22:05] [INFO] Downloading: https://raw.githubusercontent.com/zhangkaiitugithub/passcro/main/speednodes.yaml
[2026-07-15 21:22:05] [INFO] Downloading: https://raw.githubusercontent.com/peasoft/NoMoreWalls/master/list.yml
[2026-07-15 21:22:05] [INFO] Downloading: https://raw.githubusercontent.com/mahdibland/SSAggregator/master/sub/sub_merge_yaml.yml
[2026-07-15 21:22:05] [INFO] Downloading: https://raw.githubusercontent.com/ts-sf/fly/main/clash
[2026-07-15 21:22:08] [INFO] Fetched 3309 unique proxies for Load Balancer.
[2026-07-15 21:22:08] [INFO] Downloading: https://node.nodefree.me/2026/07/20260715.yaml
[2026-07-15 21:22:08] [INFO] Downloading: https://static.v2rayshare.net/2026/07/20260715.yaml
[2026-07-15 21:22:08] [INFO] Downloading: https://tt.vg/freeclash
[2026-07-15 21:22:08] [INFO] Downloading: https://raw.githubusercontent.com/Ruk1ng001/freeSub/main/clash.yaml
[2026-07-15 21:22:08] [INFO] Downloading: https://raw.githubusercontent.com/free18/v2ray/main/c.yaml
[2026-07-15 21:22:08] [WARNING] Filtered proxy 🟢🇩🇪[🎬🤖📺🎭]_github.com/Ruk1ng001_1234e74d: reality-opts short-id '' missing or invalid
[2026-07-15 21:22:09] [WARNING] Filtered proxy 🇷🇺_俄罗斯_7: reality-opts short-id '' missing or invalid
[2026-07-15 21:22:09] [INFO] Fetched 166 unique proxies for Auto Select.
[2026-07-15 21:22:09] [INFO] Filtered original proxies: 25 remaining
[2026-07-15 21:22:10] [INFO] Successfully wrote config to ./public/subscribe/clash.yml
[2026-07-16 09:59:59] [INFO] Downloading: https://www.ermao.net/sub/clash/ermao.net
[2026-07-16 09:59:59] [INFO] Main subscription fetched and parsed.
[2026-07-16 09:59:59] [INFO] Downloading rule-providers...
[2026-07-16 09:59:59] [INFO] Downloading: https://raw.githubusercontent.com/ACL4SSR/ACL4SSR/refs/heads/master/Clash/LocalAreaNetwork.list
[2026-07-16 09:59:59] [INFO] Downloaded rule-provider LocalAreaNetwork -> ./public/rules/LocalAreaNetwork.yaml
[2026-07-16 09:59:59] [INFO] Updated rule-provider LocalAreaNetwork URL to https://cdn.honglin.ac.cn/statically/gh/flinhong/configs/public/rules/LocalAreaNetwork.yaml
[2026-07-16 09:59:59] [INFO] Downloading: https://raw.githubusercontent.com/ACL4SSR/ACL4SSR/refs/heads/master/Clash/BanAD.list
[2026-07-16 09:59:59] [INFO] Downloaded rule-provider BanAD -> ./public/rules/BanAD.yaml
[2026-07-16 09:59:59] [INFO] Updated rule-provider BanAD URL to https://cdn.honglin.ac.cn/statically/gh/flinhong/configs/public/rules/BanAD.yaml
[2026-07-16 09:59:59] [INFO] Downloading: https://raw.githubusercontent.com/ACL4SSR/ACL4SSR/refs/heads/master/Clash/BanProgramAD.list
[2026-07-16 09:59:59] [INFO] Downloaded rule-provider BanProgramAD -> ./public/rules/BanProgramAD.yaml
[2026-07-16 09:59:59] [INFO] Updated rule-provider BanProgramAD URL to https://cdn.honglin.ac.cn/statically/gh/flinhong/configs/public/rules/BanProgramAD.yaml
[2026-07-16 09:59:59] [INFO] Downloading: https://raw.githubusercontent.com/ACL4SSR/ACL4SSR/refs/heads/master/Clash/BanEasyList.list
[2026-07-16 09:59:59] [INFO] Downloaded rule-provider BanEasyList -> ./public/rules/BanEasyList.yaml
[2026-07-16 09:59:59] [INFO] Updated rule-provider BanEasyList URL to https://cdn.honglin.ac.cn/statically/gh/flinhong/configs/public/rules/BanEasyList.yaml
[2026-07-16 09:59:59] [INFO] Downloading: https://raw.githubusercontent.com/ACL4SSR/ACL4SSR/refs/heads/master/Clash/BanEasyListChina.list
[2026-07-16 10:00:00] [INFO] Downloaded rule-provider BanEasyListChina -> ./public/rules/BanEasyListChina.yaml
[2026-07-16 10:00:00] [INFO] Updated rule-provider BanEasyListChina URL to https://cdn.honglin.ac.cn/statically/gh/flinhong/configs/public/rules/BanEasyListChina.yaml
[2026-07-16 10:00:00] [INFO] Downloading: https://raw.githubusercontent.com/ACL4SSR/ACL4SSR/refs/heads/master/Clash/BanEasyPrivacy.list
[2026-07-16 10:00:00] [INFO] Downloaded rule-provider BanEasyPrivacy -> ./public/rules/BanEasyPrivacy.yaml
[2026-07-16 10:00:00] [INFO] Updated rule-provider BanEasyPrivacy URL to https://cdn.honglin.ac.cn/statically/gh/flinhong/configs/public/rules/BanEasyPrivacy.yaml
[2026-07-16 10:00:00] [INFO] Downloading: https://raw.githubusercontent.com/ACL4SSR/ACL4SSR/refs/heads/master/Clash/GoogleCN.list
[2026-07-16 10:00:00] [INFO] Downloaded rule-provider GoogleCN -> ./public/rules/GoogleCN.yaml
[2026-07-16 10:00:00] [INFO] Updated rule-provider GoogleCN URL to https://cdn.honglin.ac.cn/statically/gh/flinhong/configs/public/rules/GoogleCN.yaml
[2026-07-16 10:00:00] [INFO] Downloading: https://raw.githubusercontent.com/ACL4SSR/ACL4SSR/refs/heads/master/Clash/Ruleset/SteamCN.list
[2026-07-16 10:00:00] [INFO] Downloaded rule-provider SteamCN -> ./public/rules/SteamCN.yaml
[2026-07-16 10:00:00] [INFO] Updated rule-provider SteamCN URL to https://cdn.honglin.ac.cn/statically/gh/flinhong/configs/public/rules/SteamCN.yaml
[2026-07-16 10:00:00] [INFO] Downloading: https://raw.githubusercontent.com/ACL4SSR/ACL4SSR/refs/heads/master/Clash/Microsoft.list
[2026-07-16 10:00:02] [INFO] Downloaded rule-provider Microsoft -> ./public/rules/Microsoft.yaml
[2026-07-16 10:00:02] [INFO] Updated rule-provider Microsoft URL to https://cdn.honglin.ac.cn/statically/gh/flinhong/configs/public/rules/Microsoft.yaml
[2026-07-16 10:00:02] [INFO] Downloading: https://raw.githubusercontent.com/ACL4SSR/ACL4SSR/refs/heads/master/Clash/Apple.list
[2026-07-16 10:00:02] [INFO] Downloaded rule-provider Apple -> ./public/rules/Apple.yaml
[2026-07-16 10:00:02] [INFO] Updated rule-provider Apple URL to https://cdn.honglin.ac.cn/statically/gh/flinhong/configs/public/rules/Apple.yaml
[2026-07-16 10:00:02] [INFO] Downloading: https://raw.githubusercontent.com/ACL4SSR/ACL4SSR/refs/heads/master/Clash/ProxyMedia.list
[2026-07-16 10:00:02] [INFO] Downloaded rule-provider ProxyMedia -> ./public/rules/ProxyMedia.yaml
[2026-07-16 10:00:02] [INFO] Updated rule-provider ProxyMedia URL to https://cdn.honglin.ac.cn/statically/gh/flinhong/configs/public/rules/ProxyMedia.yaml
[2026-07-16 10:00:02] [INFO] Downloading: https://raw.githubusercontent.com/ACL4SSR/ACL4SSR/refs/heads/master/Clash/Telegram.list
[2026-07-16 10:00:02] [INFO] Downloaded rule-provider Telegram -> ./public/rules/Telegram.yaml
[2026-07-16 10:00:02] [INFO] Updated rule-provider Telegram URL to https://cdn.honglin.ac.cn/statically/gh/flinhong/configs/public/rules/Telegram.yaml
[2026-07-16 10:00:02] [INFO] Downloading: https://raw.githubusercontent.com/ACL4SSR/ACL4SSR/refs/heads/master/Clash/ProxyLite.list
[2026-07-16 10:00:02] [INFO] Downloaded rule-provider ProxyLite -> ./public/rules/ProxyLite.yaml
[2026-07-16 10:00:02] [INFO] Updated rule-provider ProxyLite URL to https://cdn.honglin.ac.cn/statically/gh/flinhong/configs/public/rules/ProxyLite.yaml
[2026-07-16 10:00:02] [INFO] Downloading: https://raw.githubusercontent.com/ACL4SSR/ACL4SSR/refs/heads/master/Clash/ChinaDomain.list
[2026-07-16 10:00:03] [INFO] Downloaded rule-provider ChinaDomain -> ./public/rules/ChinaDomain.yaml
[2026-07-16 10:00:03] [INFO] Updated rule-provider ChinaDomain URL to https://cdn.honglin.ac.cn/statically/gh/flinhong/configs/public/rules/ChinaDomain.yaml
[2026-07-16 10:00:03] [INFO] Downloading: https://raw.githubusercontent.com/ACL4SSR/ACL4SSR/refs/heads/master/Clash/ChinaCompanyIp.list
[2026-07-16 10:00:03] [INFO] Downloaded rule-provider ChinaCompanyIp -> ./public/rules/ChinaCompanyIp.yaml
[2026-07-16 10:00:03] [INFO] Updated rule-provider ChinaCompanyIp URL to https://cdn.honglin.ac.cn/statically/gh/flinhong/configs/public/rules/ChinaCompanyIp.yaml
[2026-07-16 10:00:03] [INFO] Fetching extra proxies...
[2026-07-16 10:00:03] [INFO] All date-based sources have today's file available, using today
[2026-07-16 10:00:03] [INFO] Downloading: https://raw.githubusercontent.com/zhangkaiitugithub/passcro/main/speednodes.yaml
[2026-07-16 10:00:03] [INFO] Downloading: https://raw.githubusercontent.com/peasoft/NoMoreWalls/master/list.yml
[2026-07-16 10:00:03] [INFO] Downloading: https://raw.githubusercontent.com/mahdibland/SSAggregator/master/sub/sub_merge_yaml.yml
[2026-07-16 10:00:03] [INFO] Downloading: https://raw.githubusercontent.com/ts-sf/fly/main/clash
[2026-07-16 10:00:07] [INFO] Fetched 3356 unique proxies for Load Balancer.
[2026-07-16 10:00:07] [INFO] Downloading: https://node.nodefree.me/2026/07/20260716.yaml
[2026-07-16 10:00:07] [INFO] Downloading: https://static.v2rayshare.net/2026/07/20260716.yaml
[2026-07-16 10:00:07] [INFO] Downloading: https://raw.githubusercontent.com/free18/v2ray/main/c.yaml
[2026-07-16 10:00:07] [INFO] Downloading: https://raw.githubusercontent.com/Ruk1ng001/freeSub/main/clash.yaml
[2026-07-16 10:00:07] [INFO] Downloading: https://tt.vg/freeclash
[2026-07-16 10:00:07] [WARNING] Filtered proxy 🟢🇩🇪[🎬🤖📺🎭]_github.com/Ruk1ng001_1234e74d: reality-opts short-id '' missing or invalid
[2026-07-16 10:00:08] [WARNING] Filtered proxy 🇷🇺_俄罗斯_7: reality-opts short-id '' missing or invalid
[2026-07-16 10:00:08] [INFO] Fetched 169 unique proxies for Auto Select.
[2026-07-16 10:00:08] [INFO] Filtered original proxies: 29 remaining
[2026-07-16 10:00:09] [INFO] Successfully wrote config to ./public/subscribe/clash.yml
[2026-07-16 21:28:41] [INFO] Downloading: https://www.ermao.net/sub/clash/ermao.net
[2026-07-16 21:28:42] [INFO] Main subscription fetched and parsed.
[2026-07-16 21:28:42] [INFO] Downloading rule-providers...
[2026-07-16 21:28:42] [INFO] Downloading: https://raw.githubusercontent.com/ACL4SSR/ACL4SSR/refs/heads/master/Clash/LocalAreaNetwork.list
[2026-07-16 21:28:42] [INFO] Downloaded rule-provider LocalAreaNetwork -> ./public/rules/LocalAreaNetwork.yaml
[2026-07-16 21:28:42] [INFO] Updated rule-provider LocalAreaNetwork URL to https://cdn.honglin.ac.cn/statically/gh/flinhong/configs/public/rules/LocalAreaNetwork.yaml
[2026-07-16 21:28:42] [INFO] Downloading: https://raw.githubusercontent.com/ACL4SSR/ACL4SSR/refs/heads/master/Clash/BanAD.list
[2026-07-16 21:28:42] [INFO] Downloaded rule-provider BanAD -> ./public/rules/BanAD.yaml
[2026-07-16 21:28:42] [INFO] Updated rule-provider BanAD URL to https://cdn.honglin.ac.cn/statically/gh/flinhong/configs/public/rules/BanAD.yaml
[2026-07-16 21:28:42] [INFO] Downloading: https://raw.githubusercontent.com/ACL4SSR/ACL4SSR/refs/heads/master/Clash/BanProgramAD.list
[2026-07-16 21:28:42] [INFO] Downloaded rule-provider BanProgramAD -> ./public/rules/BanProgramAD.yaml
[2026-07-16 21:28:42] [INFO] Updated rule-provider BanProgramAD URL to https://cdn.honglin.ac.cn/statically/gh/flinhong/configs/public/rules/BanProgramAD.yaml
[2026-07-16 21:28:42] [INFO] Downloading: https://raw.githubusercontent.com/ACL4SSR/ACL4SSR/refs/heads/master/Clash/BanEasyList.list
[2026-07-16 21:28:42] [INFO] Downloaded rule-provider BanEasyList -> ./public/rules/BanEasyList.yaml
[2026-07-16 21:28:42] [INFO] Updated rule-provider BanEasyList URL to https://cdn.honglin.ac.cn/statically/gh/flinhong/configs/public/rules/BanEasyList.yaml
[2026-07-16 21:28:42] [INFO] Downloading: https://raw.githubusercontent.com/ACL4SSR/ACL4SSR/refs/heads/master/Clash/BanEasyListChina.list
[2026-07-16 21:28:42] [INFO] Downloaded rule-provider BanEasyListChina -> ./public/rules/BanEasyListChina.yaml
[2026-07-16 21:28:42] [INFO] Updated rule-provider BanEasyListChina URL to https://cdn.honglin.ac.cn/statically/gh/flinhong/configs/public/rules/BanEasyListChina.yaml
[2026-07-16 21:28:42] [INFO] Downloading: https://raw.githubusercontent.com/ACL4SSR/ACL4SSR/refs/heads/master/Clash/BanEasyPrivacy.list
[2026-07-16 21:28:42] [INFO] Downloaded rule-provider BanEasyPrivacy -> ./public/rules/BanEasyPrivacy.yaml
[2026-07-16 21:28:42] [INFO] Updated rule-provider BanEasyPrivacy URL to https://cdn.honglin.ac.cn/statically/gh/flinhong/configs/public/rules/BanEasyPrivacy.yaml
[2026-07-16 21:28:42] [INFO] Downloading: https://raw.githubusercontent.com/ACL4SSR/ACL4SSR/refs/heads/master/Clash/GoogleCN.list
[2026-07-16 21:28:42] [INFO] Downloaded rule-provider GoogleCN -> ./public/rules/GoogleCN.yaml
[2026-07-16 21:28:42] [INFO] Updated rule-provider GoogleCN URL to https://cdn.honglin.ac.cn/statically/gh/flinhong/configs/public/rules/GoogleCN.yaml
[2026-07-16 21:28:42] [INFO] Downloading: https://raw.githubusercontent.com/ACL4SSR/ACL4SSR/refs/heads/master/Clash/Ruleset/SteamCN.list
[2026-07-16 21:28:42] [INFO] Downloaded rule-provider SteamCN -> ./public/rules/SteamCN.yaml
[2026-07-16 21:28:42] [INFO] Updated rule-provider SteamCN URL to https://cdn.honglin.ac.cn/statically/gh/flinhong/configs/public/rules/SteamCN.yaml
[2026-07-16 21:28:42] [INFO] Downloading: https://raw.githubusercontent.com/ACL4SSR/ACL4SSR/refs/heads/master/Clash/Microsoft.list
[2026-07-16 21:28:42] [INFO] Downloaded rule-provider Microsoft -> ./public/rules/Microsoft.yaml
[2026-07-16 21:28:42] [INFO] Updated rule-provider Microsoft URL to https://cdn.honglin.ac.cn/statically/gh/flinhong/configs/public/rules/Microsoft.yaml
[2026-07-16 21:28:42] [INFO] Downloading: https://raw.githubusercontent.com/ACL4SSR/ACL4SSR/refs/heads/master/Clash/Apple.list
[2026-07-16 21:28:42] [INFO] Downloaded rule-provider Apple -> ./public/rules/Apple.yaml
[2026-07-16 21:28:42] [INFO] Updated rule-provider Apple URL to https://cdn.honglin.ac.cn/statically/gh/flinhong/configs/public/rules/Apple.yaml
[2026-07-16 21:28:42] [INFO] Downloading: https://raw.githubusercontent.com/ACL4SSR/ACL4SSR/refs/heads/master/Clash/ProxyMedia.list
[2026-07-16 21:28:43] [INFO] Downloaded rule-provider ProxyMedia -> ./public/rules/ProxyMedia.yaml
[2026-07-16 21:28:43] [INFO] Updated rule-provider ProxyMedia URL to https://cdn.honglin.ac.cn/statically/gh/flinhong/configs/public/rules/ProxyMedia.yaml
[2026-07-16 21:28:43] [INFO] Downloading: https://raw.githubusercontent.com/ACL4SSR/ACL4SSR/refs/heads/master/Clash/Telegram.list
[2026-07-16 21:28:43] [INFO] Downloaded rule-provider Telegram -> ./public/rules/Telegram.yaml
[2026-07-16 21:28:43] [INFO] Updated rule-provider Telegram URL to https://cdn.honglin.ac.cn/statically/gh/flinhong/configs/public/rules/Telegram.yaml
[2026-07-16 21:28:43] [INFO] Downloading: https://raw.githubusercontent.com/ACL4SSR/ACL4SSR/refs/heads/master/Clash/ProxyLite.list
[2026-07-16 21:28:43] [INFO] Downloaded rule-provider ProxyLite -> ./public/rules/ProxyLite.yaml
[2026-07-16 21:28:43] [INFO] Updated rule-provider ProxyLite URL to https://cdn.honglin.ac.cn/statically/gh/flinhong/configs/public/rules/ProxyLite.yaml
[2026-07-16 21:28:43] [INFO] Downloading: https://raw.githubusercontent.com/ACL4SSR/ACL4SSR/refs/heads/master/Clash/ChinaDomain.list
[2026-07-16 21:28:43] [INFO] Downloaded rule-provider ChinaDomain -> ./public/rules/ChinaDomain.yaml
[2026-07-16 21:28:43] [INFO] Updated rule-provider ChinaDomain URL to https://cdn.honglin.ac.cn/statically/gh/flinhong/configs/public/rules/ChinaDomain.yaml
[2026-07-16 21:28:43] [INFO] Downloading: https://raw.githubusercontent.com/ACL4SSR/ACL4SSR/refs/heads/master/Clash/ChinaCompanyIp.list
[2026-07-16 21:28:43] [INFO] Downloaded rule-provider ChinaCompanyIp -> ./public/rules/ChinaCompanyIp.yaml
[2026-07-16 21:28:43] [INFO] Updated rule-provider ChinaCompanyIp URL to https://cdn.honglin.ac.cn/statically/gh/flinhong/configs/public/rules/ChinaCompanyIp.yaml
[2026-07-16 21:28:43] [INFO] Fetching extra proxies...
[2026-07-16 21:28:43] [INFO] All date-based sources have today's file available, using today
[2026-07-16 21:28:43] [INFO] Downloading: https://raw.githubusercontent.com/zhangkaiitugithub/passcro/main/speednodes.yaml
[2026-07-16 21:28:43] [INFO] Downloading: https://raw.githubusercontent.com/peasoft/NoMoreWalls/master/list.yml
[2026-07-16 21:28:43] [INFO] Downloading: https://raw.githubusercontent.com/mahdibland/SSAggregator/master/sub/sub_merge_yaml.yml
[2026-07-16 21:28:43] [INFO] Downloading: https://raw.githubusercontent.com/ts-sf/fly/main/clash
[2026-07-16 21:28:47] [INFO] Fetched 3335 unique proxies for Load Balancer.
[2026-07-16 21:28:47] [INFO] Downloading: https://node.nodefree.me/2026/07/20260716.yaml
[2026-07-16 21:28:47] [INFO] Downloading: https://static.v2rayshare.net/2026/07/20260716.yaml
[2026-07-16 21:28:47] [INFO] Downloading: https://tt.vg/freeclash
[2026-07-16 21:28:47] [INFO] Downloading: https://raw.githubusercontent.com/Ruk1ng001/freeSub/main/clash.yaml
[2026-07-16 21:28:47] [INFO] Downloading: https://raw.githubusercontent.com/free18/v2ray/main/c.yaml
[2026-07-16 21:28:47] [WARNING] Filtered proxy 🟢🇩🇪[🎬🤖📺🎭]_github.com/Ruk1ng001_1234e74d: reality-opts short-id '' missing or invalid
[2026-07-16 21:28:48] [WARNING] Filtered proxy 🇷🇺_俄罗斯_7: reality-opts short-id '' missing or invalid
[2026-07-16 21:28:48] [INFO] Fetched 181 unique proxies for Auto Select.
[2026-07-16 21:28:48] [INFO] Filtered original proxies: 20 remaining
[2026-07-16 21:28:49] [INFO] Successfully wrote config to ./public/subscribe/clash.yml
[2026-07-17 10:03:35] [INFO] Downloading: https://www.ermao.net/sub/clash/ermao.net
[2026-07-17 10:03:35] [INFO] Main subscription fetched and parsed.
[2026-07-17 10:03:35] [INFO] Downloading rule-providers...
[2026-07-17 10:03:35] [INFO] Downloading: https://raw.githubusercontent.com/ACL4SSR/ACL4SSR/refs/heads/master/Clash/LocalAreaNetwork.list
[2026-07-17 10:03:35] [INFO] Downloaded rule-provider LocalAreaNetwork -> ./public/rules/LocalAreaNetwork.yaml
[2026-07-17 10:03:35] [INFO] Updated rule-provider LocalAreaNetwork URL to https://cdn.honglin.ac.cn/statically/gh/flinhong/configs/public/rules/LocalAreaNetwork.yaml
[2026-07-17 10:03:35] [INFO] Downloading: https://raw.githubusercontent.com/ACL4SSR/ACL4SSR/refs/heads/master/Clash/BanAD.list
[2026-07-17 10:03:36] [INFO] Downloaded rule-provider BanAD -> ./public/rules/BanAD.yaml
[2026-07-17 10:03:36] [INFO] Updated rule-provider BanAD URL to https://cdn.honglin.ac.cn/statically/gh/flinhong/configs/public/rules/BanAD.yaml
[2026-07-17 10:03:36] [INFO] Downloading: https://raw.githubusercontent.com/ACL4SSR/ACL4SSR/refs/heads/master/Clash/BanProgramAD.list
[2026-07-17 10:03:36] [INFO] Downloaded rule-provider BanProgramAD -> ./public/rules/BanProgramAD.yaml
[2026-07-17 10:03:36] [INFO] Updated rule-provider BanProgramAD URL to https://cdn.honglin.ac.cn/statically/gh/flinhong/configs/public/rules/BanProgramAD.yaml
[2026-07-17 10:03:36] [INFO] Downloading: https://raw.githubusercontent.com/ACL4SSR/ACL4SSR/refs/heads/master/Clash/BanEasyList.list
[2026-07-17 10:03:36] [INFO] Downloaded rule-provider BanEasyList -> ./public/rules/BanEasyList.yaml
[2026-07-17 10:03:36] [INFO] Updated rule-provider BanEasyList URL to https://cdn.honglin.ac.cn/statically/gh/flinhong/configs/public/rules/BanEasyList.yaml
[2026-07-17 10:03:36] [INFO] Downloading: https://raw.githubusercontent.com/ACL4SSR/ACL4SSR/refs/heads/master/Clash/BanEasyListChina.list
[2026-07-17 10:03:36] [INFO] Downloaded rule-provider BanEasyListChina -> ./public/rules/BanEasyListChina.yaml
[2026-07-17 10:03:36] [INFO] Updated rule-provider BanEasyListChina URL to https://cdn.honglin.ac.cn/statically/gh/flinhong/configs/public/rules/BanEasyListChina.yaml
[2026-07-17 10:03:36] [INFO] Downloading: https://raw.githubusercontent.com/ACL4SSR/ACL4SSR/refs/heads/master/Clash/BanEasyPrivacy.list
[2026-07-17 10:03:36] [INFO] Downloaded rule-provider BanEasyPrivacy -> ./public/rules/BanEasyPrivacy.yaml
[2026-07-17 10:03:36] [INFO] Updated rule-provider BanEasyPrivacy URL to https://cdn.honglin.ac.cn/statically/gh/flinhong/configs/public/rules/BanEasyPrivacy.yaml
[2026-07-17 10:03:36] [INFO] Downloading: https://raw.githubusercontent.com/ACL4SSR/ACL4SSR/refs/heads/master/Clash/GoogleCN.list
[2026-07-17 10:03:36] [INFO] Downloaded rule-provider GoogleCN -> ./public/rules/GoogleCN.yaml
[2026-07-17 10:03:36] [INFO] Updated rule-provider GoogleCN URL to https://cdn.honglin.ac.cn/statically/gh/flinhong/configs/public/rules/GoogleCN.yaml
[2026-07-17 10:03:36] [INFO] Downloading: https://raw.githubusercontent.com/ACL4SSR/ACL4SSR/refs/heads/master/Clash/Ruleset/SteamCN.list
[2026-07-17 10:03:36] [INFO] Downloaded rule-provider SteamCN -> ./public/rules/SteamCN.yaml
[2026-07-17 10:03:36] [INFO] Updated rule-provider SteamCN URL to https://cdn.honglin.ac.cn/statically/gh/flinhong/configs/public/rules/SteamCN.yaml
[2026-07-17 10:03:36] [INFO] Downloading: https://raw.githubusercontent.com/ACL4SSR/ACL4SSR/refs/heads/master/Clash/Microsoft.list
[2026-07-17 10:03:36] [INFO] Downloaded rule-provider Microsoft -> ./public/rules/Microsoft.yaml
[2026-07-17 10:03:36] [INFO] Updated rule-provider Microsoft URL to https://cdn.honglin.ac.cn/statically/gh/flinhong/configs/public/rules/Microsoft.yaml
[2026-07-17 10:03:36] [INFO] Downloading: https://raw.githubusercontent.com/ACL4SSR/ACL4SSR/refs/heads/master/Clash/Apple.list
[2026-07-17 10:03:36] [INFO] Downloaded rule-provider Apple -> ./public/rules/Apple.yaml
[2026-07-17 10:03:36] [INFO] Updated rule-provider Apple URL to https://cdn.honglin.ac.cn/statically/gh/flinhong/configs/public/rules/Apple.yaml
[2026-07-17 10:03:36] [INFO] Downloading: https://raw.githubusercontent.com/ACL4SSR/ACL4SSR/refs/heads/master/Clash/ProxyMedia.list
[2026-07-17 10:03:36] [INFO] Downloaded rule-provider ProxyMedia -> ./public/rules/ProxyMedia.yaml
[2026-07-17 10:03:36] [INFO] Updated rule-provider ProxyMedia URL to https://cdn.honglin.ac.cn/statically/gh/flinhong/configs/public/rules/ProxyMedia.yaml
[2026-07-17 10:03:36] [INFO] Downloading: https://raw.githubusercontent.com/ACL4SSR/ACL4SSR/refs/heads/master/Clash/Telegram.list
[2026-07-17 10:03:36] [INFO] Downloaded rule-provider Telegram -> ./public/rules/Telegram.yaml
[2026-07-17 10:03:36] [INFO] Updated rule-provider Telegram URL to https://cdn.honglin.ac.cn/statically/gh/flinhong/configs/public/rules/Telegram.yaml
[2026-07-17 10:03:36] [INFO] Downloading: https://raw.githubusercontent.com/ACL4SSR/ACL4SSR/refs/heads/master/Clash/ProxyLite.list
[2026-07-17 10:03:36] [INFO] Downloaded rule-provider ProxyLite -> ./public/rules/ProxyLite.yaml
[2026-07-17 10:03:36] [INFO] Updated rule-provider ProxyLite URL to https://cdn.honglin.ac.cn/statically/gh/flinhong/configs/public/rules/ProxyLite.yaml
[2026-07-17 10:03:36] [INFO] Downloading: https://raw.githubusercontent.com/ACL4SSR/ACL4SSR/refs/heads/master/Clash/ChinaDomain.list
[2026-07-17 10:03:36] [INFO] Downloaded rule-provider ChinaDomain -> ./public/rules/ChinaDomain.yaml
[2026-07-17 10:03:36] [INFO] Updated rule-provider ChinaDomain URL to https://cdn.honglin.ac.cn/statically/gh/flinhong/configs/public/rules/ChinaDomain.yaml
[2026-07-17 10:03:36] [INFO] Downloading: https://raw.githubusercontent.com/ACL4SSR/ACL4SSR/refs/heads/master/Clash/ChinaCompanyIp.list
[2026-07-17 10:03:36] [INFO] Downloaded rule-provider ChinaCompanyIp -> ./public/rules/ChinaCompanyIp.yaml
[2026-07-17 10:03:36] [INFO] Updated rule-provider ChinaCompanyIp URL to https://cdn.honglin.ac.cn/statically/gh/flinhong/configs/public/rules/ChinaCompanyIp.yaml
[2026-07-17 10:03:36] [INFO] Fetching extra proxies...
[2026-07-17 10:03:37] [INFO] All date-based sources have today's file available, using today
[2026-07-17 10:03:37] [INFO] Downloading: https://raw.githubusercontent.com/zhangkaiitugithub/passcro/main/speednodes.yaml
[2026-07-17 10:03:37] [INFO] Downloading: https://raw.githubusercontent.com/peasoft/NoMoreWalls/master/list.yml
[2026-07-17 10:03:37] [INFO] Downloading: https://raw.githubusercontent.com/mahdibland/SSAggregator/master/sub/sub_merge_yaml.yml
[2026-07-17 10:03:37] [INFO] Downloading: https://raw.githubusercontent.com/ts-sf/fly/main/clash
[2026-07-17 10:03:41] [INFO] Fetched 3323 unique proxies for Load Balancer.
[2026-07-17 10:03:41] [INFO] Downloading: https://node.nodefree.me/2026/07/20260717.yaml
[2026-07-17 10:03:41] [INFO] Downloading: https://static.v2rayshare.net/2026/07/20260717.yaml
[2026-07-17 10:03:41] [INFO] Downloading: https://tt.vg/freeclash
[2026-07-17 10:03:41] [INFO] Downloading: https://raw.githubusercontent.com/Ruk1ng001/freeSub/main/clash.yaml
[2026-07-17 10:03:41] [INFO] Downloading: https://raw.githubusercontent.com/free18/v2ray/main/c.yaml
[2026-07-17 10:03:41] [WARNING] Filtered proxy 🟢🇩🇪[✈️🔍]_github.com/Ruk1ng001_1234e74d: reality-opts short-id '' missing or invalid
[2026-07-17 10:03:42] [WARNING] Filtered proxy 🇷🇺_俄罗斯_7: reality-opts short-id '' missing or invalid
[2026-07-17 10:03:42] [INFO] Fetched 175 unique proxies for Auto Select.
[2026-07-17 10:03:42] [INFO] Filtered original proxies: 26 remaining
[2026-07-17 10:03:43] [INFO] Successfully wrote config to ./public/subscribe/clash.yml
[2026-07-17 21:13:56] [INFO] Downloading: https://www.ermao.net/sub/clash/ermao.net
[2026-07-17 21:13:56] [INFO] Main subscription fetched and parsed.
[2026-07-17 21:13:56] [INFO] Downloading rule-providers...
[2026-07-17 21:13:56] [INFO] Downloading: https://raw.githubusercontent.com/ACL4SSR/ACL4SSR/refs/heads/master/Clash/LocalAreaNetwork.list
[2026-07-17 21:13:56] [INFO] Downloaded rule-provider LocalAreaNetwork -> ./public/rules/LocalAreaNetwork.yaml
[2026-07-17 21:13:56] [INFO] Updated rule-provider LocalAreaNetwork URL to https://cdn.honglin.ac.cn/statically/gh/flinhong/configs/public/rules/LocalAreaNetwork.yaml
[2026-07-17 21:13:56] [INFO] Downloading: https://raw.githubusercontent.com/ACL4SSR/ACL4SSR/refs/heads/master/Clash/BanAD.list
[2026-07-17 21:13:57] [INFO] Downloaded rule-provider BanAD -> ./public/rules/BanAD.yaml
[2026-07-17 21:13:57] [INFO] Updated rule-provider BanAD URL to https://cdn.honglin.ac.cn/statically/gh/flinhong/configs/public/rules/BanAD.yaml
[2026-07-17 21:13:57] [INFO] Downloading: https://raw.githubusercontent.com/ACL4SSR/ACL4SSR/refs/heads/master/Clash/BanProgramAD.list
[2026-07-17 21:13:57] [INFO] Downloaded rule-provider BanProgramAD -> ./public/rules/BanProgramAD.yaml
[2026-07-17 21:13:57] [INFO] Updated rule-provider BanProgramAD URL to https://cdn.honglin.ac.cn/statically/gh/flinhong/configs/public/rules/BanProgramAD.yaml
[2026-07-17 21:13:57] [INFO] Downloading: https://raw.githubusercontent.com/ACL4SSR/ACL4SSR/refs/heads/master/Clash/BanEasyList.list
[2026-07-17 21:13:58] [INFO] Downloaded rule-provider BanEasyList -> ./public/rules/BanEasyList.yaml
[2026-07-17 21:13:58] [INFO] Updated rule-provider BanEasyList URL to https://cdn.honglin.ac.cn/statically/gh/flinhong/configs/public/rules/BanEasyList.yaml
[2026-07-17 21:13:58] [INFO] Downloading: https://raw.githubusercontent.com/ACL4SSR/ACL4SSR/refs/heads/master/Clash/BanEasyListChina.list
[2026-07-17 21:13:58] [INFO] Downloaded rule-provider BanEasyListChina -> ./public/rules/BanEasyListChina.yaml
[2026-07-17 21:13:58] [INFO] Updated rule-provider BanEasyListChina URL to https://cdn.honglin.ac.cn/statically/gh/flinhong/configs/public/rules/BanEasyListChina.yaml
[2026-07-17 21:13:58] [INFO] Downloading: https://raw.githubusercontent.com/ACL4SSR/ACL4SSR/refs/heads/master/Clash/BanEasyPrivacy.list
[2026-07-17 21:13:58] [INFO] Downloaded rule-provider BanEasyPrivacy -> ./public/rules/BanEasyPrivacy.yaml
[2026-07-17 21:13:58] [INFO] Updated rule-provider BanEasyPrivacy URL to https://cdn.honglin.ac.cn/statically/gh/flinhong/configs/public/rules/BanEasyPrivacy.yaml
[2026-07-17 21:13:58] [INFO] Downloading: https://raw.githubusercontent.com/ACL4SSR/ACL4SSR/refs/heads/master/Clash/GoogleCN.list
[2026-07-17 21:13:59] [INFO] Downloaded rule-provider GoogleCN -> ./public/rules/GoogleCN.yaml
[2026-07-17 21:13:59] [INFO] Updated rule-provider GoogleCN URL to https://cdn.honglin.ac.cn/statically/gh/flinhong/configs/public/rules/GoogleCN.yaml
[2026-07-17 21:13:59] [INFO] Downloading: https://raw.githubusercontent.com/ACL4SSR/ACL4SSR/refs/heads/master/Clash/Ruleset/SteamCN.list
[2026-07-17 21:13:59] [INFO] Downloaded rule-provider SteamCN -> ./public/rules/SteamCN.yaml
[2026-07-17 21:13:59] [INFO] Updated rule-provider SteamCN URL to https://cdn.honglin.ac.cn/statically/gh/flinhong/configs/public/rules/SteamCN.yaml
[2026-07-17 21:13:59] [INFO] Downloading: https://raw.githubusercontent.com/ACL4SSR/ACL4SSR/refs/heads/master/Clash/Microsoft.list
[2026-07-17 21:13:59] [INFO] Downloaded rule-provider Microsoft -> ./public/rules/Microsoft.yaml
[2026-07-17 21:13:59] [INFO] Updated rule-provider Microsoft URL to https://cdn.honglin.ac.cn/statically/gh/flinhong/configs/public/rules/Microsoft.yaml
[2026-07-17 21:13:59] [INFO] Downloading: https://raw.githubusercontent.com/ACL4SSR/ACL4SSR/refs/heads/master/Clash/Apple.list
[2026-07-17 21:13:59] [INFO] Downloaded rule-provider Apple -> ./public/rules/Apple.yaml
[2026-07-17 21:13:59] [INFO] Updated rule-provider Apple URL to https://cdn.honglin.ac.cn/statically/gh/flinhong/configs/public/rules/Apple.yaml
[2026-07-17 21:13:59] [INFO] Downloading: https://raw.githubusercontent.com/ACL4SSR/ACL4SSR/refs/heads/master/Clash/ProxyMedia.list
[2026-07-17 21:13:59] [INFO] Downloaded rule-provider ProxyMedia -> ./public/rules/ProxyMedia.yaml
[2026-07-17 21:13:59] [INFO] Updated rule-provider ProxyMedia URL to https://cdn.honglin.ac.cn/statically/gh/flinhong/configs/public/rules/ProxyMedia.yaml
[2026-07-17 21:13:59] [INFO] Downloading: https://raw.githubusercontent.com/ACL4SSR/ACL4SSR/refs/heads/master/Clash/Telegram.list
[2026-07-17 21:13:59] [INFO] Downloaded rule-provider Telegram -> ./public/rules/Telegram.yaml
[2026-07-17 21:13:59] [INFO] Updated rule-provider Telegram URL to https://cdn.honglin.ac.cn/statically/gh/flinhong/configs/public/rules/Telegram.yaml
[2026-07-17 21:13:59] [INFO] Downloading: https://raw.githubusercontent.com/ACL4SSR/ACL4SSR/refs/heads/master/Clash/ProxyLite.list
[2026-07-17 21:13:59] [INFO] Downloaded rule-provider ProxyLite -> ./public/rules/ProxyLite.yaml
[2026-07-17 21:13:59] [INFO] Updated rule-provider ProxyLite URL to https://cdn.honglin.ac.cn/statically/gh/flinhong/configs/public/rules/ProxyLite.yaml
[2026-07-17 21:13:59] [INFO] Downloading: https://raw.githubusercontent.com/ACL4SSR/ACL4SSR/refs/heads/master/Clash/ChinaDomain.list
[2026-07-17 21:14:00] [INFO] Downloaded rule-provider ChinaDomain -> ./public/rules/ChinaDomain.yaml
[2026-07-17 21:14:00] [INFO] Updated rule-provider ChinaDomain URL to https://cdn.honglin.ac.cn/statically/gh/flinhong/configs/public/rules/ChinaDomain.yaml
[2026-07-17 21:14:00] [INFO] Downloading: https://raw.githubusercontent.com/ACL4SSR/ACL4SSR/refs/heads/master/Clash/ChinaCompanyIp.list
[2026-07-17 21:14:00] [INFO] Downloaded rule-provider ChinaCompanyIp -> ./public/rules/ChinaCompanyIp.yaml
[2026-07-17 21:14:00] [INFO] Updated rule-provider ChinaCompanyIp URL to https://cdn.honglin.ac.cn/statically/gh/flinhong/configs/public/rules/ChinaCompanyIp.yaml
[2026-07-17 21:14:00] [INFO] Fetching extra proxies...
[2026-07-17 21:14:01] [INFO] All date-based sources have today's file available, using today
[2026-07-17 21:14:01] [INFO] Downloading: https://raw.githubusercontent.com/zhangkaiitugithub/passcro/main/speednodes.yaml
[2026-07-17 21:14:01] [INFO] Downloading: https://raw.githubusercontent.com/peasoft/NoMoreWalls/master/list.yml
[2026-07-17 21:14:01] [INFO] Downloading: https://raw.githubusercontent.com/mahdibland/SSAggregator/master/sub/sub_merge_yaml.yml
[2026-07-17 21:14:01] [INFO] Downloading: https://raw.githubusercontent.com/ts-sf/fly/main/clash
[2026-07-17 21:14:04] [INFO] Fetched 3390 unique proxies for Load Balancer.
[2026-07-17 21:14:04] [INFO] Downloading: https://node.nodefree.me/2026/07/20260717.yaml
[2026-07-17 21:14:04] [INFO] Downloading: https://static.v2rayshare.net/2026/07/20260717.yaml
[2026-07-17 21:14:04] [INFO] Downloading: https://tt.vg/freeclash
[2026-07-17 21:14:04] [INFO] Downloading: https://raw.githubusercontent.com/Ruk1ng001/freeSub/main/clash.yaml
[2026-07-17 21:14:04] [INFO] Downloading: https://raw.githubusercontent.com/free18/v2ray/main/c.yaml
[2026-07-17 21:14:04] [WARNING] Filtered proxy 🟢🇩🇪[🎬🤖📺🎭]_github.com/Ruk1ng001_1234e74d: reality-opts short-id '' missing or invalid
[2026-07-17 21:14:05] [WARNING] Filtered proxy 🇺🇸_美国_56: reality-opts short-id '' missing or invalid
[2026-07-17 21:14:05] [WARNING] Filtered proxy 🇳🇱_荷兰_73: reality-opts short-id '' missing or invalid
[2026-07-17 21:14:05] [WARNING] Filtered proxy 🇳🇱_荷兰_97: reality-opts short-id '' missing or invalid
[2026-07-17 21:14:05] [WARNING] Filtered proxy 🇩🇪_德国_139: reality-opts short-id '' missing or invalid
[2026-07-17 21:14:05] [INFO] Fetched 247 unique proxies for Auto Select.
[2026-07-17 21:14:05] [INFO] Filtered original proxies: 28 remaining
[2026-07-17 21:14:06] [INFO] Successfully wrote config to ./public/subscribe/clash.yml
[2026-07-18 09:52:52] [INFO] Downloading: https://www.ermao.net/sub/clash/ermao.net
[2026-07-18 09:52:52] [INFO] Main subscription fetched and parsed.
[2026-07-18 09:52:52] [INFO] Downloading rule-providers...
[2026-07-18 09:52:52] [INFO] Downloading: https://raw.githubusercontent.com/ACL4SSR/ACL4SSR/refs/heads/master/Clash/LocalAreaNetwork.list
[2026-07-18 09:52:53] [INFO] Downloaded rule-provider LocalAreaNetwork -> ./public/rules/LocalAreaNetwork.yaml
[2026-07-18 09:52:53] [INFO] Updated rule-provider LocalAreaNetwork URL to https://cdn.honglin.ac.cn/statically/gh/flinhong/configs/public/rules/LocalAreaNetwork.yaml
[2026-07-18 09:52:53] [INFO] Downloading: https://raw.githubusercontent.com/ACL4SSR/ACL4SSR/refs/heads/master/Clash/BanAD.list
[2026-07-18 09:52:53] [INFO] Downloaded rule-provider BanAD -> ./public/rules/BanAD.yaml
[2026-07-18 09:52:53] [INFO] Updated rule-provider BanAD URL to https://cdn.honglin.ac.cn/statically/gh/flinhong/configs/public/rules/BanAD.yaml
[2026-07-18 09:52:53] [INFO] Downloading: https://raw.githubusercontent.com/ACL4SSR/ACL4SSR/refs/heads/master/Clash/BanProgramAD.list
[2026-07-18 09:52:53] [INFO] Downloaded rule-provider BanProgramAD -> ./public/rules/BanProgramAD.yaml
[2026-07-18 09:52:53] [INFO] Updated rule-provider BanProgramAD URL to https://cdn.honglin.ac.cn/statically/gh/flinhong/configs/public/rules/BanProgramAD.yaml
[2026-07-18 09:52:53] [INFO] Downloading: https://raw.githubusercontent.com/ACL4SSR/ACL4SSR/refs/heads/master/Clash/BanEasyList.list
[2026-07-18 09:52:53] [INFO] Downloaded rule-provider BanEasyList -> ./public/rules/BanEasyList.yaml
[2026-07-18 09:52:53] [INFO] Updated rule-provider BanEasyList URL to https://cdn.honglin.ac.cn/statically/gh/flinhong/configs/public/rules/BanEasyList.yaml
[2026-07-18 09:52:53] [INFO] Downloading: https://raw.githubusercontent.com/ACL4SSR/ACL4SSR/refs/heads/master/Clash/BanEasyListChina.list
[2026-07-18 09:52:53] [INFO] Downloaded rule-provider BanEasyListChina -> ./public/rules/BanEasyListChina.yaml
[2026-07-18 09:52:53] [INFO] Updated rule-provider BanEasyListChina URL to https://cdn.honglin.ac.cn/statically/gh/flinhong/configs/public/rules/BanEasyListChina.yaml
[2026-07-18 09:52:53] [INFO] Downloading: https://raw.githubusercontent.com/ACL4SSR/ACL4SSR/refs/heads/master/Clash/BanEasyPrivacy.list
[2026-07-18 09:52:53] [INFO] Downloaded rule-provider BanEasyPrivacy -> ./public/rules/BanEasyPrivacy.yaml
[2026-07-18 09:52:53] [INFO] Updated rule-provider BanEasyPrivacy URL to https://cdn.honglin.ac.cn/statically/gh/flinhong/configs/public/rules/BanEasyPrivacy.yaml
[2026-07-18 09:52:53] [INFO] Downloading: https://raw.githubusercontent.com/ACL4SSR/ACL4SSR/refs/heads/master/Clash/GoogleCN.list
[2026-07-18 09:52:54] [INFO] Downloaded rule-provider GoogleCN -> ./public/rules/GoogleCN.yaml
[2026-07-18 09:52:54] [INFO] Updated rule-provider GoogleCN URL to https://cdn.honglin.ac.cn/statically/gh/flinhong/configs/public/rules/GoogleCN.yaml
[2026-07-18 09:52:54] [INFO] Downloading: https://raw.githubusercontent.com/ACL4SSR/ACL4SSR/refs/heads/master/Clash/Ruleset/SteamCN.list
[2026-07-18 09:52:54] [INFO] Downloaded rule-provider SteamCN -> ./public/rules/SteamCN.yaml
[2026-07-18 09:52:54] [INFO] Updated rule-provider SteamCN URL to https://cdn.honglin.ac.cn/statically/gh/flinhong/configs/public/rules/SteamCN.yaml
[2026-07-18 09:52:54] [INFO] Downloading: https://raw.githubusercontent.com/ACL4SSR/ACL4SSR/refs/heads/master/Clash/Microsoft.list
[2026-07-18 09:52:54] [INFO] Downloaded rule-provider Microsoft -> ./public/rules/Microsoft.yaml
[2026-07-18 09:52:54] [INFO] Updated rule-provider Microsoft URL to https://cdn.honglin.ac.cn/statically/gh/flinhong/configs/public/rules/Microsoft.yaml
[2026-07-18 09:52:54] [INFO] Downloading: https://raw.githubusercontent.com/ACL4SSR/ACL4SSR/refs/heads/master/Clash/Apple.list
[2026-07-18 09:52:54] [INFO] Downloaded rule-provider Apple -> ./public/rules/Apple.yaml
[2026-07-18 09:52:54] [INFO] Updated rule-provider Apple URL to https://cdn.honglin.ac.cn/statically/gh/flinhong/configs/public/rules/Apple.yaml
[2026-07-18 09:52:54] [INFO] Downloading: https://raw.githubusercontent.com/ACL4SSR/ACL4SSR/refs/heads/master/Clash/ProxyMedia.list
[2026-07-18 09:52:54] [INFO] Downloaded rule-provider ProxyMedia -> ./public/rules/ProxyMedia.yaml
[2026-07-18 09:52:54] [INFO] Updated rule-provider ProxyMedia URL to https://cdn.honglin.ac.cn/statically/gh/flinhong/configs/public/rules/ProxyMedia.yaml
[2026-07-18 09:52:54] [INFO] Downloading: https://raw.githubusercontent.com/ACL4SSR/ACL4SSR/refs/heads/master/Clash/Telegram.list
[2026-07-18 09:52:54] [INFO] Downloaded rule-provider Telegram -> ./public/rules/Telegram.yaml
[2026-07-18 09:52:54] [INFO] Updated rule-provider Telegram URL to https://cdn.honglin.ac.cn/statically/gh/flinhong/configs/public/rules/Telegram.yaml
[2026-07-18 09:52:54] [INFO] Downloading: https://raw.githubusercontent.com/ACL4SSR/ACL4SSR/refs/heads/master/Clash/ProxyLite.list
[2026-07-18 09:52:54] [INFO] Downloaded rule-provider ProxyLite -> ./public/rules/ProxyLite.yaml
[2026-07-18 09:52:54] [INFO] Updated rule-provider ProxyLite URL to https://cdn.honglin.ac.cn/statically/gh/flinhong/configs/public/rules/ProxyLite.yaml
[2026-07-18 09:52:54] [INFO] Downloading: https://raw.githubusercontent.com/ACL4SSR/ACL4SSR/refs/heads/master/Clash/ChinaDomain.list
[2026-07-18 09:52:55] [INFO] Downloaded rule-provider ChinaDomain -> ./public/rules/ChinaDomain.yaml
[2026-07-18 09:52:55] [INFO] Updated rule-provider ChinaDomain URL to https://cdn.honglin.ac.cn/statically/gh/flinhong/configs/public/rules/ChinaDomain.yaml
[2026-07-18 09:52:55] [INFO] Downloading: https://raw.githubusercontent.com/ACL4SSR/ACL4SSR/refs/heads/master/Clash/ChinaCompanyIp.list
[2026-07-18 09:52:55] [INFO] Downloaded rule-provider ChinaCompanyIp -> ./public/rules/ChinaCompanyIp.yaml
[2026-07-18 09:52:55] [INFO] Updated rule-provider ChinaCompanyIp URL to https://cdn.honglin.ac.cn/statically/gh/flinhong/configs/public/rules/ChinaCompanyIp.yaml
[2026-07-18 09:52:55] [INFO] Fetching extra proxies...
[2026-07-18 09:52:55] [INFO] All date-based sources have today's file available, using today
[2026-07-18 09:52:55] [INFO] Downloading: https://raw.githubusercontent.com/zhangkaiitugithub/passcro/main/speednodes.yaml
[2026-07-18 09:52:55] [INFO] Downloading: https://raw.githubusercontent.com/peasoft/NoMoreWalls/master/list.yml
[2026-07-18 09:52:55] [INFO] Downloading: https://raw.githubusercontent.com/mahdibland/SSAggregator/master/sub/sub_merge_yaml.yml
[2026-07-18 09:52:55] [INFO] Downloading: https://raw.githubusercontent.com/ts-sf/fly/main/clash
[2026-07-18 09:52:58] [INFO] Fetched 3405 unique proxies for Load Balancer.
[2026-07-18 09:52:58] [INFO] Downloading: https://node.nodefree.me/2026/07/20260718.yaml
[2026-07-18 09:52:58] [INFO] Downloading: https://static.v2rayshare.net/2026/07/20260718.yaml
[2026-07-18 09:52:58] [INFO] Downloading: https://tt.vg/freeclash
[2026-07-18 09:52:58] [INFO] Downloading: https://raw.githubusercontent.com/Ruk1ng001/freeSub/main/clash.yaml
[2026-07-18 09:52:58] [INFO] Downloading: https://raw.githubusercontent.com/free18/v2ray/main/c.yaml
[2026-07-18 09:52:59] [WARNING] Filtered proxy 🇺🇸_美国_56: reality-opts short-id '' missing or invalid
[2026-07-18 09:52:59] [WARNING] Filtered proxy 🇳🇱_荷兰_73: reality-opts short-id '' missing or invalid
[2026-07-18 09:52:59] [WARNING] Filtered proxy 🇳🇱_荷兰_97: reality-opts short-id '' missing or invalid
[2026-07-18 09:52:59] [WARNING] Filtered proxy 🇩🇪_德国_139: reality-opts short-id '' missing or invalid
[2026-07-18 09:52:59] [INFO] Fetched 250 unique proxies for Auto Select.
[2026-07-18 09:52:59] [INFO] Filtered original proxies: 25 remaining
[2026-07-18 09:53:00] [INFO] Successfully wrote config to ./public/subscribe/clash.yml
[2026-07-18 20:59:29] [INFO] Downloading: https://www.ermao.net/sub/clash/ermao.net
[2026-07-18 20:59:30] [INFO] Main subscription fetched and parsed.
[2026-07-18 20:59:30] [INFO] Downloading rule-providers...
[2026-07-18 20:59:30] [INFO] Downloading: https://raw.githubusercontent.com/ACL4SSR/ACL4SSR/refs/heads/master/Clash/LocalAreaNetwork.list
[2026-07-18 20:59:30] [INFO] Downloaded rule-provider LocalAreaNetwork -> ./public/rules/LocalAreaNetwork.yaml
[2026-07-18 20:59:30] [INFO] Updated rule-provider LocalAreaNetwork URL to https://cdn.honglin.ac.cn/statically/gh/flinhong/configs/public/rules/LocalAreaNetwork.yaml
[2026-07-18 20:59:30] [INFO] Downloading: https://raw.githubusercontent.com/ACL4SSR/ACL4SSR/refs/heads/master/Clash/BanAD.list
[2026-07-18 20:59:30] [INFO] Downloaded rule-provider BanAD -> ./public/rules/BanAD.yaml
[2026-07-18 20:59:30] [INFO] Updated rule-provider BanAD URL to https://cdn.honglin.ac.cn/statically/gh/flinhong/configs/public/rules/BanAD.yaml
[2026-07-18 20:59:30] [INFO] Downloading: https://raw.githubusercontent.com/ACL4SSR/ACL4SSR/refs/heads/master/Clash/BanProgramAD.list
[2026-07-18 20:59:30] [INFO] Downloaded rule-provider BanProgramAD -> ./public/rules/BanProgramAD.yaml
[2026-07-18 20:59:30] [INFO] Updated rule-provider BanProgramAD URL to https://cdn.honglin.ac.cn/statically/gh/flinhong/configs/public/rules/BanProgramAD.yaml
[2026-07-18 20:59:30] [INFO] Downloading: https://raw.githubusercontent.com/ACL4SSR/ACL4SSR/refs/heads/master/Clash/BanEasyList.list
[2026-07-18 20:59:30] [INFO] Downloaded rule-provider BanEasyList -> ./public/rules/BanEasyList.yaml
[2026-07-18 20:59:30] [INFO] Updated rule-provider BanEasyList URL to https://cdn.honglin.ac.cn/statically/gh/flinhong/configs/public/rules/BanEasyList.yaml
[2026-07-18 20:59:30] [INFO] Downloading: https://raw.githubusercontent.com/ACL4SSR/ACL4SSR/refs/heads/master/Clash/BanEasyListChina.list
[2026-07-18 20:59:31] [INFO] Downloaded rule-provider BanEasyListChina -> ./public/rules/BanEasyListChina.yaml
[2026-07-18 20:59:31] [INFO] Updated rule-provider BanEasyListChina URL to https://cdn.honglin.ac.cn/statically/gh/flinhong/configs/public/rules/BanEasyListChina.yaml
[2026-07-18 20:59:31] [INFO] Downloading: https://raw.githubusercontent.com/ACL4SSR/ACL4SSR/refs/heads/master/Clash/BanEasyPrivacy.list
[2026-07-18 20:59:31] [INFO] Downloaded rule-provider BanEasyPrivacy -> ./public/rules/BanEasyPrivacy.yaml
[2026-07-18 20:59:31] [INFO] Updated rule-provider BanEasyPrivacy URL to https://cdn.honglin.ac.cn/statically/gh/flinhong/configs/public/rules/BanEasyPrivacy.yaml
[2026-07-18 20:59:31] [INFO] Downloading: https://raw.githubusercontent.com/ACL4SSR/ACL4SSR/refs/heads/master/Clash/GoogleCN.list
[2026-07-18 20:59:31] [INFO] Downloaded rule-provider GoogleCN -> ./public/rules/GoogleCN.yaml
[2026-07-18 20:59:31] [INFO] Updated rule-provider GoogleCN URL to https://cdn.honglin.ac.cn/statically/gh/flinhong/configs/public/rules/GoogleCN.yaml
[2026-07-18 20:59:31] [INFO] Downloading: https://raw.githubusercontent.com/ACL4SSR/ACL4SSR/refs/heads/master/Clash/Ruleset/SteamCN.list
[2026-07-18 20:59:31] [INFO] Downloaded rule-provider SteamCN -> ./public/rules/SteamCN.yaml
[2026-07-18 20:59:31] [INFO] Updated rule-provider SteamCN URL to https://cdn.honglin.ac.cn/statically/gh/flinhong/configs/public/rules/SteamCN.yaml
[2026-07-18 20:59:31] [INFO] Downloading: https://raw.githubusercontent.com/ACL4SSR/ACL4SSR/refs/heads/master/Clash/Microsoft.list
[2026-07-18 20:59:31] [INFO] Downloaded rule-provider Microsoft -> ./public/rules/Microsoft.yaml
[2026-07-18 20:59:31] [INFO] Updated rule-provider Microsoft URL to https://cdn.honglin.ac.cn/statically/gh/flinhong/configs/public/rules/Microsoft.yaml
[2026-07-18 20:59:31] [INFO] Downloading: https://raw.githubusercontent.com/ACL4SSR/ACL4SSR/refs/heads/master/Clash/Apple.list
[2026-07-18 20:59:32] [INFO] Downloaded rule-provider Apple -> ./public/rules/Apple.yaml
[2026-07-18 20:59:32] [INFO] Updated rule-provider Apple URL to https://cdn.honglin.ac.cn/statically/gh/flinhong/configs/public/rules/Apple.yaml
[2026-07-18 20:59:32] [INFO] Downloading: https://raw.githubusercontent.com/ACL4SSR/ACL4SSR/refs/heads/master/Clash/ProxyMedia.list
[2026-07-18 20:59:32] [INFO] Downloaded rule-provider ProxyMedia -> ./public/rules/ProxyMedia.yaml
[2026-07-18 20:59:32] [INFO] Updated rule-provider ProxyMedia URL to https://cdn.honglin.ac.cn/statically/gh/flinhong/configs/public/rules/ProxyMedia.yaml
[2026-07-18 20:59:32] [INFO] Downloading: https://raw.githubusercontent.com/ACL4SSR/ACL4SSR/refs/heads/master/Clash/Telegram.list
[2026-07-18 20:59:32] [INFO] Downloaded rule-provider Telegram -> ./public/rules/Telegram.yaml
[2026-07-18 20:59:32] [INFO] Updated rule-provider Telegram URL to https://cdn.honglin.ac.cn/statically/gh/flinhong/configs/public/rules/Telegram.yaml
[2026-07-18 20:59:32] [INFO] Downloading: https://raw.githubusercontent.com/ACL4SSR/ACL4SSR/refs/heads/master/Clash/ProxyLite.list
[2026-07-18 20:59:32] [INFO] Downloaded rule-provider ProxyLite -> ./public/rules/ProxyLite.yaml
[2026-07-18 20:59:32] [INFO] Updated rule-provider ProxyLite URL to https://cdn.honglin.ac.cn/statically/gh/flinhong/configs/public/rules/ProxyLite.yaml
[2026-07-18 20:59:32] [INFO] Downloading: https://raw.githubusercontent.com/ACL4SSR/ACL4SSR/refs/heads/master/Clash/ChinaDomain.list
[2026-07-18 20:59:32] [INFO] Downloaded rule-provider ChinaDomain -> ./public/rules/ChinaDomain.yaml
[2026-07-18 20:59:32] [INFO] Updated rule-provider ChinaDomain URL to https://cdn.honglin.ac.cn/statically/gh/flinhong/configs/public/rules/ChinaDomain.yaml
[2026-07-18 20:59:32] [INFO] Downloading: https://raw.githubusercontent.com/ACL4SSR/ACL4SSR/refs/heads/master/Clash/ChinaCompanyIp.list
[2026-07-18 20:59:32] [INFO] Downloaded rule-provider ChinaCompanyIp -> ./public/rules/ChinaCompanyIp.yaml
[2026-07-18 20:59:32] [INFO] Updated rule-provider ChinaCompanyIp URL to https://cdn.honglin.ac.cn/statically/gh/flinhong/configs/public/rules/ChinaCompanyIp.yaml
[2026-07-18 20:59:32] [INFO] Fetching extra proxies...
[2026-07-18 20:59:33] [INFO] All date-based sources have today's file available, using today
[2026-07-18 20:59:33] [INFO] Downloading: https://raw.githubusercontent.com/zhangkaiitugithub/passcro/main/speednodes.yaml
[2026-07-18 20:59:33] [INFO] Downloading: https://raw.githubusercontent.com/peasoft/NoMoreWalls/master/list.yml
[2026-07-18 20:59:33] [INFO] Downloading: https://raw.githubusercontent.com/mahdibland/SSAggregator/master/sub/sub_merge_yaml.yml
[2026-07-18 20:59:33] [INFO] Downloading: https://raw.githubusercontent.com/ts-sf/fly/main/clash
[2026-07-18 20:59:35] [INFO] Fetched 3415 unique proxies for Load Balancer.
[2026-07-18 20:59:35] [INFO] Downloading: https://node.nodefree.me/2026/07/20260718.yaml
[2026-07-18 20:59:35] [INFO] Downloading: https://static.v2rayshare.net/2026/07/20260718.yaml
[2026-07-18 20:59:35] [INFO] Downloading: https://tt.vg/freeclash
[2026-07-18 20:59:35] [INFO] Downloading: https://raw.githubusercontent.com/Ruk1ng001/freeSub/main/clash.yaml
[2026-07-18 20:59:35] [INFO] Downloading: https://raw.githubusercontent.com/free18/v2ray/main/c.yaml
[2026-07-18 20:59:36] [WARNING] Filtered proxy 🇹🇷_土耳其_14: reality-opts short-id '' missing or invalid
[2026-07-18 20:59:36] [WARNING] Filtered proxy 🇮🇹_意大利_25: reality-opts short-id '' missing or invalid
[2026-07-18 20:59:36] [WARNING] Filtered proxy 🇷🇺_俄罗斯_30: reality-opts short-id '' missing or invalid
[2026-07-18 20:59:36] [WARNING] Filtered proxy 🇩🇪_德国_44: reality-opts short-id '' missing or invalid
[2026-07-18 20:59:36] [WARNING] Filtered proxy 🇺🇸_美国_47: reality-opts short-id '' missing or invalid
[2026-07-18 20:59:36] [WARNING] Filtered proxy 🔴🇸🇪[🎬🤖📺🎭]_github.com/Ruk1ng001_3e647cee: reality-opts short-id '' missing or invalid
[2026-07-18 20:59:36] [INFO] Fetched 144 unique proxies for Auto Select.
[2026-07-18 20:59:36] [INFO] Filtered original proxies: 25 remaining
[2026-07-18 20:59:37] [INFO] Successfully wrote config to ./public/subscribe/clash.yml
[2026-07-19 10:03:29] [INFO] Downloading: https://www.ermao.net/sub/clash/ermao.net
[2026-07-19 10:03:29] [INFO] Main subscription fetched and parsed.
[2026-07-19 10:03:29] [INFO] Downloading rule-providers...
[2026-07-19 10:03:29] [INFO] Downloading: https://raw.githubusercontent.com/ACL4SSR/ACL4SSR/refs/heads/master/Clash/LocalAreaNetwork.list
[2026-07-19 10:03:29] [INFO] Downloaded rule-provider LocalAreaNetwork -> ./public/rules/LocalAreaNetwork.yaml
[2026-07-19 10:03:29] [INFO] Updated rule-provider LocalAreaNetwork URL to https://cdn.honglin.ac.cn/statically/gh/flinhong/configs/public/rules/LocalAreaNetwork.yaml
[2026-07-19 10:03:29] [INFO] Downloading: https://raw.githubusercontent.com/ACL4SSR/ACL4SSR/refs/heads/master/Clash/BanAD.list
[2026-07-19 10:03:29] [INFO] Downloaded rule-provider BanAD -> ./public/rules/BanAD.yaml
[2026-07-19 10:03:29] [INFO] Updated rule-provider BanAD URL to https://cdn.honglin.ac.cn/statically/gh/flinhong/configs/public/rules/BanAD.yaml
[2026-07-19 10:03:29] [INFO] Downloading: https://raw.githubusercontent.com/ACL4SSR/ACL4SSR/refs/heads/master/Clash/BanProgramAD.list
[2026-07-19 10:03:30] [INFO] Downloaded rule-provider BanProgramAD -> ./public/rules/BanProgramAD.yaml
[2026-07-19 10:03:30] [INFO] Updated rule-provider BanProgramAD URL to https://cdn.honglin.ac.cn/statically/gh/flinhong/configs/public/rules/BanProgramAD.yaml
[2026-07-19 10:03:30] [INFO] Downloading: https://raw.githubusercontent.com/ACL4SSR/ACL4SSR/refs/heads/master/Clash/BanEasyList.list
[2026-07-19 10:03:30] [INFO] Downloaded rule-provider BanEasyList -> ./public/rules/BanEasyList.yaml
[2026-07-19 10:03:30] [INFO] Updated rule-provider BanEasyList URL to https://cdn.honglin.ac.cn/statically/gh/flinhong/configs/public/rules/BanEasyList.yaml
[2026-07-19 10:03:30] [INFO] Downloading: https://raw.githubusercontent.com/ACL4SSR/ACL4SSR/refs/heads/master/Clash/BanEasyListChina.list
[2026-07-19 10:03:30] [INFO] Downloaded rule-provider BanEasyListChina -> ./public/rules/BanEasyListChina.yaml
[2026-07-19 10:03:30] [INFO] Updated rule-provider BanEasyListChina URL to https://cdn.honglin.ac.cn/statically/gh/flinhong/configs/public/rules/BanEasyListChina.yaml
[2026-07-19 10:03:30] [INFO] Downloading: https://raw.githubusercontent.com/ACL4SSR/ACL4SSR/refs/heads/master/Clash/BanEasyPrivacy.list
[2026-07-19 10:03:31] [INFO] Downloaded rule-provider BanEasyPrivacy -> ./public/rules/BanEasyPrivacy.yaml
[2026-07-19 10:03:31] [INFO] Updated rule-provider BanEasyPrivacy URL to https://cdn.honglin.ac.cn/statically/gh/flinhong/configs/public/rules/BanEasyPrivacy.yaml
[2026-07-19 10:03:31] [INFO] Downloading: https://raw.githubusercontent.com/ACL4SSR/ACL4SSR/refs/heads/master/Clash/GoogleCN.list
[2026-07-19 10:03:31] [INFO] Downloaded rule-provider GoogleCN -> ./public/rules/GoogleCN.yaml
[2026-07-19 10:03:31] [INFO] Updated rule-provider GoogleCN URL to https://cdn.honglin.ac.cn/statically/gh/flinhong/configs/public/rules/GoogleCN.yaml
[2026-07-19 10:03:31] [INFO] Downloading: https://raw.githubusercontent.com/ACL4SSR/ACL4SSR/refs/heads/master/Clash/Ruleset/SteamCN.list
[2026-07-19 10:03:31] [INFO] Downloaded rule-provider SteamCN -> ./public/rules/SteamCN.yaml
[2026-07-19 10:03:31] [INFO] Updated rule-provider SteamCN URL to https://cdn.honglin.ac.cn/statically/gh/flinhong/configs/public/rules/SteamCN.yaml
[2026-07-19 10:03:31] [INFO] Downloading: https://raw.githubusercontent.com/ACL4SSR/ACL4SSR/refs/heads/master/Clash/Microsoft.list
[2026-07-19 10:03:32] [INFO] Downloaded rule-provider Microsoft -> ./public/rules/Microsoft.yaml
[2026-07-19 10:03:32] [INFO] Updated rule-provider Microsoft URL to https://cdn.honglin.ac.cn/statically/gh/flinhong/configs/public/rules/Microsoft.yaml
[2026-07-19 10:03:32] [INFO] Downloading: https://raw.githubusercontent.com/ACL4SSR/ACL4SSR/refs/heads/master/Clash/Apple.list
[2026-07-19 10:03:32] [INFO] Downloaded rule-provider Apple -> ./public/rules/Apple.yaml
[2026-07-19 10:03:32] [INFO] Updated rule-provider Apple URL to https://cdn.honglin.ac.cn/statically/gh/flinhong/configs/public/rules/Apple.yaml
[2026-07-19 10:03:32] [INFO] Downloading: https://raw.githubusercontent.com/ACL4SSR/ACL4SSR/refs/heads/master/Clash/ProxyMedia.list
[2026-07-19 10:03:32] [INFO] Downloaded rule-provider ProxyMedia -> ./public/rules/ProxyMedia.yaml
[2026-07-19 10:03:32] [INFO] Updated rule-provider ProxyMedia URL to https://cdn.honglin.ac.cn/statically/gh/flinhong/configs/public/rules/ProxyMedia.yaml
[2026-07-19 10:03:32] [INFO] Downloading: https://raw.githubusercontent.com/ACL4SSR/ACL4SSR/refs/heads/master/Clash/Telegram.list
[2026-07-19 10:03:32] [INFO] Downloaded rule-provider Telegram -> ./public/rules/Telegram.yaml
[2026-07-19 10:03:32] [INFO] Updated rule-provider Telegram URL to https://cdn.honglin.ac.cn/statically/gh/flinhong/configs/public/rules/Telegram.yaml
[2026-07-19 10:03:32] [INFO] Downloading: https://raw.githubusercontent.com/ACL4SSR/ACL4SSR/refs/heads/master/Clash/ProxyLite.list
[2026-07-19 10:03:32] [INFO] Downloaded rule-provider ProxyLite -> ./public/rules/ProxyLite.yaml
[2026-07-19 10:03:32] [INFO] Updated rule-provider ProxyLite URL to https://cdn.honglin.ac.cn/statically/gh/flinhong/configs/public/rules/ProxyLite.yaml
[2026-07-19 10:03:32] [INFO] Downloading: https://raw.githubusercontent.com/ACL4SSR/ACL4SSR/refs/heads/master/Clash/ChinaDomain.list
[2026-07-19 10:03:32] [INFO] Downloaded rule-provider ChinaDomain -> ./public/rules/ChinaDomain.yaml
[2026-07-19 10:03:32] [INFO] Updated rule-provider ChinaDomain URL to https://cdn.honglin.ac.cn/statically/gh/flinhong/configs/public/rules/ChinaDomain.yaml
[2026-07-19 10:03:32] [INFO] Downloading: https://raw.githubusercontent.com/ACL4SSR/ACL4SSR/refs/heads/master/Clash/ChinaCompanyIp.list
[2026-07-19 10:03:33] [INFO] Downloaded rule-provider ChinaCompanyIp -> ./public/rules/ChinaCompanyIp.yaml
[2026-07-19 10:03:33] [INFO] Updated rule-provider ChinaCompanyIp URL to https://cdn.honglin.ac.cn/statically/gh/flinhong/configs/public/rules/ChinaCompanyIp.yaml
[2026-07-19 10:03:33] [INFO] Fetching extra proxies...
[2026-07-19 10:03:33] [INFO] All date-based sources have today's file available, using today
[2026-07-19 10:03:33] [INFO] Downloading: https://raw.githubusercontent.com/zhangkaiitugithub/passcro/main/speednodes.yaml
[2026-07-19 10:03:33] [INFO] Downloading: https://raw.githubusercontent.com/peasoft/NoMoreWalls/master/list.yml
[2026-07-19 10:03:33] [INFO] Downloading: https://raw.githubusercontent.com/mahdibland/SSAggregator/master/sub/sub_merge_yaml.yml
[2026-07-19 10:03:33] [INFO] Downloading: https://raw.githubusercontent.com/ts-sf/fly/main/clash
[2026-07-19 10:03:37] [INFO] Fetched 3434 unique proxies for Load Balancer.
[2026-07-19 10:03:37] [INFO] Downloading: https://node.nodefree.me/2026/07/20260719.yaml
[2026-07-19 10:03:37] [INFO] Downloading: https://static.v2rayshare.net/2026/07/20260719.yaml
[2026-07-19 10:03:37] [INFO] Downloading: https://tt.vg/freeclash
[2026-07-19 10:03:37] [INFO] Downloading: https://raw.githubusercontent.com/Ruk1ng001/freeSub/main/clash.yaml
[2026-07-19 10:03:37] [INFO] Downloading: https://raw.githubusercontent.com/free18/v2ray/main/c.yaml
[2026-07-19 10:03:37] [WARNING] Filtered proxy 🔴🇸🇪[🤖📺🎭🎪]_github.com/Ruk1ng001_3e647cee: reality-opts short-id '' missing or invalid
[2026-07-19 10:03:37] [WARNING] Filtered proxy 🇹🇷_土耳其_14: reality-opts short-id '' missing or invalid
[2026-07-19 10:03:37] [WARNING] Filtered proxy 🇮🇹_意大利_25: reality-opts short-id '' missing or invalid
[2026-07-19 10:03:37] [WARNING] Filtered proxy 🇷🇺_俄罗斯_30: reality-opts short-id '' missing or invalid
[2026-07-19 10:03:37] [WARNING] Filtered proxy 🇩🇪_德国_44: reality-opts short-id '' missing or invalid
[2026-07-19 10:03:37] [WARNING] Filtered proxy 🇺🇸_美国_47: reality-opts short-id '' missing or invalid
[2026-07-19 10:03:37] [INFO] Fetched 140 unique proxies for Auto Select.
[2026-07-19 10:03:37] [INFO] Filtered original proxies: 21 remaining
[2026-07-19 10:03:39] [INFO] Successfully wrote config to ./public/subscribe/clash.yml
[2026-07-19 21:01:53] [INFO] Downloading: https://www.ermao.net/sub/clash/ermao.net
[2026-07-19 21:01:53] [INFO] Main subscription fetched and parsed.
[2026-07-19 21:01:53] [INFO] Downloading rule-providers...
[2026-07-19 21:01:53] [INFO] Downloading: https://raw.githubusercontent.com/ACL4SSR/ACL4SSR/refs/heads/master/Clash/LocalAreaNetwork.list
[2026-07-19 21:01:54] [INFO] Downloaded rule-provider LocalAreaNetwork -> ./public/rules/LocalAreaNetwork.yaml
[2026-07-19 21:01:54] [INFO] Updated rule-provider LocalAreaNetwork URL to https://cdn.honglin.ac.cn/statically/gh/flinhong/configs/public/rules/LocalAreaNetwork.yaml
[2026-07-19 21:01:54] [INFO] Downloading: https://raw.githubusercontent.com/ACL4SSR/ACL4SSR/refs/heads/master/Clash/BanAD.list
[2026-07-19 21:01:54] [INFO] Downloaded rule-provider BanAD -> ./public/rules/BanAD.yaml
[2026-07-19 21:01:54] [INFO] Updated rule-provider BanAD URL to https://cdn.honglin.ac.cn/statically/gh/flinhong/configs/public/rules/BanAD.yaml
[2026-07-19 21:01:54] [INFO] Downloading: https://raw.githubusercontent.com/ACL4SSR/ACL4SSR/refs/heads/master/Clash/BanProgramAD.list
[2026-07-19 21:01:54] [INFO] Downloaded rule-provider BanProgramAD -> ./public/rules/BanProgramAD.yaml
[2026-07-19 21:01:54] [INFO] Updated rule-provider BanProgramAD URL to https://cdn.honglin.ac.cn/statically/gh/flinhong/configs/public/rules/BanProgramAD.yaml
[2026-07-19 21:01:54] [INFO] Downloading: https://raw.githubusercontent.com/ACL4SSR/ACL4SSR/refs/heads/master/Clash/BanEasyList.list
[2026-07-19 21:01:54] [INFO] Downloaded rule-provider BanEasyList -> ./public/rules/BanEasyList.yaml
[2026-07-19 21:01:54] [INFO] Updated rule-provider BanEasyList URL to https://cdn.honglin.ac.cn/statically/gh/flinhong/configs/public/rules/BanEasyList.yaml
[2026-07-19 21:01:54] [INFO] Downloading: https://raw.githubusercontent.com/ACL4SSR/ACL4SSR/refs/heads/master/Clash/BanEasyListChina.list
[2026-07-19 21:01:54] [INFO] Downloaded rule-provider BanEasyListChina -> ./public/rules/BanEasyListChina.yaml
[2026-07-19 21:01:54] [INFO] Updated rule-provider BanEasyListChina URL to https://cdn.honglin.ac.cn/statically/gh/flinhong/configs/public/rules/BanEasyListChina.yaml
[2026-07-19 21:01:54] [INFO] Downloading: https://raw.githubusercontent.com/ACL4SSR/ACL4SSR/refs/heads/master/Clash/BanEasyPrivacy.list
[2026-07-19 21:01:54] [INFO] Downloaded rule-provider BanEasyPrivacy -> ./public/rules/BanEasyPrivacy.yaml
[2026-07-19 21:01:54] [INFO] Updated rule-provider BanEasyPrivacy URL to https://cdn.honglin.ac.cn/statically/gh/flinhong/configs/public/rules/BanEasyPrivacy.yaml
[2026-07-19 21:01:54] [INFO] Downloading: https://raw.githubusercontent.com/ACL4SSR/ACL4SSR/refs/heads/master/Clash/GoogleCN.list
[2026-07-19 21:01:54] [INFO] Downloaded rule-provider GoogleCN -> ./public/rules/GoogleCN.yaml
[2026-07-19 21:01:54] [INFO] Updated rule-provider GoogleCN URL to https://cdn.honglin.ac.cn/statically/gh/flinhong/configs/public/rules/GoogleCN.yaml
[2026-07-19 21:01:54] [INFO] Downloading: https://raw.githubusercontent.com/ACL4SSR/ACL4SSR/refs/heads/master/Clash/Ruleset/SteamCN.list
[2026-07-19 21:01:54] [INFO] Downloaded rule-provider SteamCN -> ./public/rules/SteamCN.yaml
[2026-07-19 21:01:54] [INFO] Updated rule-provider SteamCN URL to https://cdn.honglin.ac.cn/statically/gh/flinhong/configs/public/rules/SteamCN.yaml
[2026-07-19 21:01:54] [INFO] Downloading: https://raw.githubusercontent.com/ACL4SSR/ACL4SSR/refs/heads/master/Clash/Microsoft.list
[2026-07-19 21:01:54] [INFO] Downloaded rule-provider Microsoft -> ./public/rules/Microsoft.yaml
[2026-07-19 21:01:54] [INFO] Updated rule-provider Microsoft URL to https://cdn.honglin.ac.cn/statically/gh/flinhong/configs/public/rules/Microsoft.yaml
[2026-07-19 21:01:54] [INFO] Downloading: https://raw.githubusercontent.com/ACL4SSR/ACL4SSR/refs/heads/master/Clash/Apple.list
[2026-07-19 21:01:54] [INFO] Downloaded rule-provider Apple -> ./public/rules/Apple.yaml
[2026-07-19 21:01:54] [INFO] Updated rule-provider Apple URL to https://cdn.honglin.ac.cn/statically/gh/flinhong/configs/public/rules/Apple.yaml
[2026-07-19 21:01:54] [INFO] Downloading: https://raw.githubusercontent.com/ACL4SSR/ACL4SSR/refs/heads/master/Clash/ProxyMedia.list
[2026-07-19 21:01:54] [INFO] Downloaded rule-provider ProxyMedia -> ./public/rules/ProxyMedia.yaml
[2026-07-19 21:01:54] [INFO] Updated rule-provider ProxyMedia URL to https://cdn.honglin.ac.cn/statically/gh/flinhong/configs/public/rules/ProxyMedia.yaml
[2026-07-19 21:01:54] [INFO] Downloading: https://raw.githubusercontent.com/ACL4SSR/ACL4SSR/refs/heads/master/Clash/Telegram.list
[2026-07-19 21:01:54] [INFO] Downloaded rule-provider Telegram -> ./public/rules/Telegram.yaml
[2026-07-19 21:01:54] [INFO] Updated rule-provider Telegram URL to https://cdn.honglin.ac.cn/statically/gh/flinhong/configs/public/rules/Telegram.yaml
[2026-07-19 21:01:54] [INFO] Downloading: https://raw.githubusercontent.com/ACL4SSR/ACL4SSR/refs/heads/master/Clash/ProxyLite.list
[2026-07-19 21:01:55] [INFO] Downloaded rule-provider ProxyLite -> ./public/rules/ProxyLite.yaml
[2026-07-19 21:01:55] [INFO] Updated rule-provider ProxyLite URL to https://cdn.honglin.ac.cn/statically/gh/flinhong/configs/public/rules/ProxyLite.yaml
[2026-07-19 21:01:55] [INFO] Downloading: https://raw.githubusercontent.com/ACL4SSR/ACL4SSR/refs/heads/master/Clash/ChinaDomain.list
[2026-07-19 21:01:55] [INFO] Downloaded rule-provider ChinaDomain -> ./public/rules/ChinaDomain.yaml
[2026-07-19 21:01:55] [INFO] Updated rule-provider ChinaDomain URL to https://cdn.honglin.ac.cn/statically/gh/flinhong/configs/public/rules/ChinaDomain.yaml
[2026-07-19 21:01:55] [INFO] Downloading: https://raw.githubusercontent.com/ACL4SSR/ACL4SSR/refs/heads/master/Clash/ChinaCompanyIp.list
[2026-07-19 21:01:55] [INFO] Downloaded rule-provider ChinaCompanyIp -> ./public/rules/ChinaCompanyIp.yaml
[2026-07-19 21:01:55] [INFO] Updated rule-provider ChinaCompanyIp URL to https://cdn.honglin.ac.cn/statically/gh/flinhong/configs/public/rules/ChinaCompanyIp.yaml
[2026-07-19 21:01:55] [INFO] Fetching extra proxies...
[2026-07-19 21:01:55] [INFO] All date-based sources have today's file available, using today
[2026-07-19 21:01:55] [INFO] Downloading: https://raw.githubusercontent.com/zhangkaiitugithub/passcro/main/speednodes.yaml
[2026-07-19 21:01:55] [INFO] Downloading: https://raw.githubusercontent.com/peasoft/NoMoreWalls/master/list.yml
[2026-07-19 21:01:55] [INFO] Downloading: https://raw.githubusercontent.com/mahdibland/SSAggregator/master/sub/sub_merge_yaml.yml
[2026-07-19 21:01:55] [INFO] Downloading: https://raw.githubusercontent.com/ts-sf/fly/main/clash
[2026-07-19 21:01:59] [INFO] Fetched 3345 unique proxies for Load Balancer.
[2026-07-19 21:01:59] [INFO] Downloading: https://node.nodefree.me/2026/07/20260719.yaml
[2026-07-19 21:01:59] [INFO] Downloading: https://static.v2rayshare.net/2026/07/20260719.yaml
[2026-07-19 21:01:59] [INFO] Downloading: https://tt.vg/freeclash
[2026-07-19 21:01:59] [INFO] Downloading: https://raw.githubusercontent.com/Ruk1ng001/freeSub/main/clash.yaml
[2026-07-19 21:01:59] [INFO] Downloading: https://raw.githubusercontent.com/free18/v2ray/main/c.yaml
[2026-07-19 21:01:59] [WARNING] Filtered proxy 🔴🇸🇪[🤖📺🎭🎪]_github.com/Ruk1ng001_3e647cee: reality-opts short-id '' missing or invalid
[2026-07-19 21:01:59] [WARNING] Filtered proxy 🇵🇱_波兰_32: reality-opts short-id '' missing or invalid
[2026-07-19 21:01:59] [INFO] Fetched 247 unique proxies for Auto Select.
[2026-07-19 21:01:59] [INFO] Filtered original proxies: 24 remaining
[2026-07-19 21:02:01] [INFO] Successfully wrote config to ./public/subscribe/clash.yml
[2026-07-20 10:24:05] [INFO] Downloading: https://www.ermao.net/sub/clash/ermao.net
[2026-07-20 10:24:06] [INFO] Main subscription fetched and parsed.
[2026-07-20 10:24:06] [INFO] Downloading rule-providers...
[2026-07-20 10:24:06] [INFO] Downloading: https://raw.githubusercontent.com/ACL4SSR/ACL4SSR/refs/heads/master/Clash/LocalAreaNetwork.list
[2026-07-20 10:24:06] [INFO] Downloaded rule-provider LocalAreaNetwork -> ./public/rules/LocalAreaNetwork.yaml
[2026-07-20 10:24:06] [INFO] Updated rule-provider LocalAreaNetwork URL to https://cdn.honglin.ac.cn/statically/gh/flinhong/configs/public/rules/LocalAreaNetwork.yaml
[2026-07-20 10:24:06] [INFO] Downloading: https://raw.githubusercontent.com/ACL4SSR/ACL4SSR/refs/heads/master/Clash/BanAD.list
[2026-07-20 10:24:06] [INFO] Downloaded rule-provider BanAD -> ./public/rules/BanAD.yaml
[2026-07-20 10:24:06] [INFO] Updated rule-provider BanAD URL to https://cdn.honglin.ac.cn/statically/gh/flinhong/configs/public/rules/BanAD.yaml
[2026-07-20 10:24:06] [INFO] Downloading: https://raw.githubusercontent.com/ACL4SSR/ACL4SSR/refs/heads/master/Clash/BanProgramAD.list
[2026-07-20 10:24:06] [INFO] Downloaded rule-provider BanProgramAD -> ./public/rules/BanProgramAD.yaml
[2026-07-20 10:24:06] [INFO] Updated rule-provider BanProgramAD URL to https://cdn.honglin.ac.cn/statically/gh/flinhong/configs/public/rules/BanProgramAD.yaml
[2026-07-20 10:24:06] [INFO] Downloading: https://raw.githubusercontent.com/ACL4SSR/ACL4SSR/refs/heads/master/Clash/BanEasyList.list
[2026-07-20 10:24:06] [INFO] Downloaded rule-provider BanEasyList -> ./public/rules/BanEasyList.yaml
[2026-07-20 10:24:06] [INFO] Updated rule-provider BanEasyList URL to https://cdn.honglin.ac.cn/statically/gh/flinhong/configs/public/rules/BanEasyList.yaml
[2026-07-20 10:24:06] [INFO] Downloading: https://raw.githubusercontent.com/ACL4SSR/ACL4SSR/refs/heads/master/Clash/BanEasyListChina.list
[2026-07-20 10:24:06] [INFO] Downloaded rule-provider BanEasyListChina -> ./public/rules/BanEasyListChina.yaml
[2026-07-20 10:24:06] [INFO] Updated rule-provider BanEasyListChina URL to https://cdn.honglin.ac.cn/statically/gh/flinhong/configs/public/rules/BanEasyListChina.yaml
[2026-07-20 10:24:06] [INFO] Downloading: https://raw.githubusercontent.com/ACL4SSR/ACL4SSR/refs/heads/master/Clash/BanEasyPrivacy.list
[2026-07-20 10:24:07] [INFO] Downloaded rule-provider BanEasyPrivacy -> ./public/rules/BanEasyPrivacy.yaml
[2026-07-20 10:24:07] [INFO] Updated rule-provider BanEasyPrivacy URL to https://cdn.honglin.ac.cn/statically/gh/flinhong/configs/public/rules/BanEasyPrivacy.yaml
[2026-07-20 10:24:07] [INFO] Downloading: https://raw.githubusercontent.com/ACL4SSR/ACL4SSR/refs/heads/master/Clash/GoogleCN.list
[2026-07-20 10:24:07] [INFO] Downloaded rule-provider GoogleCN -> ./public/rules/GoogleCN.yaml
[2026-07-20 10:24:07] [INFO] Updated rule-provider GoogleCN URL to https://cdn.honglin.ac.cn/statically/gh/flinhong/configs/public/rules/GoogleCN.yaml
[2026-07-20 10:24:07] [INFO] Downloading: https://raw.githubusercontent.com/ACL4SSR/ACL4SSR/refs/heads/master/Clash/Ruleset/SteamCN.list
[2026-07-20 10:24:07] [INFO] Downloaded rule-provider SteamCN -> ./public/rules/SteamCN.yaml
[2026-07-20 10:24:07] [INFO] Updated rule-provider SteamCN URL to https://cdn.honglin.ac.cn/statically/gh/flinhong/configs/public/rules/SteamCN.yaml
[2026-07-20 10:24:07] [INFO] Downloading: https://raw.githubusercontent.com/ACL4SSR/ACL4SSR/refs/heads/master/Clash/Microsoft.list
[2026-07-20 10:24:07] [INFO] Downloaded rule-provider Microsoft -> ./public/rules/Microsoft.yaml
[2026-07-20 10:24:07] [INFO] Updated rule-provider Microsoft URL to https://cdn.honglin.ac.cn/statically/gh/flinhong/configs/public/rules/Microsoft.yaml
[2026-07-20 10:24:07] [INFO] Downloading: https://raw.githubusercontent.com/ACL4SSR/ACL4SSR/refs/heads/master/Clash/Apple.list
[2026-07-20 10:24:07] [INFO] Downloaded rule-provider Apple -> ./public/rules/Apple.yaml
[2026-07-20 10:24:07] [INFO] Updated rule-provider Apple URL to https://cdn.honglin.ac.cn/statically/gh/flinhong/configs/public/rules/Apple.yaml
[2026-07-20 10:24:07] [INFO] Downloading: https://raw.githubusercontent.com/ACL4SSR/ACL4SSR/refs/heads/master/Clash/ProxyMedia.list
[2026-07-20 10:24:07] [INFO] Downloaded rule-provider ProxyMedia -> ./public/rules/ProxyMedia.yaml
[2026-07-20 10:24:07] [INFO] Updated rule-provider ProxyMedia URL to https://cdn.honglin.ac.cn/statically/gh/flinhong/configs/public/rules/ProxyMedia.yaml
[2026-07-20 10:24:07] [INFO] Downloading: https://raw.githubusercontent.com/ACL4SSR/ACL4SSR/refs/heads/master/Clash/Telegram.list
[2026-07-20 10:24:07] [INFO] Downloaded rule-provider Telegram -> ./public/rules/Telegram.yaml
[2026-07-20 10:24:07] [INFO] Updated rule-provider Telegram URL to https://cdn.honglin.ac.cn/statically/gh/flinhong/configs/public/rules/Telegram.yaml
[2026-07-20 10:24:07] [INFO] Downloading: https://raw.githubusercontent.com/ACL4SSR/ACL4SSR/refs/heads/master/Clash/ProxyLite.list
[2026-07-20 10:24:08] [INFO] Downloaded rule-provider ProxyLite -> ./public/rules/ProxyLite.yaml
[2026-07-20 10:24:08] [INFO] Updated rule-provider ProxyLite URL to https://cdn.honglin.ac.cn/statically/gh/flinhong/configs/public/rules/ProxyLite.yaml
[2026-07-20 10:24:08] [INFO] Downloading: https://raw.githubusercontent.com/ACL4SSR/ACL4SSR/refs/heads/master/Clash/ChinaDomain.list
[2026-07-20 10:24:08] [INFO] Downloaded rule-provider ChinaDomain -> ./public/rules/ChinaDomain.yaml
[2026-07-20 10:24:08] [INFO] Updated rule-provider ChinaDomain URL to https://cdn.honglin.ac.cn/statically/gh/flinhong/configs/public/rules/ChinaDomain.yaml
[2026-07-20 10:24:08] [INFO] Downloading: https://raw.githubusercontent.com/ACL4SSR/ACL4SSR/refs/heads/master/Clash/ChinaCompanyIp.list
[2026-07-20 10:24:08] [INFO] Downloaded rule-provider ChinaCompanyIp -> ./public/rules/ChinaCompanyIp.yaml
[2026-07-20 10:24:08] [INFO] Updated rule-provider ChinaCompanyIp URL to https://cdn.honglin.ac.cn/statically/gh/flinhong/configs/public/rules/ChinaCompanyIp.yaml
[2026-07-20 10:24:08] [INFO] Fetching extra proxies...
[2026-07-20 10:24:08] [INFO] All date-based sources have today's file available, using today
[2026-07-20 10:24:08] [INFO] Downloading: https://raw.githubusercontent.com/zhangkaiitugithub/passcro/main/speednodes.yaml
[2026-07-20 10:24:08] [INFO] Downloading: https://raw.githubusercontent.com/peasoft/NoMoreWalls/master/list.yml
[2026-07-20 10:24:08] [INFO] Downloading: https://raw.githubusercontent.com/mahdibland/SSAggregator/master/sub/sub_merge_yaml.yml
[2026-07-20 10:24:08] [INFO] Downloading: https://raw.githubusercontent.com/ts-sf/fly/main/clash
[2026-07-20 10:24:11] [INFO] Fetched 3266 unique proxies for Load Balancer.
[2026-07-20 10:24:11] [INFO] Downloading: https://node.nodefree.me/2026/07/20260720.yaml
[2026-07-20 10:24:11] [INFO] Downloading: https://static.v2rayshare.net/2026/07/20260720.yaml
[2026-07-20 10:24:11] [INFO] Downloading: https://tt.vg/freeclash
[2026-07-20 10:24:11] [INFO] Downloading: https://raw.githubusercontent.com/Ruk1ng001/freeSub/main/clash.yaml
[2026-07-20 10:24:11] [INFO] Downloading: https://raw.githubusercontent.com/free18/v2ray/main/c.yaml
[2026-07-20 10:24:12] [WARNING] Filtered proxy 🇵🇱_波兰_32: reality-opts short-id '' missing or invalid
[2026-07-20 10:24:12] [INFO] Fetched 245 unique proxies for Auto Select.
[2026-07-20 10:24:12] [INFO] Filtered original proxies: 30 remaining
[2026-07-20 10:24:13] [INFO] Successfully wrote config to ./public/subscribe/clash.yml
[2026-07-20 21:53:03] [INFO] Downloading: https://www.ermao.net/sub/clash/ermao.net
[2026-07-20 21:53:04] [INFO] Main subscription fetched and parsed.
[2026-07-20 21:53:04] [INFO] Downloading rule-providers...
[2026-07-20 21:53:04] [INFO] Downloading: https://raw.githubusercontent.com/ACL4SSR/ACL4SSR/refs/heads/master/Clash/LocalAreaNetwork.list
[2026-07-20 21:53:04] [INFO] Downloaded rule-provider LocalAreaNetwork -> ./public/rules/LocalAreaNetwork.yaml
[2026-07-20 21:53:04] [INFO] Updated rule-provider LocalAreaNetwork URL to https://cdn.honglin.ac.cn/statically/gh/flinhong/configs/public/rules/LocalAreaNetwork.yaml
[2026-07-20 21:53:04] [INFO] Downloading: https://raw.githubusercontent.com/ACL4SSR/ACL4SSR/refs/heads/master/Clash/BanAD.list
[2026-07-20 21:53:04] [INFO] Downloaded rule-provider BanAD -> ./public/rules/BanAD.yaml
[2026-07-20 21:53:04] [INFO] Updated rule-provider BanAD URL to https://cdn.honglin.ac.cn/statically/gh/flinhong/configs/public/rules/BanAD.yaml
[2026-07-20 21:53:04] [INFO] Downloading: https://raw.githubusercontent.com/ACL4SSR/ACL4SSR/refs/heads/master/Clash/BanProgramAD.list
[2026-07-20 21:53:04] [INFO] Downloaded rule-provider BanProgramAD -> ./public/rules/BanProgramAD.yaml
[2026-07-20 21:53:04] [INFO] Updated rule-provider BanProgramAD URL to https://cdn.honglin.ac.cn/statically/gh/flinhong/configs/public/rules/BanProgramAD.yaml
[2026-07-20 21:53:04] [INFO] Downloading: https://raw.githubusercontent.com/ACL4SSR/ACL4SSR/refs/heads/master/Clash/BanEasyList.list
[2026-07-20 21:53:05] [INFO] Downloaded rule-provider BanEasyList -> ./public/rules/BanEasyList.yaml
[2026-07-20 21:53:05] [INFO] Updated rule-provider BanEasyList URL to https://cdn.honglin.ac.cn/statically/gh/flinhong/configs/public/rules/BanEasyList.yaml
[2026-07-20 21:53:05] [INFO] Downloading: https://raw.githubusercontent.com/ACL4SSR/ACL4SSR/refs/heads/master/Clash/BanEasyListChina.list
[2026-07-20 21:53:05] [INFO] Downloaded rule-provider BanEasyListChina -> ./public/rules/BanEasyListChina.yaml
[2026-07-20 21:53:05] [INFO] Updated rule-provider BanEasyListChina URL to https://cdn.honglin.ac.cn/statically/gh/flinhong/configs/public/rules/BanEasyListChina.yaml
[2026-07-20 21:53:05] [INFO] Downloading: https://raw.githubusercontent.com/ACL4SSR/ACL4SSR/refs/heads/master/Clash/BanEasyPrivacy.list
[2026-07-20 21:53:06] [INFO] Downloaded rule-provider BanEasyPrivacy -> ./public/rules/BanEasyPrivacy.yaml
[2026-07-20 21:53:06] [INFO] Updated rule-provider BanEasyPrivacy URL to https://cdn.honglin.ac.cn/statically/gh/flinhong/configs/public/rules/BanEasyPrivacy.yaml
[2026-07-20 21:53:06] [INFO] Downloading: https://raw.githubusercontent.com/ACL4SSR/ACL4SSR/refs/heads/master/Clash/GoogleCN.list
[2026-07-20 21:53:06] [INFO] Downloaded rule-provider GoogleCN -> ./public/rules/GoogleCN.yaml
[2026-07-20 21:53:06] [INFO] Updated rule-provider GoogleCN URL to https://cdn.honglin.ac.cn/statically/gh/flinhong/configs/public/rules/GoogleCN.yaml
[2026-07-20 21:53:06] [INFO] Downloading: https://raw.githubusercontent.com/ACL4SSR/ACL4SSR/refs/heads/master/Clash/Ruleset/SteamCN.list
[2026-07-20 21:53:06] [INFO] Downloaded rule-provider SteamCN -> ./public/rules/SteamCN.yaml
[2026-07-20 21:53:06] [INFO] Updated rule-provider SteamCN URL to https://cdn.honglin.ac.cn/statically/gh/flinhong/configs/public/rules/SteamCN.yaml
[2026-07-20 21:53:06] [INFO] Downloading: https://raw.githubusercontent.com/ACL4SSR/ACL4SSR/refs/heads/master/Clash/Microsoft.list
[2026-07-20 21:53:06] [INFO] Downloaded rule-provider Microsoft -> ./public/rules/Microsoft.yaml
[2026-07-20 21:53:06] [INFO] Updated rule-provider Microsoft URL to https://cdn.honglin.ac.cn/statically/gh/flinhong/configs/public/rules/Microsoft.yaml
[2026-07-20 21:53:06] [INFO] Downloading: https://raw.githubusercontent.com/ACL4SSR/ACL4SSR/refs/heads/master/Clash/Apple.list
[2026-07-20 21:53:06] [INFO] Downloaded rule-provider Apple -> ./public/rules/Apple.yaml
[2026-07-20 21:53:06] [INFO] Updated rule-provider Apple URL to https://cdn.honglin.ac.cn/statically/gh/flinhong/configs/public/rules/Apple.yaml
[2026-07-20 21:53:06] [INFO] Downloading: https://raw.githubusercontent.com/ACL4SSR/ACL4SSR/refs/heads/master/Clash/ProxyMedia.list
[2026-07-20 21:53:06] [INFO] Downloaded rule-provider ProxyMedia -> ./public/rules/ProxyMedia.yaml
[2026-07-20 21:53:06] [INFO] Updated rule-provider ProxyMedia URL to https://cdn.honglin.ac.cn/statically/gh/flinhong/configs/public/rules/ProxyMedia.yaml
[2026-07-20 21:53:06] [INFO] Downloading: https://raw.githubusercontent.com/ACL4SSR/ACL4SSR/refs/heads/master/Clash/Telegram.list
[2026-07-20 21:53:06] [INFO] Downloaded rule-provider Telegram -> ./public/rules/Telegram.yaml
[2026-07-20 21:53:06] [INFO] Updated rule-provider Telegram URL to https://cdn.honglin.ac.cn/statically/gh/flinhong/configs/public/rules/Telegram.yaml
[2026-07-20 21:53:06] [INFO] Downloading: https://raw.githubusercontent.com/ACL4SSR/ACL4SSR/refs/heads/master/Clash/ProxyLite.list
[2026-07-20 21:53:06] [INFO] Downloaded rule-provider ProxyLite -> ./public/rules/ProxyLite.yaml
[2026-07-20 21:53:06] [INFO] Updated rule-provider ProxyLite URL to https://cdn.honglin.ac.cn/statically/gh/flinhong/configs/public/rules/ProxyLite.yaml
[2026-07-20 21:53:06] [INFO] Downloading: https://raw.githubusercontent.com/ACL4SSR/ACL4SSR/refs/heads/master/Clash/ChinaDomain.list
[2026-07-20 21:53:06] [INFO] Downloaded rule-provider ChinaDomain -> ./public/rules/ChinaDomain.yaml
[2026-07-20 21:53:06] [INFO] Updated rule-provider ChinaDomain URL to https://cdn.honglin.ac.cn/statically/gh/flinhong/configs/public/rules/ChinaDomain.yaml
[2026-07-20 21:53:06] [INFO] Downloading: https://raw.githubusercontent.com/ACL4SSR/ACL4SSR/refs/heads/master/Clash/ChinaCompanyIp.list
[2026-07-20 21:53:06] [INFO] Downloaded rule-provider ChinaCompanyIp -> ./public/rules/ChinaCompanyIp.yaml
[2026-07-20 21:53:06] [INFO] Updated rule-provider ChinaCompanyIp URL to https://cdn.honglin.ac.cn/statically/gh/flinhong/configs/public/rules/ChinaCompanyIp.yaml
[2026-07-20 21:53:06] [INFO] Fetching extra proxies...
[2026-07-20 21:53:07] [INFO] All date-based sources have today's file available, using today
[2026-07-20 21:53:07] [INFO] Downloading: https://raw.githubusercontent.com/zhangkaiitugithub/passcro/main/speednodes.yaml
[2026-07-20 21:53:07] [INFO] Downloading: https://raw.githubusercontent.com/peasoft/NoMoreWalls/master/list.yml
[2026-07-20 21:53:07] [INFO] Downloading: https://raw.githubusercontent.com/mahdibland/SSAggregator/master/sub/sub_merge_yaml.yml
[2026-07-20 21:53:07] [INFO] Downloading: https://raw.githubusercontent.com/ts-sf/fly/main/clash
[2026-07-20 21:53:10] [INFO] Fetched 3262 unique proxies for Load Balancer.
[2026-07-20 21:53:10] [INFO] Downloading: https://node.nodefree.me/2026/07/20260720.yaml
[2026-07-20 21:53:10] [INFO] Downloading: https://static.v2rayshare.net/2026/07/20260720.yaml
[2026-07-20 21:53:10] [INFO] Downloading: https://tt.vg/freeclash
[2026-07-20 21:53:10] [INFO] Downloading: https://raw.githubusercontent.com/Ruk1ng001/freeSub/main/clash.yaml
[2026-07-20 21:53:10] [INFO] Downloading: https://raw.githubusercontent.com/free18/v2ray/main/c.yaml
[2026-07-20 21:53:11] [WARNING] Filtered proxy 🇵🇱_波兰_8: reality-opts short-id '' missing or invalid
[2026-07-20 21:53:11] [INFO] Fetched 223 unique proxies for Auto Select.
[2026-07-20 21:53:11] [INFO] Filtered original proxies: 21 remaining
[2026-07-20 21:53:12] [INFO] Successfully wrote config to ./public/subscribe/clash.yml
[2026-07-21 10:02:29] [INFO] Downloading: https://www.ermao.net/sub/clash/ermao.net
[2026-07-21 10:02:29] [INFO] Main subscription fetched and parsed.
[2026-07-21 10:02:29] [INFO] Downloading rule-providers...
[2026-07-21 10:02:29] [INFO] Downloading: https://raw.githubusercontent.com/ACL4SSR/ACL4SSR/refs/heads/master/Clash/LocalAreaNetwork.list
[2026-07-21 10:02:30] [INFO] Downloaded rule-provider LocalAreaNetwork -> ./public/rules/LocalAreaNetwork.yaml
[2026-07-21 10:02:30] [INFO] Updated rule-provider LocalAreaNetwork URL to https://cdn.honglin.ac.cn/statically/gh/flinhong/configs/public/rules/LocalAreaNetwork.yaml
[2026-07-21 10:02:30] [INFO] Downloading: https://raw.githubusercontent.com/ACL4SSR/ACL4SSR/refs/heads/master/Clash/BanAD.list
[2026-07-21 10:02:30] [INFO] Downloaded rule-provider BanAD -> ./public/rules/BanAD.yaml
[2026-07-21 10:02:30] [INFO] Updated rule-provider BanAD URL to https://cdn.honglin.ac.cn/statically/gh/flinhong/configs/public/rules/BanAD.yaml
[2026-07-21 10:02:30] [INFO] Downloading: https://raw.githubusercontent.com/ACL4SSR/ACL4SSR/refs/heads/master/Clash/BanProgramAD.list
[2026-07-21 10:02:30] [INFO] Downloaded rule-provider BanProgramAD -> ./public/rules/BanProgramAD.yaml
[2026-07-21 10:02:30] [INFO] Updated rule-provider BanProgramAD URL to https://cdn.honglin.ac.cn/statically/gh/flinhong/configs/public/rules/BanProgramAD.yaml
[2026-07-21 10:02:30] [INFO] Downloading: https://raw.githubusercontent.com/ACL4SSR/ACL4SSR/refs/heads/master/Clash/BanEasyList.list
[2026-07-21 10:02:30] [INFO] Downloaded rule-provider BanEasyList -> ./public/rules/BanEasyList.yaml
[2026-07-21 10:02:30] [INFO] Updated rule-provider BanEasyList URL to https://cdn.honglin.ac.cn/statically/gh/flinhong/configs/public/rules/BanEasyList.yaml
[2026-07-21 10:02:30] [INFO] Downloading: https://raw.githubusercontent.com/ACL4SSR/ACL4SSR/refs/heads/master/Clash/BanEasyListChina.list
[2026-07-21 10:02:30] [INFO] Downloaded rule-provider BanEasyListChina -> ./public/rules/BanEasyListChina.yaml
[2026-07-21 10:02:30] [INFO] Updated rule-provider BanEasyListChina URL to https://cdn.honglin.ac.cn/statically/gh/flinhong/configs/public/rules/BanEasyListChina.yaml
[2026-07-21 10:02:30] [INFO] Downloading: https://raw.githubusercontent.com/ACL4SSR/ACL4SSR/refs/heads/master/Clash/BanEasyPrivacy.list
[2026-07-21 10:02:31] [INFO] Downloaded rule-provider BanEasyPrivacy -> ./public/rules/BanEasyPrivacy.yaml
[2026-07-21 10:02:31] [INFO] Updated rule-provider BanEasyPrivacy URL to https://cdn.honglin.ac.cn/statically/gh/flinhong/configs/public/rules/BanEasyPrivacy.yaml
[2026-07-21 10:02:31] [INFO] Downloading: https://raw.githubusercontent.com/ACL4SSR/ACL4SSR/refs/heads/master/Clash/GoogleCN.list
[2026-07-21 10:02:31] [INFO] Downloaded rule-provider GoogleCN -> ./public/rules/GoogleCN.yaml
[2026-07-21 10:02:31] [INFO] Updated rule-provider GoogleCN URL to https://cdn.honglin.ac.cn/statically/gh/flinhong/configs/public/rules/GoogleCN.yaml
[2026-07-21 10:02:31] [INFO] Downloading: https://raw.githubusercontent.com/ACL4SSR/ACL4SSR/refs/heads/master/Clash/Ruleset/SteamCN.list
[2026-07-21 10:02:31] [INFO] Downloaded rule-provider SteamCN -> ./public/rules/SteamCN.yaml
[2026-07-21 10:02:31] [INFO] Updated rule-provider SteamCN URL to https://cdn.honglin.ac.cn/statically/gh/flinhong/configs/public/rules/SteamCN.yaml
[2026-07-21 10:02:31] [INFO] Downloading: https://raw.githubusercontent.com/ACL4SSR/ACL4SSR/refs/heads/master/Clash/Microsoft.list
[2026-07-21 10:02:32] [INFO] Downloaded rule-provider Microsoft -> ./public/rules/Microsoft.yaml
[2026-07-21 10:02:32] [INFO] Updated rule-provider Microsoft URL to https://cdn.honglin.ac.cn/statically/gh/flinhong/configs/public/rules/Microsoft.yaml
[2026-07-21 10:02:32] [INFO] Downloading: https://raw.githubusercontent.com/ACL4SSR/ACL4SSR/refs/heads/master/Clash/Apple.list
[2026-07-21 10:02:32] [INFO] Downloaded rule-provider Apple -> ./public/rules/Apple.yaml
[2026-07-21 10:02:32] [INFO] Updated rule-provider Apple URL to https://cdn.honglin.ac.cn/statically/gh/flinhong/configs/public/rules/Apple.yaml
[2026-07-21 10:02:32] [INFO] Downloading: https://raw.githubusercontent.com/ACL4SSR/ACL4SSR/refs/heads/master/Clash/ProxyMedia.list
[2026-07-21 10:02:32] [INFO] Downloaded rule-provider ProxyMedia -> ./public/rules/ProxyMedia.yaml
[2026-07-21 10:02:32] [INFO] Updated rule-provider ProxyMedia URL to https://cdn.honglin.ac.cn/statically/gh/flinhong/configs/public/rules/ProxyMedia.yaml
[2026-07-21 10:02:32] [INFO] Downloading: https://raw.githubusercontent.com/ACL4SSR/ACL4SSR/refs/heads/master/Clash/Telegram.list
[2026-07-21 10:02:32] [INFO] Downloaded rule-provider Telegram -> ./public/rules/Telegram.yaml
[2026-07-21 10:02:32] [INFO] Updated rule-provider Telegram URL to https://cdn.honglin.ac.cn/statically/gh/flinhong/configs/public/rules/Telegram.yaml
[2026-07-21 10:02:32] [INFO] Downloading: https://raw.githubusercontent.com/ACL4SSR/ACL4SSR/refs/heads/master/Clash/ProxyLite.list
[2026-07-21 10:02:32] [INFO] Downloaded rule-provider ProxyLite -> ./public/rules/ProxyLite.yaml
[2026-07-21 10:02:32] [INFO] Updated rule-provider ProxyLite URL to https://cdn.honglin.ac.cn/statically/gh/flinhong/configs/public/rules/ProxyLite.yaml
[2026-07-21 10:02:32] [INFO] Downloading: https://raw.githubusercontent.com/ACL4SSR/ACL4SSR/refs/heads/master/Clash/ChinaDomain.list
[2026-07-21 10:02:32] [INFO] Downloaded rule-provider ChinaDomain -> ./public/rules/ChinaDomain.yaml
[2026-07-21 10:02:32] [INFO] Updated rule-provider ChinaDomain URL to https://cdn.honglin.ac.cn/statically/gh/flinhong/configs/public/rules/ChinaDomain.yaml
[2026-07-21 10:02:32] [INFO] Downloading: https://raw.githubusercontent.com/ACL4SSR/ACL4SSR/refs/heads/master/Clash/ChinaCompanyIp.list
[2026-07-21 10:02:32] [INFO] Downloaded rule-provider ChinaCompanyIp -> ./public/rules/ChinaCompanyIp.yaml
[2026-07-21 10:02:32] [INFO] Updated rule-provider ChinaCompanyIp URL to https://cdn.honglin.ac.cn/statically/gh/flinhong/configs/public/rules/ChinaCompanyIp.yaml
[2026-07-21 10:02:32] [INFO] Fetching extra proxies...
[2026-07-21 10:02:33] [INFO] All date-based sources have today's file available, using today
[2026-07-21 10:02:33] [INFO] Downloading: https://raw.githubusercontent.com/zhangkaiitugithub/passcro/main/speednodes.yaml
[2026-07-21 10:02:33] [INFO] Downloading: https://raw.githubusercontent.com/peasoft/NoMoreWalls/master/list.yml
[2026-07-21 10:02:33] [INFO] Downloading: https://raw.githubusercontent.com/ts-sf/fly/main/clash
[2026-07-21 10:02:33] [INFO] Downloading: https://raw.githubusercontent.com/mahdibland/SSAggregator/master/sub/sub_merge_yaml.yml
[2026-07-21 10:02:37] [INFO] Fetched 3276 unique proxies for Load Balancer.
[2026-07-21 10:02:37] [INFO] Downloading: https://node.nodefree.me/2026/07/20260721.yaml
[2026-07-21 10:02:37] [INFO] Downloading: https://static.v2rayshare.net/2026/07/20260721.yaml
[2026-07-21 10:02:37] [INFO] Downloading: https://raw.githubusercontent.com/Ruk1ng001/freeSub/main/clash.yaml
[2026-07-21 10:02:37] [INFO] Downloading: https://tt.vg/freeclash
[2026-07-21 10:02:37] [INFO] Downloading: https://raw.githubusercontent.com/free18/v2ray/main/c.yaml
[2026-07-21 10:02:37] [WARNING] Filtered proxy 🇵🇱_波兰_8: reality-opts short-id '' missing or invalid
[2026-07-21 10:02:37] [WARNING] Filtered proxy 🇹🇭_TH_泰国: reality-opts short-id '' missing or invalid
[2026-07-21 10:02:37] [WARNING] Filtered proxy 🇹🇭_TH_泰国: reality-opts short-id '' missing or invalid
[2026-07-21 10:02:37] [INFO] Fetched 232 unique proxies for Auto Select.
[2026-07-21 10:02:37] [INFO] Filtered original proxies: 22 remaining
[2026-07-21 10:02:39] [INFO] Successfully wrote config to ./public/subscribe/clash.yml
[2026-07-21 21:23:41] [INFO] Downloading: https://www.ermao.net/sub/clash/ermao.net
[2026-07-21 21:23:41] [INFO] Main subscription fetched and parsed.
[2026-07-21 21:23:41] [INFO] Downloading rule-providers...
[2026-07-21 21:23:41] [INFO] Downloading: https://raw.githubusercontent.com/ACL4SSR/ACL4SSR/refs/heads/master/Clash/LocalAreaNetwork.list
[2026-07-21 21:23:41] [INFO] Downloaded rule-provider LocalAreaNetwork -> ./public/rules/LocalAreaNetwork.yaml
[2026-07-21 21:23:41] [INFO] Updated rule-provider LocalAreaNetwork URL to https://cdn.honglin.ac.cn/statically/gh/flinhong/configs/public/rules/LocalAreaNetwork.yaml
[2026-07-21 21:23:41] [INFO] Downloading: https://raw.githubusercontent.com/ACL4SSR/ACL4SSR/refs/heads/master/Clash/BanAD.list
[2026-07-21 21:23:42] [INFO] Downloaded rule-provider BanAD -> ./public/rules/BanAD.yaml
[2026-07-21 21:23:42] [INFO] Updated rule-provider BanAD URL to https://cdn.honglin.ac.cn/statically/gh/flinhong/configs/public/rules/BanAD.yaml
[2026-07-21 21:23:42] [INFO] Downloading: https://raw.githubusercontent.com/ACL4SSR/ACL4SSR/refs/heads/master/Clash/BanProgramAD.list
[2026-07-21 21:23:42] [INFO] Downloaded rule-provider BanProgramAD -> ./public/rules/BanProgramAD.yaml
[2026-07-21 21:23:42] [INFO] Updated rule-provider BanProgramAD URL to https://cdn.honglin.ac.cn/statically/gh/flinhong/configs/public/rules/BanProgramAD.yaml
[2026-07-21 21:23:42] [INFO] Downloading: https://raw.githubusercontent.com/ACL4SSR/ACL4SSR/refs/heads/master/Clash/BanEasyList.list
[2026-07-21 21:23:43] [INFO] Downloaded rule-provider BanEasyList -> ./public/rules/BanEasyList.yaml
[2026-07-21 21:23:43] [INFO] Updated rule-provider BanEasyList URL to https://cdn.honglin.ac.cn/statically/gh/flinhong/configs/public/rules/BanEasyList.yaml
[2026-07-21 21:23:43] [INFO] Downloading: https://raw.githubusercontent.com/ACL4SSR/ACL4SSR/refs/heads/master/Clash/BanEasyListChina.list
[2026-07-21 21:23:43] [INFO] Downloaded rule-provider BanEasyListChina -> ./public/rules/BanEasyListChina.yaml
[2026-07-21 21:23:43] [INFO] Updated rule-provider BanEasyListChina URL to https://cdn.honglin.ac.cn/statically/gh/flinhong/configs/public/rules/BanEasyListChina.yaml
[2026-07-21 21:23:43] [INFO] Downloading: https://raw.githubusercontent.com/ACL4SSR/ACL4SSR/refs/heads/master/Clash/BanEasyPrivacy.list
[2026-07-21 21:23:43] [INFO] Downloaded rule-provider BanEasyPrivacy -> ./public/rules/BanEasyPrivacy.yaml
[2026-07-21 21:23:43] [INFO] Updated rule-provider BanEasyPrivacy URL to https://cdn.honglin.ac.cn/statically/gh/flinhong/configs/public/rules/BanEasyPrivacy.yaml
[2026-07-21 21:23:43] [INFO] Downloading: https://raw.githubusercontent.com/ACL4SSR/ACL4SSR/refs/heads/master/Clash/GoogleCN.list
[2026-07-21 21:23:43] [INFO] Downloaded rule-provider GoogleCN -> ./public/rules/GoogleCN.yaml
[2026-07-21 21:23:43] [INFO] Updated rule-provider GoogleCN URL to https://cdn.honglin.ac.cn/statically/gh/flinhong/configs/public/rules/GoogleCN.yaml
[2026-07-21 21:23:43] [INFO] Downloading: https://raw.githubusercontent.com/ACL4SSR/ACL4SSR/refs/heads/master/Clash/Ruleset/SteamCN.list
[2026-07-21 21:23:44] [INFO] Downloaded rule-provider SteamCN -> ./public/rules/SteamCN.yaml
[2026-07-21 21:23:44] [INFO] Updated rule-provider SteamCN URL to https://cdn.honglin.ac.cn/statically/gh/flinhong/configs/public/rules/SteamCN.yaml
[2026-07-21 21:23:44] [INFO] Downloading: https://raw.githubusercontent.com/ACL4SSR/ACL4SSR/refs/heads/master/Clash/Microsoft.list
[2026-07-21 21:23:44] [INFO] Downloaded rule-provider Microsoft -> ./public/rules/Microsoft.yaml
[2026-07-21 21:23:44] [INFO] Updated rule-provider Microsoft URL to https://cdn.honglin.ac.cn/statically/gh/flinhong/configs/public/rules/Microsoft.yaml
[2026-07-21 21:23:44] [INFO] Downloading: https://raw.githubusercontent.com/ACL4SSR/ACL4SSR/refs/heads/master/Clash/Apple.list
[2026-07-21 21:23:44] [INFO] Downloaded rule-provider Apple -> ./public/rules/Apple.yaml
[2026-07-21 21:23:44] [INFO] Updated rule-provider Apple URL to https://cdn.honglin.ac.cn/statically/gh/flinhong/configs/public/rules/Apple.yaml
[2026-07-21 21:23:44] [INFO] Downloading: https://raw.githubusercontent.com/ACL4SSR/ACL4SSR/refs/heads/master/Clash/ProxyMedia.list
[2026-07-21 21:23:44] [INFO] Downloaded rule-provider ProxyMedia -> ./public/rules/ProxyMedia.yaml
[2026-07-21 21:23:44] [INFO] Updated rule-provider ProxyMedia URL to https://cdn.honglin.ac.cn/statically/gh/flinhong/configs/public/rules/ProxyMedia.yaml
[2026-07-21 21:23:44] [INFO] Downloading: https://raw.githubusercontent.com/ACL4SSR/ACL4SSR/refs/heads/master/Clash/Telegram.list
[2026-07-21 21:23:44] [INFO] Downloaded rule-provider Telegram -> ./public/rules/Telegram.yaml
[2026-07-21 21:23:44] [INFO] Updated rule-provider Telegram URL to https://cdn.honglin.ac.cn/statically/gh/flinhong/configs/public/rules/Telegram.yaml
[2026-07-21 21:23:44] [INFO] Downloading: https://raw.githubusercontent.com/ACL4SSR/ACL4SSR/refs/heads/master/Clash/ProxyLite.list
[2026-07-21 21:23:44] [INFO] Downloaded rule-provider ProxyLite -> ./public/rules/ProxyLite.yaml
[2026-07-21 21:23:44] [INFO] Updated rule-provider ProxyLite URL to https://cdn.honglin.ac.cn/statically/gh/flinhong/configs/public/rules/ProxyLite.yaml
[2026-07-21 21:23:44] [INFO] Downloading: https://raw.githubusercontent.com/ACL4SSR/ACL4SSR/refs/heads/master/Clash/ChinaDomain.list
[2026-07-21 21:23:44] [INFO] Downloaded rule-provider ChinaDomain -> ./public/rules/ChinaDomain.yaml
[2026-07-21 21:23:44] [INFO] Updated rule-provider ChinaDomain URL to https://cdn.honglin.ac.cn/statically/gh/flinhong/configs/public/rules/ChinaDomain.yaml
[2026-07-21 21:23:44] [INFO] Downloading: https://raw.githubusercontent.com/ACL4SSR/ACL4SSR/refs/heads/master/Clash/ChinaCompanyIp.list
[2026-07-21 21:23:45] [INFO] Downloaded rule-provider ChinaCompanyIp -> ./public/rules/ChinaCompanyIp.yaml
[2026-07-21 21:23:45] [INFO] Updated rule-provider ChinaCompanyIp URL to https://cdn.honglin.ac.cn/statically/gh/flinhong/configs/public/rules/ChinaCompanyIp.yaml
[2026-07-21 21:23:45] [INFO] Fetching extra proxies...
[2026-07-21 21:23:45] [INFO] All date-based sources have today's file available, using today
[2026-07-21 21:23:45] [INFO] Downloading: https://raw.githubusercontent.com/zhangkaiitugithub/passcro/main/speednodes.yaml
[2026-07-21 21:23:45] [INFO] Downloading: https://raw.githubusercontent.com/peasoft/NoMoreWalls/master/list.yml
[2026-07-21 21:23:45] [INFO] Downloading: https://raw.githubusercontent.com/mahdibland/SSAggregator/master/sub/sub_merge_yaml.yml
[2026-07-21 21:23:45] [INFO] Downloading: https://raw.githubusercontent.com/ts-sf/fly/main/clash
[2026-07-21 21:23:48] [INFO] Fetched 3298 unique proxies for Load Balancer.
[2026-07-21 21:23:48] [INFO] Downloading: https://node.nodefree.me/2026/07/20260721.yaml
[2026-07-21 21:23:48] [INFO] Downloading: https://static.v2rayshare.net/2026/07/20260721.yaml
[2026-07-21 21:23:48] [INFO] Downloading: https://raw.githubusercontent.com/free18/v2ray/main/c.yaml
[2026-07-21 21:23:48] [INFO] Downloading: https://raw.githubusercontent.com/Ruk1ng001/freeSub/main/clash.yaml
[2026-07-21 21:23:48] [INFO] Downloading: https://tt.vg/freeclash
[2026-07-21 21:23:48] [WARNING] Filtered proxy 🇹🇭_TH_泰国: reality-opts short-id '' missing or invalid
[2026-07-21 21:23:48] [WARNING] Filtered proxy 🇹🇭_TH_泰国: reality-opts short-id '' missing or invalid
[2026-07-21 21:23:48] [INFO] Fetched 132 unique proxies for Auto Select.
[2026-07-21 21:23:48] [INFO] Filtered original proxies: 21 remaining
[2026-07-21 21:23:49] [INFO] Successfully wrote config to ./public/subscribe/clash.yml
[2026-07-22 10:00:55] [INFO] Downloading: https://www.ermao.net/sub/clash/ermao.net
[2026-07-22 10:00:55] [INFO] Main subscription fetched and parsed.
[2026-07-22 10:00:55] [INFO] Downloading rule-providers...
[2026-07-22 10:00:55] [INFO] Downloading: https://raw.githubusercontent.com/ACL4SSR/ACL4SSR/refs/heads/master/Clash/LocalAreaNetwork.list
[2026-07-22 10:00:55] [INFO] Downloaded rule-provider LocalAreaNetwork -> ./public/rules/LocalAreaNetwork.yaml
[2026-07-22 10:00:55] [INFO] Updated rule-provider LocalAreaNetwork URL to https://cdn.honglin.ac.cn/statically/gh/flinhong/configs/public/rules/LocalAreaNetwork.yaml
[2026-07-22 10:00:55] [INFO] Downloading: https://raw.githubusercontent.com/ACL4SSR/ACL4SSR/refs/heads/master/Clash/BanAD.list
[2026-07-22 10:00:55] [INFO] Downloaded rule-provider BanAD -> ./public/rules/BanAD.yaml
[2026-07-22 10:00:55] [INFO] Updated rule-provider BanAD URL to https://cdn.honglin.ac.cn/statically/gh/flinhong/configs/public/rules/BanAD.yaml
[2026-07-22 10:00:55] [INFO] Downloading: https://raw.githubusercontent.com/ACL4SSR/ACL4SSR/refs/heads/master/Clash/BanProgramAD.list
[2026-07-22 10:00:55] [INFO] Downloaded rule-provider BanProgramAD -> ./public/rules/BanProgramAD.yaml
[2026-07-22 10:00:55] [INFO] Updated rule-provider BanProgramAD URL to https://cdn.honglin.ac.cn/statically/gh/flinhong/configs/public/rules/BanProgramAD.yaml
[2026-07-22 10:00:55] [INFO] Downloading: https://raw.githubusercontent.com/ACL4SSR/ACL4SSR/refs/heads/master/Clash/BanEasyList.list
[2026-07-22 10:00:56] [INFO] Downloaded rule-provider BanEasyList -> ./public/rules/BanEasyList.yaml
[2026-07-22 10:00:56] [INFO] Updated rule-provider BanEasyList URL to https://cdn.honglin.ac.cn/statically/gh/flinhong/configs/public/rules/BanEasyList.yaml
[2026-07-22 10:00:56] [INFO] Downloading: https://raw.githubusercontent.com/ACL4SSR/ACL4SSR/refs/heads/master/Clash/BanEasyListChina.list
[2026-07-22 10:00:56] [INFO] Downloaded rule-provider BanEasyListChina -> ./public/rules/BanEasyListChina.yaml
[2026-07-22 10:00:56] [INFO] Updated rule-provider BanEasyListChina URL to https://cdn.honglin.ac.cn/statically/gh/flinhong/configs/public/rules/BanEasyListChina.yaml
[2026-07-22 10:00:56] [INFO] Downloading: https://raw.githubusercontent.com/ACL4SSR/ACL4SSR/refs/heads/master/Clash/BanEasyPrivacy.list
[2026-07-22 10:00:56] [INFO] Downloaded rule-provider BanEasyPrivacy -> ./public/rules/BanEasyPrivacy.yaml
[2026-07-22 10:00:56] [INFO] Updated rule-provider BanEasyPrivacy URL to https://cdn.honglin.ac.cn/statically/gh/flinhong/configs/public/rules/BanEasyPrivacy.yaml
[2026-07-22 10:00:56] [INFO] Downloading: https://raw.githubusercontent.com/ACL4SSR/ACL4SSR/refs/heads/master/Clash/GoogleCN.list
[2026-07-22 10:00:56] [INFO] Downloaded rule-provider GoogleCN -> ./public/rules/GoogleCN.yaml
[2026-07-22 10:00:56] [INFO] Updated rule-provider GoogleCN URL to https://cdn.honglin.ac.cn/statically/gh/flinhong/configs/public/rules/GoogleCN.yaml
[2026-07-22 10:00:56] [INFO] Downloading: https://raw.githubusercontent.com/ACL4SSR/ACL4SSR/refs/heads/master/Clash/Ruleset/SteamCN.list
[2026-07-22 10:00:56] [INFO] Downloaded rule-provider SteamCN -> ./public/rules/SteamCN.yaml
[2026-07-22 10:00:56] [INFO] Updated rule-provider SteamCN URL to https://cdn.honglin.ac.cn/statically/gh/flinhong/configs/public/rules/SteamCN.yaml
[2026-07-22 10:00:56] [INFO] Downloading: https://raw.githubusercontent.com/ACL4SSR/ACL4SSR/refs/heads/master/Clash/Microsoft.list
[2026-07-22 10:00:56] [INFO] Downloaded rule-provider Microsoft -> ./public/rules/Microsoft.yaml
[2026-07-22 10:00:56] [INFO] Updated rule-provider Microsoft URL to https://cdn.honglin.ac.cn/statically/gh/flinhong/configs/public/rules/Microsoft.yaml
[2026-07-22 10:00:56] [INFO] Downloading: https://raw.githubusercontent.com/ACL4SSR/ACL4SSR/refs/heads/master/Clash/Apple.list
[2026-07-22 10:00:56] [INFO] Downloaded rule-provider Apple -> ./public/rules/Apple.yaml
[2026-07-22 10:00:56] [INFO] Updated rule-provider Apple URL to https://cdn.honglin.ac.cn/statically/gh/flinhong/configs/public/rules/Apple.yaml
[2026-07-22 10:00:56] [INFO] Downloading: https://raw.githubusercontent.com/ACL4SSR/ACL4SSR/refs/heads/master/Clash/ProxyMedia.list
[2026-07-22 10:00:56] [INFO] Downloaded rule-provider ProxyMedia -> ./public/rules/ProxyMedia.yaml
[2026-07-22 10:00:56] [INFO] Updated rule-provider ProxyMedia URL to https://cdn.honglin.ac.cn/statically/gh/flinhong/configs/public/rules/ProxyMedia.yaml
[2026-07-22 10:00:56] [INFO] Downloading: https://raw.githubusercontent.com/ACL4SSR/ACL4SSR/refs/heads/master/Clash/Telegram.list
[2026-07-22 10:00:57] [INFO] Downloaded rule-provider Telegram -> ./public/rules/Telegram.yaml
[2026-07-22 10:00:57] [INFO] Updated rule-provider Telegram URL to https://cdn.honglin.ac.cn/statically/gh/flinhong/configs/public/rules/Telegram.yaml
[2026-07-22 10:00:57] [INFO] Downloading: https://raw.githubusercontent.com/ACL4SSR/ACL4SSR/refs/heads/master/Clash/ProxyLite.list
[2026-07-22 10:00:57] [INFO] Downloaded rule-provider ProxyLite -> ./public/rules/ProxyLite.yaml
[2026-07-22 10:00:57] [INFO] Updated rule-provider ProxyLite URL to https://cdn.honglin.ac.cn/statically/gh/flinhong/configs/public/rules/ProxyLite.yaml
[2026-07-22 10:00:57] [INFO] Downloading: https://raw.githubusercontent.com/ACL4SSR/ACL4SSR/refs/heads/master/Clash/ChinaDomain.list
[2026-07-22 10:00:57] [INFO] Downloaded rule-provider ChinaDomain -> ./public/rules/ChinaDomain.yaml
[2026-07-22 10:00:57] [INFO] Updated rule-provider ChinaDomain URL to https://cdn.honglin.ac.cn/statically/gh/flinhong/configs/public/rules/ChinaDomain.yaml
[2026-07-22 10:00:57] [INFO] Downloading: https://raw.githubusercontent.com/ACL4SSR/ACL4SSR/refs/heads/master/Clash/ChinaCompanyIp.list
[2026-07-22 10:00:57] [INFO] Downloaded rule-provider ChinaCompanyIp -> ./public/rules/ChinaCompanyIp.yaml
[2026-07-22 10:00:57] [INFO] Updated rule-provider ChinaCompanyIp URL to https://cdn.honglin.ac.cn/statically/gh/flinhong/configs/public/rules/ChinaCompanyIp.yaml
[2026-07-22 10:00:57] [INFO] Fetching extra proxies...
[2026-07-22 10:00:57] [INFO] All date-based sources have today's file available, using today
[2026-07-22 10:00:57] [INFO] Downloading: https://raw.githubusercontent.com/zhangkaiitugithub/passcro/main/speednodes.yaml
[2026-07-22 10:00:57] [INFO] Downloading: https://raw.githubusercontent.com/peasoft/NoMoreWalls/master/list.yml
[2026-07-22 10:00:57] [INFO] Downloading: https://raw.githubusercontent.com/ts-sf/fly/main/clash
[2026-07-22 10:00:57] [INFO] Downloading: https://raw.githubusercontent.com/mahdibland/SSAggregator/master/sub/sub_merge_yaml.yml
[2026-07-22 10:01:01] [INFO] Fetched 3284 unique proxies for Load Balancer.
[2026-07-22 10:01:01] [INFO] Downloading: https://node.nodefree.me/2026/07/20260722.yaml
[2026-07-22 10:01:01] [INFO] Downloading: https://static.v2rayshare.net/2026/07/20260722.yaml
[2026-07-22 10:01:01] [INFO] Downloading: https://tt.vg/freeclash
[2026-07-22 10:01:01] [INFO] Downloading: https://raw.githubusercontent.com/Ruk1ng001/freeSub/main/clash.yaml
[2026-07-22 10:01:01] [INFO] Downloading: https://raw.githubusercontent.com/free18/v2ray/main/c.yaml
[2026-07-22 10:01:01] [WARNING] Filtered proxy 🇹🇭_TH_泰国: reality-opts short-id '' missing or invalid
[2026-07-22 10:01:01] [WARNING] Filtered proxy 🇹🇭_TH_泰国: reality-opts short-id '' missing or invalid
[2026-07-22 10:01:02] [INFO] Fetched 128 unique proxies for Auto Select.
[2026-07-22 10:01:02] [INFO] Filtered original proxies: 22 remaining
[2026-07-22 10:01:03] [INFO] Successfully wrote config to ./public/subscribe/clash.yml
[2026-07-22 21:28:02] [INFO] Downloading: https://www.ermao.net/sub/clash/ermao.net
[2026-07-22 21:28:02] [INFO] Main subscription fetched and parsed.
[2026-07-22 21:28:02] [INFO] Downloading rule-providers...
[2026-07-22 21:28:02] [INFO] Downloading: https://raw.githubusercontent.com/ACL4SSR/ACL4SSR/refs/heads/master/Clash/LocalAreaNetwork.list
[2026-07-22 21:28:02] [INFO] Downloaded rule-provider LocalAreaNetwork -> ./public/rules/LocalAreaNetwork.yaml
[2026-07-22 21:28:02] [INFO] Updated rule-provider LocalAreaNetwork URL to https://cdn.honglin.ac.cn/statically/gh/flinhong/configs/public/rules/LocalAreaNetwork.yaml
[2026-07-22 21:28:02] [INFO] Downloading: https://raw.githubusercontent.com/ACL4SSR/ACL4SSR/refs/heads/master/Clash/BanAD.list
[2026-07-22 21:28:02] [INFO] Downloaded rule-provider BanAD -> ./public/rules/BanAD.yaml
[2026-07-22 21:28:02] [INFO] Updated rule-provider BanAD URL to https://cdn.honglin.ac.cn/statically/gh/flinhong/configs/public/rules/BanAD.yaml
[2026-07-22 21:28:02] [INFO] Downloading: https://raw.githubusercontent.com/ACL4SSR/ACL4SSR/refs/heads/master/Clash/BanProgramAD.list
[2026-07-22 21:28:02] [INFO] Downloaded rule-provider BanProgramAD -> ./public/rules/BanProgramAD.yaml
[2026-07-22 21:28:02] [INFO] Updated rule-provider BanProgramAD URL to https://cdn.honglin.ac.cn/statically/gh/flinhong/configs/public/rules/BanProgramAD.yaml
[2026-07-22 21:28:02] [INFO] Downloading: https://raw.githubusercontent.com/ACL4SSR/ACL4SSR/refs/heads/master/Clash/BanEasyList.list
[2026-07-22 21:28:03] [INFO] Downloaded rule-provider BanEasyList -> ./public/rules/BanEasyList.yaml
[2026-07-22 21:28:03] [INFO] Updated rule-provider BanEasyList URL to https://cdn.honglin.ac.cn/statically/gh/flinhong/configs/public/rules/BanEasyList.yaml
[2026-07-22 21:28:03] [INFO] Downloading: https://raw.githubusercontent.com/ACL4SSR/ACL4SSR/refs/heads/master/Clash/BanEasyListChina.list
[2026-07-22 21:28:03] [INFO] Downloaded rule-provider BanEasyListChina -> ./public/rules/BanEasyListChina.yaml
[2026-07-22 21:28:03] [INFO] Updated rule-provider BanEasyListChina URL to https://cdn.honglin.ac.cn/statically/gh/flinhong/configs/public/rules/BanEasyListChina.yaml
[2026-07-22 21:28:03] [INFO] Downloading: https://raw.githubusercontent.com/ACL4SSR/ACL4SSR/refs/heads/master/Clash/BanEasyPrivacy.list
[2026-07-22 21:28:03] [INFO] Downloaded rule-provider BanEasyPrivacy -> ./public/rules/BanEasyPrivacy.yaml
[2026-07-22 21:28:03] [INFO] Updated rule-provider BanEasyPrivacy URL to https://cdn.honglin.ac.cn/statically/gh/flinhong/configs/public/rules/BanEasyPrivacy.yaml
[2026-07-22 21:28:03] [INFO] Downloading: https://raw.githubusercontent.com/ACL4SSR/ACL4SSR/refs/heads/master/Clash/GoogleCN.list
[2026-07-22 21:28:03] [INFO] Downloaded rule-provider GoogleCN -> ./public/rules/GoogleCN.yaml
[2026-07-22 21:28:03] [INFO] Updated rule-provider GoogleCN URL to https://cdn.honglin.ac.cn/statically/gh/flinhong/configs/public/rules/GoogleCN.yaml
[2026-07-22 21:28:03] [INFO] Downloading: https://raw.githubusercontent.com/ACL4SSR/ACL4SSR/refs/heads/master/Clash/Ruleset/SteamCN.list
[2026-07-22 21:28:03] [INFO] Downloaded rule-provider SteamCN -> ./public/rules/SteamCN.yaml
[2026-07-22 21:28:03] [INFO] Updated rule-provider SteamCN URL to https://cdn.honglin.ac.cn/statically/gh/flinhong/configs/public/rules/SteamCN.yaml
[2026-07-22 21:28:03] [INFO] Downloading: https://raw.githubusercontent.com/ACL4SSR/ACL4SSR/refs/heads/master/Clash/Microsoft.list
[2026-07-22 21:28:03] [INFO] Downloaded rule-provider Microsoft -> ./public/rules/Microsoft.yaml
[2026-07-22 21:28:03] [INFO] Updated rule-provider Microsoft URL to https://cdn.honglin.ac.cn/statically/gh/flinhong/configs/public/rules/Microsoft.yaml
[2026-07-22 21:28:03] [INFO] Downloading: https://raw.githubusercontent.com/ACL4SSR/ACL4SSR/refs/heads/master/Clash/Apple.list
[2026-07-22 21:28:03] [INFO] Downloaded rule-provider Apple -> ./public/rules/Apple.yaml
[2026-07-22 21:28:03] [INFO] Updated rule-provider Apple URL to https://cdn.honglin.ac.cn/statically/gh/flinhong/configs/public/rules/Apple.yaml
[2026-07-22 21:28:03] [INFO] Downloading: https://raw.githubusercontent.com/ACL4SSR/ACL4SSR/refs/heads/master/Clash/ProxyMedia.list
[2026-07-22 21:28:03] [INFO] Downloaded rule-provider ProxyMedia -> ./public/rules/ProxyMedia.yaml
[2026-07-22 21:28:03] [INFO] Updated rule-provider ProxyMedia URL to https://cdn.honglin.ac.cn/statically/gh/flinhong/configs/public/rules/ProxyMedia.yaml
[2026-07-22 21:28:03] [INFO] Downloading: https://raw.githubusercontent.com/ACL4SSR/ACL4SSR/refs/heads/master/Clash/Telegram.list
[2026-07-22 21:28:04] [INFO] Downloaded rule-provider Telegram -> ./public/rules/Telegram.yaml
[2026-07-22 21:28:04] [INFO] Updated rule-provider Telegram URL to https://cdn.honglin.ac.cn/statically/gh/flinhong/configs/public/rules/Telegram.yaml
[2026-07-22 21:28:04] [INFO] Downloading: https://raw.githubusercontent.com/ACL4SSR/ACL4SSR/refs/heads/master/Clash/ProxyLite.list
[2026-07-22 21:28:04] [INFO] Downloaded rule-provider ProxyLite -> ./public/rules/ProxyLite.yaml
[2026-07-22 21:28:04] [INFO] Updated rule-provider ProxyLite URL to https://cdn.honglin.ac.cn/statically/gh/flinhong/configs/public/rules/ProxyLite.yaml
[2026-07-22 21:28:04] [INFO] Downloading: https://raw.githubusercontent.com/ACL4SSR/ACL4SSR/refs/heads/master/Clash/ChinaDomain.list
[2026-07-22 21:28:04] [INFO] Downloaded rule-provider ChinaDomain -> ./public/rules/ChinaDomain.yaml
[2026-07-22 21:28:04] [INFO] Updated rule-provider ChinaDomain URL to https://cdn.honglin.ac.cn/statically/gh/flinhong/configs/public/rules/ChinaDomain.yaml
[2026-07-22 21:28:04] [INFO] Downloading: https://raw.githubusercontent.com/ACL4SSR/ACL4SSR/refs/heads/master/Clash/ChinaCompanyIp.list
[2026-07-22 21:28:04] [INFO] Downloaded rule-provider ChinaCompanyIp -> ./public/rules/ChinaCompanyIp.yaml
[2026-07-22 21:28:04] [INFO] Updated rule-provider ChinaCompanyIp URL to https://cdn.honglin.ac.cn/statically/gh/flinhong/configs/public/rules/ChinaCompanyIp.yaml
[2026-07-22 21:28:04] [INFO] Fetching extra proxies...
[2026-07-22 21:28:04] [INFO] All date-based sources have today's file available, using today
[2026-07-22 21:28:04] [INFO] Downloading: https://raw.githubusercontent.com/zhangkaiitugithub/passcro/main/speednodes.yaml
[2026-07-22 21:28:04] [INFO] Downloading: https://raw.githubusercontent.com/peasoft/NoMoreWalls/master/list.yml
[2026-07-22 21:28:04] [INFO] Downloading: https://raw.githubusercontent.com/mahdibland/SSAggregator/master/sub/sub_merge_yaml.yml
[2026-07-22 21:28:04] [INFO] Downloading: https://raw.githubusercontent.com/ts-sf/fly/main/clash
[2026-07-22 21:28:08] [INFO] Fetched 3331 unique proxies for Load Balancer.
[2026-07-22 21:28:08] [INFO] Downloading: https://node.nodefree.me/2026/07/20260722.yaml
[2026-07-22 21:28:08] [INFO] Downloading: https://static.v2rayshare.net/2026/07/20260722.yaml
[2026-07-22 21:28:08] [INFO] Downloading: https://tt.vg/freeclash
[2026-07-22 21:28:08] [INFO] Downloading: https://raw.githubusercontent.com/Ruk1ng001/freeSub/main/clash.yaml
[2026-07-22 21:28:08] [INFO] Downloading: https://raw.githubusercontent.com/free18/v2ray/main/c.yaml
[2026-07-22 21:28:08] [WARNING] Filtered proxy 🇺🇸_美国_22: reality-opts short-id '' missing or invalid
[2026-07-22 21:28:08] [WARNING] Filtered proxy 🇹🇭_TH_泰国: reality-opts short-id '' missing or invalid
[2026-07-22 21:28:08] [WARNING] Filtered proxy 🇹🇭_TH_泰国: reality-opts short-id '' missing or invalid
[2026-07-22 21:28:09] [INFO] Fetched 80 unique proxies for Auto Select.
[2026-07-22 21:28:09] [INFO] Filtered original proxies: 21 remaining
[2026-07-22 21:28:10] [INFO] Successfully wrote config to ./public/subscribe/clash.yml
[2026-07-23 10:08:16] [INFO] Downloading: https://www.ermao.net/sub/clash/ermao.net
[2026-07-23 10:08:17] [INFO] Main subscription fetched and parsed.
[2026-07-23 10:08:17] [INFO] Downloading rule-providers...
[2026-07-23 10:08:17] [INFO] Downloading: https://raw.githubusercontent.com/ACL4SSR/ACL4SSR/refs/heads/master/Clash/LocalAreaNetwork.list
[2026-07-23 10:08:17] [INFO] Downloaded rule-provider LocalAreaNetwork -> ./public/rules/LocalAreaNetwork.yaml
[2026-07-23 10:08:17] [INFO] Updated rule-provider LocalAreaNetwork URL to https://cdn.honglin.ac.cn/statically/gh/flinhong/configs/public/rules/LocalAreaNetwork.yaml
[2026-07-23 10:08:17] [INFO] Downloading: https://raw.githubusercontent.com/ACL4SSR/ACL4SSR/refs/heads/master/Clash/BanAD.list
[2026-07-23 10:08:17] [INFO] Downloaded rule-provider BanAD -> ./public/rules/BanAD.yaml
[2026-07-23 10:08:17] [INFO] Updated rule-provider BanAD URL to https://cdn.honglin.ac.cn/statically/gh/flinhong/configs/public/rules/BanAD.yaml
[2026-07-23 10:08:17] [INFO] Downloading: https://raw.githubusercontent.com/ACL4SSR/ACL4SSR/refs/heads/master/Clash/BanProgramAD.list
[2026-07-23 10:08:18] [INFO] Downloaded rule-provider BanProgramAD -> ./public/rules/BanProgramAD.yaml
[2026-07-23 10:08:18] [INFO] Updated rule-provider BanProgramAD URL to https://cdn.honglin.ac.cn/statically/gh/flinhong/configs/public/rules/BanProgramAD.yaml
[2026-07-23 10:08:18] [INFO] Downloading: https://raw.githubusercontent.com/ACL4SSR/ACL4SSR/refs/heads/master/Clash/BanEasyList.list
[2026-07-23 10:08:18] [INFO] Downloaded rule-provider BanEasyList -> ./public/rules/BanEasyList.yaml
[2026-07-23 10:08:18] [INFO] Updated rule-provider BanEasyList URL to https://cdn.honglin.ac.cn/statically/gh/flinhong/configs/public/rules/BanEasyList.yaml
[2026-07-23 10:08:18] [INFO] Downloading: https://raw.githubusercontent.com/ACL4SSR/ACL4SSR/refs/heads/master/Clash/BanEasyListChina.list
[2026-07-23 10:08:18] [INFO] Downloaded rule-provider BanEasyListChina -> ./public/rules/BanEasyListChina.yaml
[2026-07-23 10:08:18] [INFO] Updated rule-provider BanEasyListChina URL to https://cdn.honglin.ac.cn/statically/gh/flinhong/configs/public/rules/BanEasyListChina.yaml
[2026-07-23 10:08:18] [INFO] Downloading: https://raw.githubusercontent.com/ACL4SSR/ACL4SSR/refs/heads/master/Clash/BanEasyPrivacy.list
[2026-07-23 10:08:18] [INFO] Downloaded rule-provider BanEasyPrivacy -> ./public/rules/BanEasyPrivacy.yaml
[2026-07-23 10:08:18] [INFO] Updated rule-provider BanEasyPrivacy URL to https://cdn.honglin.ac.cn/statically/gh/flinhong/configs/public/rules/BanEasyPrivacy.yaml
[2026-07-23 10:08:18] [INFO] Downloading: https://raw.githubusercontent.com/ACL4SSR/ACL4SSR/refs/heads/master/Clash/GoogleCN.list
[2026-07-23 10:08:18] [INFO] Downloaded rule-provider GoogleCN -> ./public/rules/GoogleCN.yaml
[2026-07-23 10:08:18] [INFO] Updated rule-provider GoogleCN URL to https://cdn.honglin.ac.cn/statically/gh/flinhong/configs/public/rules/GoogleCN.yaml
[2026-07-23 10:08:18] [INFO] Downloading: https://raw.githubusercontent.com/ACL4SSR/ACL4SSR/refs/heads/master/Clash/Ruleset/SteamCN.list
[2026-07-23 10:08:19] [INFO] Downloaded rule-provider SteamCN -> ./public/rules/SteamCN.yaml
[2026-07-23 10:08:19] [INFO] Updated rule-provider SteamCN URL to https://cdn.honglin.ac.cn/statically/gh/flinhong/configs/public/rules/SteamCN.yaml
[2026-07-23 10:08:19] [INFO] Downloading: https://raw.githubusercontent.com/ACL4SSR/ACL4SSR/refs/heads/master/Clash/Microsoft.list
[2026-07-23 10:08:19] [INFO] Downloaded rule-provider Microsoft -> ./public/rules/Microsoft.yaml
[2026-07-23 10:08:19] [INFO] Updated rule-provider Microsoft URL to https://cdn.honglin.ac.cn/statically/gh/flinhong/configs/public/rules/Microsoft.yaml
[2026-07-23 10:08:19] [INFO] Downloading: https://raw.githubusercontent.com/ACL4SSR/ACL4SSR/refs/heads/master/Clash/Apple.list
[2026-07-23 10:08:19] [INFO] Downloaded rule-provider Apple -> ./public/rules/Apple.yaml
[2026-07-23 10:08:19] [INFO] Updated rule-provider Apple URL to https://cdn.honglin.ac.cn/statically/gh/flinhong/configs/public/rules/Apple.yaml
[2026-07-23 10:08:19] [INFO] Downloading: https://raw.githubusercontent.com/ACL4SSR/ACL4SSR/refs/heads/master/Clash/ProxyMedia.list
[2026-07-23 10:08:19] [INFO] Downloaded rule-provider ProxyMedia -> ./public/rules/ProxyMedia.yaml
[2026-07-23 10:08:19] [INFO] Updated rule-provider ProxyMedia URL to https://cdn.honglin.ac.cn/statically/gh/flinhong/configs/public/rules/ProxyMedia.yaml
[2026-07-23 10:08:19] [INFO] Downloading: https://raw.githubusercontent.com/ACL4SSR/ACL4SSR/refs/heads/master/Clash/Telegram.list
[2026-07-23 10:08:19] [INFO] Downloaded rule-provider Telegram -> ./public/rules/Telegram.yaml
[2026-07-23 10:08:19] [INFO] Updated rule-provider Telegram URL to https://cdn.honglin.ac.cn/statically/gh/flinhong/configs/public/rules/Telegram.yaml
[2026-07-23 10:08:19] [INFO] Downloading: https://raw.githubusercontent.com/ACL4SSR/ACL4SSR/refs/heads/master/Clash/ProxyLite.list
[2026-07-23 10:08:19] [INFO] Downloaded rule-provider ProxyLite -> ./public/rules/ProxyLite.yaml
[2026-07-23 10:08:19] [INFO] Updated rule-provider ProxyLite URL to https://cdn.honglin.ac.cn/statically/gh/flinhong/configs/public/rules/ProxyLite.yaml
[2026-07-23 10:08:19] [INFO] Downloading: https://raw.githubusercontent.com/ACL4SSR/ACL4SSR/refs/heads/master/Clash/ChinaDomain.list
[2026-07-23 10:08:19] [INFO] Downloaded rule-provider ChinaDomain -> ./public/rules/ChinaDomain.yaml
[2026-07-23 10:08:19] [INFO] Updated rule-provider ChinaDomain URL to https://cdn.honglin.ac.cn/statically/gh/flinhong/configs/public/rules/ChinaDomain.yaml
[2026-07-23 10:08:19] [INFO] Downloading: https://raw.githubusercontent.com/ACL4SSR/ACL4SSR/refs/heads/master/Clash/ChinaCompanyIp.list
[2026-07-23 10:08:19] [INFO] Downloaded rule-provider ChinaCompanyIp -> ./public/rules/ChinaCompanyIp.yaml
[2026-07-23 10:08:19] [INFO] Updated rule-provider ChinaCompanyIp URL to https://cdn.honglin.ac.cn/statically/gh/flinhong/configs/public/rules/ChinaCompanyIp.yaml
[2026-07-23 10:08:19] [INFO] Fetching extra proxies...
[2026-07-23 10:08:20] [INFO] All date-based sources have today's file available, using today
[2026-07-23 10:08:20] [INFO] Downloading: https://raw.githubusercontent.com/zhangkaiitugithub/passcro/main/speednodes.yaml
[2026-07-23 10:08:20] [INFO] Downloading: https://raw.githubusercontent.com/peasoft/NoMoreWalls/master/list.yml
[2026-07-23 10:08:20] [INFO] Downloading: https://raw.githubusercontent.com/mahdibland/SSAggregator/master/sub/sub_merge_yaml.yml
[2026-07-23 10:08:20] [INFO] Downloading: https://raw.githubusercontent.com/ts-sf/fly/main/clash
[2026-07-23 10:08:24] [INFO] Fetched 3091 unique proxies for Load Balancer.
[2026-07-23 10:08:24] [INFO] Downloading: https://node.nodefree.me/2026/07/20260723.yaml
[2026-07-23 10:08:24] [INFO] Downloading: https://static.v2rayshare.net/2026/07/20260723.yaml
[2026-07-23 10:08:24] [INFO] Downloading: https://tt.vg/freeclash
[2026-07-23 10:08:24] [INFO] Downloading: https://raw.githubusercontent.com/free18/v2ray/main/c.yaml
[2026-07-23 10:08:24] [INFO] Downloading: https://raw.githubusercontent.com/Ruk1ng001/freeSub/main/clash.yaml
[2026-07-23 10:08:24] [WARNING] Filtered proxy 🟢🇬🇧[🎬🤖📺🎭]_github.com/Ruk1ng001_3ded7894: reality-opts short-id '' missing or invalid
[2026-07-23 10:08:24] [WARNING] Filtered proxy 🇺🇸_美国_22: reality-opts short-id '' missing or invalid
[2026-07-23 10:08:24] [WARNING] Filtered proxy 🇹🇭_TH_泰国: reality-opts short-id '' missing or invalid
[2026-07-23 10:08:24] [WARNING] Filtered proxy 🇹🇭_TH_泰国: reality-opts short-id '' missing or invalid
[2026-07-23 10:08:24] [INFO] Fetched 89 unique proxies for Auto Select.
[2026-07-23 10:08:24] [INFO] Filtered original proxies: 22 remaining
[2026-07-23 10:08:26] [INFO] Successfully wrote config to ./public/subscribe/clash.yml
[2026-07-23 21:40:57] [INFO] Downloading: https://www.ermao.net/sub/clash/ermao.net
[2026-07-23 21:40:58] [INFO] Main subscription fetched and parsed.
[2026-07-23 21:40:58] [INFO] Downloading rule-providers...
[2026-07-23 21:40:58] [INFO] Downloading: https://raw.githubusercontent.com/ACL4SSR/ACL4SSR/refs/heads/master/Clash/LocalAreaNetwork.list
[2026-07-23 21:40:58] [INFO] Downloaded rule-provider LocalAreaNetwork -> ./public/rules/LocalAreaNetwork.yaml
[2026-07-23 21:40:58] [INFO] Updated rule-provider LocalAreaNetwork URL to https://cdn.honglin.ac.cn/statically/gh/flinhong/configs/public/rules/LocalAreaNetwork.yaml
[2026-07-23 21:40:58] [INFO] Downloading: https://raw.githubusercontent.com/ACL4SSR/ACL4SSR/refs/heads/master/Clash/BanAD.list
[2026-07-23 21:40:58] [INFO] Downloaded rule-provider BanAD -> ./public/rules/BanAD.yaml
[2026-07-23 21:40:58] [INFO] Updated rule-provider BanAD URL to https://cdn.honglin.ac.cn/statically/gh/flinhong/configs/public/rules/BanAD.yaml
[2026-07-23 21:40:58] [INFO] Downloading: https://raw.githubusercontent.com/ACL4SSR/ACL4SSR/refs/heads/master/Clash/BanProgramAD.list
[2026-07-23 21:40:58] [INFO] Downloaded rule-provider BanProgramAD -> ./public/rules/BanProgramAD.yaml
[2026-07-23 21:40:58] [INFO] Updated rule-provider BanProgramAD URL to https://cdn.honglin.ac.cn/statically/gh/flinhong/configs/public/rules/BanProgramAD.yaml
[2026-07-23 21:40:58] [INFO] Downloading: https://raw.githubusercontent.com/ACL4SSR/ACL4SSR/refs/heads/master/Clash/BanEasyList.list
[2026-07-23 21:40:59] [INFO] Downloaded rule-provider BanEasyList -> ./public/rules/BanEasyList.yaml
[2026-07-23 21:40:59] [INFO] Updated rule-provider BanEasyList URL to https://cdn.honglin.ac.cn/statically/gh/flinhong/configs/public/rules/BanEasyList.yaml
[2026-07-23 21:40:59] [INFO] Downloading: https://raw.githubusercontent.com/ACL4SSR/ACL4SSR/refs/heads/master/Clash/BanEasyListChina.list
[2026-07-23 21:40:59] [INFO] Downloaded rule-provider BanEasyListChina -> ./public/rules/BanEasyListChina.yaml
[2026-07-23 21:40:59] [INFO] Updated rule-provider BanEasyListChina URL to https://cdn.honglin.ac.cn/statically/gh/flinhong/configs/public/rules/BanEasyListChina.yaml
[2026-07-23 21:40:59] [INFO] Downloading: https://raw.githubusercontent.com/ACL4SSR/ACL4SSR/refs/heads/master/Clash/BanEasyPrivacy.list
[2026-07-23 21:40:59] [INFO] Downloaded rule-provider BanEasyPrivacy -> ./public/rules/BanEasyPrivacy.yaml
[2026-07-23 21:40:59] [INFO] Updated rule-provider BanEasyPrivacy URL to https://cdn.honglin.ac.cn/statically/gh/flinhong/configs/public/rules/BanEasyPrivacy.yaml
[2026-07-23 21:40:59] [INFO] Downloading: https://raw.githubusercontent.com/ACL4SSR/ACL4SSR/refs/heads/master/Clash/GoogleCN.list
[2026-07-23 21:40:59] [INFO] Downloaded rule-provider GoogleCN -> ./public/rules/GoogleCN.yaml
[2026-07-23 21:40:59] [INFO] Updated rule-provider GoogleCN URL to https://cdn.honglin.ac.cn/statically/gh/flinhong/configs/public/rules/GoogleCN.yaml
[2026-07-23 21:40:59] [INFO] Downloading: https://raw.githubusercontent.com/ACL4SSR/ACL4SSR/refs/heads/master/Clash/Ruleset/SteamCN.list
[2026-07-23 21:40:59] [INFO] Downloaded rule-provider SteamCN -> ./public/rules/SteamCN.yaml
[2026-07-23 21:40:59] [INFO] Updated rule-provider SteamCN URL to https://cdn.honglin.ac.cn/statically/gh/flinhong/configs/public/rules/SteamCN.yaml
[2026-07-23 21:40:59] [INFO] Downloading: https://raw.githubusercontent.com/ACL4SSR/ACL4SSR/refs/heads/master/Clash/Microsoft.list
[2026-07-23 21:40:59] [INFO] Downloaded rule-provider Microsoft -> ./public/rules/Microsoft.yaml
[2026-07-23 21:40:59] [INFO] Updated rule-provider Microsoft URL to https://cdn.honglin.ac.cn/statically/gh/flinhong/configs/public/rules/Microsoft.yaml
[2026-07-23 21:40:59] [INFO] Downloading: https://raw.githubusercontent.com/ACL4SSR/ACL4SSR/refs/heads/master/Clash/Apple.list
[2026-07-23 21:40:59] [INFO] Downloaded rule-provider Apple -> ./public/rules/Apple.yaml
[2026-07-23 21:40:59] [INFO] Updated rule-provider Apple URL to https://cdn.honglin.ac.cn/statically/gh/flinhong/configs/public/rules/Apple.yaml
[2026-07-23 21:40:59] [INFO] Downloading: https://raw.githubusercontent.com/ACL4SSR/ACL4SSR/refs/heads/master/Clash/ProxyMedia.list
[2026-07-23 21:40:59] [INFO] Downloaded rule-provider ProxyMedia -> ./public/rules/ProxyMedia.yaml
[2026-07-23 21:40:59] [INFO] Updated rule-provider ProxyMedia URL to https://cdn.honglin.ac.cn/statically/gh/flinhong/configs/public/rules/ProxyMedia.yaml
[2026-07-23 21:40:59] [INFO] Downloading: https://raw.githubusercontent.com/ACL4SSR/ACL4SSR/refs/heads/master/Clash/Telegram.list
[2026-07-23 21:40:59] [INFO] Downloaded rule-provider Telegram -> ./public/rules/Telegram.yaml
[2026-07-23 21:40:59] [INFO] Updated rule-provider Telegram URL to https://cdn.honglin.ac.cn/statically/gh/flinhong/configs/public/rules/Telegram.yaml
[2026-07-23 21:40:59] [INFO] Downloading: https://raw.githubusercontent.com/ACL4SSR/ACL4SSR/refs/heads/master/Clash/ProxyLite.list
[2026-07-23 21:40:59] [INFO] Downloaded rule-provider ProxyLite -> ./public/rules/ProxyLite.yaml
[2026-07-23 21:40:59] [INFO] Updated rule-provider ProxyLite URL to https://cdn.honglin.ac.cn/statically/gh/flinhong/configs/public/rules/ProxyLite.yaml
[2026-07-23 21:40:59] [INFO] Downloading: https://raw.githubusercontent.com/ACL4SSR/ACL4SSR/refs/heads/master/Clash/ChinaDomain.list
[2026-07-23 21:41:00] [INFO] Downloaded rule-provider ChinaDomain -> ./public/rules/ChinaDomain.yaml
[2026-07-23 21:41:00] [INFO] Updated rule-provider ChinaDomain URL to https://cdn.honglin.ac.cn/statically/gh/flinhong/configs/public/rules/ChinaDomain.yaml
[2026-07-23 21:41:00] [INFO] Downloading: https://raw.githubusercontent.com/ACL4SSR/ACL4SSR/refs/heads/master/Clash/ChinaCompanyIp.list
[2026-07-23 21:41:00] [INFO] Downloaded rule-provider ChinaCompanyIp -> ./public/rules/ChinaCompanyIp.yaml
[2026-07-23 21:41:00] [INFO] Updated rule-provider ChinaCompanyIp URL to https://cdn.honglin.ac.cn/statically/gh/flinhong/configs/public/rules/ChinaCompanyIp.yaml
[2026-07-23 21:41:00] [INFO] Fetching extra proxies...
[2026-07-23 21:41:00] [INFO] All date-based sources have today's file available, using today
[2026-07-23 21:41:00] [INFO] Downloading: https://raw.githubusercontent.com/zhangkaiitugithub/passcro/main/speednodes.yaml
[2026-07-23 21:41:00] [INFO] Downloading: https://raw.githubusercontent.com/peasoft/NoMoreWalls/master/list.yml
[2026-07-23 21:41:00] [INFO] Downloading: https://raw.githubusercontent.com/mahdibland/SSAggregator/master/sub/sub_merge_yaml.yml
[2026-07-23 21:41:00] [INFO] Downloading: https://raw.githubusercontent.com/ts-sf/fly/main/clash
[2026-07-23 21:41:04] [INFO] Fetched 3103 unique proxies for Load Balancer.
[2026-07-23 21:41:04] [INFO] Downloading: https://node.nodefree.me/2026/07/20260723.yaml
[2026-07-23 21:41:04] [INFO] Downloading: https://static.v2rayshare.net/2026/07/20260723.yaml
[2026-07-23 21:41:04] [INFO] Downloading: https://tt.vg/freeclash
[2026-07-23 21:41:04] [INFO] Downloading: https://raw.githubusercontent.com/Ruk1ng001/freeSub/main/clash.yaml
[2026-07-23 21:41:04] [INFO] Downloading: https://raw.githubusercontent.com/free18/v2ray/main/c.yaml
[2026-07-23 21:41:04] [WARNING] Filtered proxy 🟢🇬🇧[🎬🤖📺🎭]_github.com/Ruk1ng001_3ded7894: reality-opts short-id '' missing or invalid
[2026-07-23 21:41:05] [WARNING] Filtered proxy 🇷🇺_俄罗斯_483: reality-opts short-id '' missing or invalid
[2026-07-23 21:41:05] [WARNING] Filtered proxy 🇷🇺_俄罗斯_486: reality-opts short-id '' missing or invalid
[2026-07-23 21:41:05] [WARNING] Filtered proxy 🇷🇺_俄罗斯_490: reality-opts short-id '' missing or invalid
[2026-07-23 21:41:05] [WARNING] Filtered proxy 🇹🇭_TH_泰国: reality-opts short-id '' missing or invalid
[2026-07-23 21:41:05] [WARNING] Filtered proxy 🇹🇭_TH_泰国: reality-opts short-id '' missing or invalid
[2026-07-23 21:41:05] [INFO] Fetched 257 unique proxies for Auto Select.
[2026-07-23 21:41:05] [WARNING] Filtered proxy 🇷🇺_RU_俄罗斯: reality-opts short-id '' missing or invalid
[2026-07-23 21:41:05] [INFO] Filtered original proxies: 25 remaining
[2026-07-23 21:41:06] [INFO] Successfully wrote config to ./public/subscribe/clash.yml
[2026-07-24 10:03:52] [INFO] Downloading: https://www.ermao.net/sub/clash/ermao.net
[2026-07-24 10:03:52] [INFO] Main subscription fetched and parsed.
[2026-07-24 10:03:52] [INFO] Downloading rule-providers...
[2026-07-24 10:03:52] [INFO] Downloading: https://raw.githubusercontent.com/ACL4SSR/ACL4SSR/refs/heads/master/Clash/LocalAreaNetwork.list
[2026-07-24 10:03:52] [INFO] Downloaded rule-provider LocalAreaNetwork -> ./public/rules/LocalAreaNetwork.yaml
[2026-07-24 10:03:52] [INFO] Updated rule-provider LocalAreaNetwork URL to https://cdn.honglin.ac.cn/statically/gh/flinhong/configs/public/rules/LocalAreaNetwork.yaml
[2026-07-24 10:03:52] [INFO] Downloading: https://raw.githubusercontent.com/ACL4SSR/ACL4SSR/refs/heads/master/Clash/BanAD.list
[2026-07-24 10:03:52] [INFO] Downloaded rule-provider BanAD -> ./public/rules/BanAD.yaml
[2026-07-24 10:03:52] [INFO] Updated rule-provider BanAD URL to https://cdn.honglin.ac.cn/statically/gh/flinhong/configs/public/rules/BanAD.yaml
[2026-07-24 10:03:52] [INFO] Downloading: https://raw.githubusercontent.com/ACL4SSR/ACL4SSR/refs/heads/master/Clash/BanProgramAD.list
[2026-07-24 10:03:53] [INFO] Downloaded rule-provider BanProgramAD -> ./public/rules/BanProgramAD.yaml
[2026-07-24 10:03:53] [INFO] Updated rule-provider BanProgramAD URL to https://cdn.honglin.ac.cn/statically/gh/flinhong/configs/public/rules/BanProgramAD.yaml
[2026-07-24 10:03:53] [INFO] Downloading: https://raw.githubusercontent.com/ACL4SSR/ACL4SSR/refs/heads/master/Clash/BanEasyList.list
[2026-07-24 10:03:53] [INFO] Downloaded rule-provider BanEasyList -> ./public/rules/BanEasyList.yaml
[2026-07-24 10:03:53] [INFO] Updated rule-provider BanEasyList URL to https://cdn.honglin.ac.cn/statically/gh/flinhong/configs/public/rules/BanEasyList.yaml
[2026-07-24 10:03:53] [INFO] Downloading: https://raw.githubusercontent.com/ACL4SSR/ACL4SSR/refs/heads/master/Clash/BanEasyListChina.list
[2026-07-24 10:03:53] [INFO] Downloaded rule-provider BanEasyListChina -> ./public/rules/BanEasyListChina.yaml
[2026-07-24 10:03:53] [INFO] Updated rule-provider BanEasyListChina URL to https://cdn.honglin.ac.cn/statically/gh/flinhong/configs/public/rules/BanEasyListChina.yaml
[2026-07-24 10:03:53] [INFO] Downloading: https://raw.githubusercontent.com/ACL4SSR/ACL4SSR/refs/heads/master/Clash/BanEasyPrivacy.list
[2026-07-24 10:03:54] [INFO] Downloaded rule-provider BanEasyPrivacy -> ./public/rules/BanEasyPrivacy.yaml
[2026-07-24 10:03:54] [INFO] Updated rule-provider BanEasyPrivacy URL to https://cdn.honglin.ac.cn/statically/gh/flinhong/configs/public/rules/BanEasyPrivacy.yaml
[2026-07-24 10:03:54] [INFO] Downloading: https://raw.githubusercontent.com/ACL4SSR/ACL4SSR/refs/heads/master/Clash/GoogleCN.list
[2026-07-24 10:03:54] [INFO] Downloaded rule-provider GoogleCN -> ./public/rules/GoogleCN.yaml
[2026-07-24 10:03:54] [INFO] Updated rule-provider GoogleCN URL to https://cdn.honglin.ac.cn/statically/gh/flinhong/configs/public/rules/GoogleCN.yaml
[2026-07-24 10:03:54] [INFO] Downloading: https://raw.githubusercontent.com/ACL4SSR/ACL4SSR/refs/heads/master/Clash/Ruleset/SteamCN.list
[2026-07-24 10:03:54] [INFO] Downloaded rule-provider SteamCN -> ./public/rules/SteamCN.yaml
[2026-07-24 10:03:54] [INFO] Updated rule-provider SteamCN URL to https://cdn.honglin.ac.cn/statically/gh/flinhong/configs/public/rules/SteamCN.yaml
[2026-07-24 10:03:54] [INFO] Downloading: https://raw.githubusercontent.com/ACL4SSR/ACL4SSR/refs/heads/master/Clash/Microsoft.list
[2026-07-24 10:03:54] [INFO] Downloaded rule-provider Microsoft -> ./public/rules/Microsoft.yaml
[2026-07-24 10:03:54] [INFO] Updated rule-provider Microsoft URL to https://cdn.honglin.ac.cn/statically/gh/flinhong/configs/public/rules/Microsoft.yaml
[2026-07-24 10:03:54] [INFO] Downloading: https://raw.githubusercontent.com/ACL4SSR/ACL4SSR/refs/heads/master/Clash/Apple.list
[2026-07-24 10:03:55] [INFO] Downloaded rule-provider Apple -> ./public/rules/Apple.yaml
[2026-07-24 10:03:55] [INFO] Updated rule-provider Apple URL to https://cdn.honglin.ac.cn/statically/gh/flinhong/configs/public/rules/Apple.yaml
[2026-07-24 10:03:55] [INFO] Downloading: https://raw.githubusercontent.com/ACL4SSR/ACL4SSR/refs/heads/master/Clash/ProxyMedia.list
[2026-07-24 10:03:55] [INFO] Downloaded rule-provider ProxyMedia -> ./public/rules/ProxyMedia.yaml
[2026-07-24 10:03:55] [INFO] Updated rule-provider ProxyMedia URL to https://cdn.honglin.ac.cn/statically/gh/flinhong/configs/public/rules/ProxyMedia.yaml
[2026-07-24 10:03:55] [INFO] Downloading: https://raw.githubusercontent.com/ACL4SSR/ACL4SSR/refs/heads/master/Clash/Telegram.list
[2026-07-24 10:03:55] [INFO] Downloaded rule-provider Telegram -> ./public/rules/Telegram.yaml
[2026-07-24 10:03:55] [INFO] Updated rule-provider Telegram URL to https://cdn.honglin.ac.cn/statically/gh/flinhong/configs/public/rules/Telegram.yaml
[2026-07-24 10:03:55] [INFO] Downloading: https://raw.githubusercontent.com/ACL4SSR/ACL4SSR/refs/heads/master/Clash/ProxyLite.list
[2026-07-24 10:03:55] [INFO] Downloaded rule-provider ProxyLite -> ./public/rules/ProxyLite.yaml
[2026-07-24 10:03:55] [INFO] Updated rule-provider ProxyLite URL to https://cdn.honglin.ac.cn/statically/gh/flinhong/configs/public/rules/ProxyLite.yaml
[2026-07-24 10:03:55] [INFO] Downloading: https://raw.githubusercontent.com/ACL4SSR/ACL4SSR/refs/heads/master/Clash/ChinaDomain.list
[2026-07-24 10:03:55] [INFO] Downloaded rule-provider ChinaDomain -> ./public/rules/ChinaDomain.yaml
[2026-07-24 10:03:55] [INFO] Updated rule-provider ChinaDomain URL to https://cdn.honglin.ac.cn/statically/gh/flinhong/configs/public/rules/ChinaDomain.yaml
[2026-07-24 10:03:55] [INFO] Downloading: https://raw.githubusercontent.com/ACL4SSR/ACL4SSR/refs/heads/master/Clash/ChinaCompanyIp.list
[2026-07-24 10:03:55] [INFO] Downloaded rule-provider ChinaCompanyIp -> ./public/rules/ChinaCompanyIp.yaml
[2026-07-24 10:03:55] [INFO] Updated rule-provider ChinaCompanyIp URL to https://cdn.honglin.ac.cn/statically/gh/flinhong/configs/public/rules/ChinaCompanyIp.yaml
[2026-07-24 10:03:55] [INFO] Fetching extra proxies...
[2026-07-24 10:03:56] [INFO] All date-based sources have today's file available, using today
[2026-07-24 10:03:56] [INFO] Downloading: https://raw.githubusercontent.com/zhangkaiitugithub/passcro/main/speednodes.yaml
[2026-07-24 10:03:56] [INFO] Downloading: https://raw.githubusercontent.com/peasoft/NoMoreWalls/master/list.yml
[2026-07-24 10:03:56] [INFO] Downloading: https://raw.githubusercontent.com/mahdibland/SSAggregator/master/sub/sub_merge_yaml.yml
[2026-07-24 10:03:56] [INFO] Downloading: https://raw.githubusercontent.com/ts-sf/fly/main/clash
[2026-07-24 10:04:05] [INFO] Fetched 3170 unique proxies for Load Balancer.
[2026-07-24 10:04:05] [INFO] Downloading: https://node.nodefree.me/2026/07/20260724.yaml
[2026-07-24 10:04:05] [INFO] Downloading: https://static.v2rayshare.net/2026/07/20260724.yaml
[2026-07-24 10:04:05] [INFO] Downloading: https://raw.githubusercontent.com/Ruk1ng001/freeSub/main/clash.yaml
[2026-07-24 10:04:05] [INFO] Downloading: https://tt.vg/freeclash
[2026-07-24 10:04:05] [INFO] Downloading: https://raw.githubusercontent.com/free18/v2ray/main/c.yaml
[2026-07-24 10:04:06] [WARNING] Filtered proxy 🇷🇺_俄罗斯_483: reality-opts short-id '' missing or invalid
[2026-07-24 10:04:06] [WARNING] Filtered proxy 🇷🇺_俄罗斯_486: reality-opts short-id '' missing or invalid
[2026-07-24 10:04:06] [WARNING] Filtered proxy 🇷🇺_俄罗斯_490: reality-opts short-id '' missing or invalid
[2026-07-24 10:04:06] [WARNING] Filtered proxy 🇹🇭_TH_泰国: reality-opts short-id '' missing or invalid
[2026-07-24 10:04:06] [WARNING] Filtered proxy 🇹🇭_TH_泰国: reality-opts short-id '' missing or invalid
[2026-07-24 10:04:06] [INFO] Fetched 241 unique proxies for Auto Select.
[2026-07-24 10:04:06] [INFO] Filtered original proxies: 27 remaining
[2026-07-24 10:04:07] [INFO] Successfully wrote config to ./public/subscribe/clash.yml
[2026-07-24 21:23:36] [INFO] Downloading: https://www.ermao.net/sub/clash/ermao.net
[2026-07-24 21:23:36] [INFO] Main subscription fetched and parsed.
[2026-07-24 21:23:36] [INFO] Downloading rule-providers...
[2026-07-24 21:23:36] [INFO] Downloading: https://raw.githubusercontent.com/ACL4SSR/ACL4SSR/refs/heads/master/Clash/LocalAreaNetwork.list
[2026-07-24 21:23:36] [INFO] Downloaded rule-provider LocalAreaNetwork -> ./public/rules/LocalAreaNetwork.yaml
[2026-07-24 21:23:36] [INFO] Updated rule-provider LocalAreaNetwork URL to https://cdn.honglin.ac.cn/statically/gh/flinhong/configs/public/rules/LocalAreaNetwork.yaml
[2026-07-24 21:23:36] [INFO] Downloading: https://raw.githubusercontent.com/ACL4SSR/ACL4SSR/refs/heads/master/Clash/BanAD.list
[2026-07-24 21:23:36] [INFO] Downloaded rule-provider BanAD -> ./public/rules/BanAD.yaml
[2026-07-24 21:23:36] [INFO] Updated rule-provider BanAD URL to https://cdn.honglin.ac.cn/statically/gh/flinhong/configs/public/rules/BanAD.yaml
[2026-07-24 21:23:36] [INFO] Downloading: https://raw.githubusercontent.com/ACL4SSR/ACL4SSR/refs/heads/master/Clash/BanProgramAD.list
[2026-07-24 21:23:36] [INFO] Downloaded rule-provider BanProgramAD -> ./public/rules/BanProgramAD.yaml
[2026-07-24 21:23:36] [INFO] Updated rule-provider BanProgramAD URL to https://cdn.honglin.ac.cn/statically/gh/flinhong/configs/public/rules/BanProgramAD.yaml
[2026-07-24 21:23:36] [INFO] Downloading: https://raw.githubusercontent.com/ACL4SSR/ACL4SSR/refs/heads/master/Clash/BanEasyList.list
[2026-07-24 21:23:37] [INFO] Downloaded rule-provider BanEasyList -> ./public/rules/BanEasyList.yaml
[2026-07-24 21:23:37] [INFO] Updated rule-provider BanEasyList URL to https://cdn.honglin.ac.cn/statically/gh/flinhong/configs/public/rules/BanEasyList.yaml
[2026-07-24 21:23:37] [INFO] Downloading: https://raw.githubusercontent.com/ACL4SSR/ACL4SSR/refs/heads/master/Clash/BanEasyListChina.list
[2026-07-24 21:23:37] [INFO] Downloaded rule-provider BanEasyListChina -> ./public/rules/BanEasyListChina.yaml
[2026-07-24 21:23:37] [INFO] Updated rule-provider BanEasyListChina URL to https://cdn.honglin.ac.cn/statically/gh/flinhong/configs/public/rules/BanEasyListChina.yaml
[2026-07-24 21:23:37] [INFO] Downloading: https://raw.githubusercontent.com/ACL4SSR/ACL4SSR/refs/heads/master/Clash/BanEasyPrivacy.list
[2026-07-24 21:23:37] [INFO] Downloaded rule-provider BanEasyPrivacy -> ./public/rules/BanEasyPrivacy.yaml
[2026-07-24 21:23:37] [INFO] Updated rule-provider BanEasyPrivacy URL to https://cdn.honglin.ac.cn/statically/gh/flinhong/configs/public/rules/BanEasyPrivacy.yaml
[2026-07-24 21:23:37] [INFO] Downloading: https://raw.githubusercontent.com/ACL4SSR/ACL4SSR/refs/heads/master/Clash/GoogleCN.list
[2026-07-24 21:23:37] [INFO] Downloaded rule-provider GoogleCN -> ./public/rules/GoogleCN.yaml
[2026-07-24 21:23:37] [INFO] Updated rule-provider GoogleCN URL to https://cdn.honglin.ac.cn/statically/gh/flinhong/configs/public/rules/GoogleCN.yaml
[2026-07-24 21:23:37] [INFO] Downloading: https://raw.githubusercontent.com/ACL4SSR/ACL4SSR/refs/heads/master/Clash/Ruleset/SteamCN.list
[2026-07-24 21:23:37] [INFO] Downloaded rule-provider SteamCN -> ./public/rules/SteamCN.yaml
[2026-07-24 21:23:37] [INFO] Updated rule-provider SteamCN URL to https://cdn.honglin.ac.cn/statically/gh/flinhong/configs/public/rules/SteamCN.yaml
[2026-07-24 21:23:37] [INFO] Downloading: https://raw.githubusercontent.com/ACL4SSR/ACL4SSR/refs/heads/master/Clash/Microsoft.list
[2026-07-24 21:23:37] [INFO] Downloaded rule-provider Microsoft -> ./public/rules/Microsoft.yaml
[2026-07-24 21:23:37] [INFO] Updated rule-provider Microsoft URL to https://cdn.honglin.ac.cn/statically/gh/flinhong/configs/public/rules/Microsoft.yaml
[2026-07-24 21:23:37] [INFO] Downloading: https://raw.githubusercontent.com/ACL4SSR/ACL4SSR/refs/heads/master/Clash/Apple.list
[2026-07-24 21:23:37] [INFO] Downloaded rule-provider Apple -> ./public/rules/Apple.yaml
[2026-07-24 21:23:37] [INFO] Updated rule-provider Apple URL to https://cdn.honglin.ac.cn/statically/gh/flinhong/configs/public/rules/Apple.yaml
[2026-07-24 21:23:37] [INFO] Downloading: https://raw.githubusercontent.com/ACL4SSR/ACL4SSR/refs/heads/master/Clash/ProxyMedia.list
[2026-07-24 21:23:37] [INFO] Downloaded rule-provider ProxyMedia -> ./public/rules/ProxyMedia.yaml
[2026-07-24 21:23:37] [INFO] Updated rule-provider ProxyMedia URL to https://cdn.honglin.ac.cn/statically/gh/flinhong/configs/public/rules/ProxyMedia.yaml
[2026-07-24 21:23:37] [INFO] Downloading: https://raw.githubusercontent.com/ACL4SSR/ACL4SSR/refs/heads/master/Clash/Telegram.list
[2026-07-24 21:23:37] [INFO] Downloaded rule-provider Telegram -> ./public/rules/Telegram.yaml
[2026-07-24 21:23:37] [INFO] Updated rule-provider Telegram URL to https://cdn.honglin.ac.cn/statically/gh/flinhong/configs/public/rules/Telegram.yaml
[2026-07-24 21:23:37] [INFO] Downloading: https://raw.githubusercontent.com/ACL4SSR/ACL4SSR/refs/heads/master/Clash/ProxyLite.list
[2026-07-24 21:23:38] [INFO] Downloaded rule-provider ProxyLite -> ./public/rules/ProxyLite.yaml
[2026-07-24 21:23:38] [INFO] Updated rule-provider ProxyLite URL to https://cdn.honglin.ac.cn/statically/gh/flinhong/configs/public/rules/ProxyLite.yaml
[2026-07-24 21:23:38] [INFO] Downloading: https://raw.githubusercontent.com/ACL4SSR/ACL4SSR/refs/heads/master/Clash/ChinaDomain.list
[2026-07-24 21:23:38] [INFO] Downloaded rule-provider ChinaDomain -> ./public/rules/ChinaDomain.yaml
[2026-07-24 21:23:38] [INFO] Updated rule-provider ChinaDomain URL to https://cdn.honglin.ac.cn/statically/gh/flinhong/configs/public/rules/ChinaDomain.yaml
[2026-07-24 21:23:38] [INFO] Downloading: https://raw.githubusercontent.com/ACL4SSR/ACL4SSR/refs/heads/master/Clash/ChinaCompanyIp.list
[2026-07-24 21:23:38] [INFO] Downloaded rule-provider ChinaCompanyIp -> ./public/rules/ChinaCompanyIp.yaml
[2026-07-24 21:23:38] [INFO] Updated rule-provider ChinaCompanyIp URL to https://cdn.honglin.ac.cn/statically/gh/flinhong/configs/public/rules/ChinaCompanyIp.yaml
[2026-07-24 21:23:38] [INFO] Fetching extra proxies...
[2026-07-24 21:23:38] [INFO] All date-based sources have today's file available, using today
[2026-07-24 21:23:38] [INFO] Downloading: https://raw.githubusercontent.com/zhangkaiitugithub/passcro/main/speednodes.yaml
[2026-07-24 21:23:38] [INFO] Downloading: https://raw.githubusercontent.com/peasoft/NoMoreWalls/master/list.yml
[2026-07-24 21:23:38] [INFO] Downloading: https://raw.githubusercontent.com/mahdibland/SSAggregator/master/sub/sub_merge_yaml.yml
[2026-07-24 21:23:38] [INFO] Downloading: https://raw.githubusercontent.com/ts-sf/fly/main/clash
[2026-07-24 21:23:42] [INFO] Fetched 3154 unique proxies for Load Balancer.
[2026-07-24 21:23:42] [INFO] Downloading: https://node.nodefree.me/2026/07/20260724.yaml
[2026-07-24 21:23:42] [INFO] Downloading: https://static.v2rayshare.net/2026/07/20260724.yaml
[2026-07-24 21:23:42] [INFO] Downloading: https://tt.vg/freeclash
[2026-07-24 21:23:42] [INFO] Downloading: https://raw.githubusercontent.com/Ruk1ng001/freeSub/main/clash.yaml
[2026-07-24 21:23:42] [INFO] Downloading: https://raw.githubusercontent.com/free18/v2ray/main/c.yaml
[2026-07-24 21:23:42] [WARNING] Filtered proxy 🇷🇺_俄罗斯_14: reality-opts short-id '' missing or invalid
[2026-07-24 21:23:42] [WARNING] Filtered proxy 🇹🇷_土耳其_142: reality-opts short-id '' missing or invalid
[2026-07-24 21:23:42] [WARNING] Filtered proxy 🇳🇱_荷兰_231: reality-opts short-id '' missing or invalid
[2026-07-24 21:23:42] [WARNING] Filtered proxy 🇷🇺_俄罗斯_241: reality-opts short-id '' missing or invalid
[2026-07-24 21:23:42] [INFO] Fetched 225 unique proxies for Auto Select.
[2026-07-24 21:23:42] [WARNING] Filtered proxy 🇩🇪_DE_德国_4: reality-opts short-id '' missing or invalid
[2026-07-24 21:23:42] [INFO] Filtered original proxies: 27 remaining
[2026-07-24 21:23:44] [INFO] Successfully wrote config to ./public/subscribe/clash.yml
[2026-07-25 10:03:24] [INFO] Downloading: https://www.ermao.net/sub/clash/ermao.net
[2026-07-25 10:03:25] [INFO] Main subscription fetched and parsed.
[2026-07-25 10:03:25] [INFO] Downloading rule-providers...
[2026-07-25 10:03:25] [INFO] Downloading: https://raw.githubusercontent.com/ACL4SSR/ACL4SSR/refs/heads/master/Clash/LocalAreaNetwork.list
[2026-07-25 10:03:25] [INFO] Downloaded rule-provider LocalAreaNetwork -> ./public/rules/LocalAreaNetwork.yaml
[2026-07-25 10:03:25] [INFO] Updated rule-provider LocalAreaNetwork URL to https://cdn.honglin.ac.cn/statically/gh/flinhong/configs/public/rules/LocalAreaNetwork.yaml
[2026-07-25 10:03:25] [INFO] Downloading: https://raw.githubusercontent.com/ACL4SSR/ACL4SSR/refs/heads/master/Clash/BanAD.list
[2026-07-25 10:03:25] [INFO] Downloaded rule-provider BanAD -> ./public/rules/BanAD.yaml
[2026-07-25 10:03:25] [INFO] Updated rule-provider BanAD URL to https://cdn.honglin.ac.cn/statically/gh/flinhong/configs/public/rules/BanAD.yaml
[2026-07-25 10:03:25] [INFO] Downloading: https://raw.githubusercontent.com/ACL4SSR/ACL4SSR/refs/heads/master/Clash/BanProgramAD.list
[2026-07-25 10:03:25] [INFO] Downloaded rule-provider BanProgramAD -> ./public/rules/BanProgramAD.yaml
[2026-07-25 10:03:25] [INFO] Updated rule-provider BanProgramAD URL to https://cdn.honglin.ac.cn/statically/gh/flinhong/configs/public/rules/BanProgramAD.yaml
[2026-07-25 10:03:25] [INFO] Downloading: https://raw.githubusercontent.com/ACL4SSR/ACL4SSR/refs/heads/master/Clash/BanEasyList.list
[2026-07-25 10:03:26] [INFO] Downloaded rule-provider BanEasyList -> ./public/rules/BanEasyList.yaml
[2026-07-25 10:03:26] [INFO] Updated rule-provider BanEasyList URL to https://cdn.honglin.ac.cn/statically/gh/flinhong/configs/public/rules/BanEasyList.yaml
[2026-07-25 10:03:26] [INFO] Downloading: https://raw.githubusercontent.com/ACL4SSR/ACL4SSR/refs/heads/master/Clash/BanEasyListChina.list
[2026-07-25 10:03:26] [INFO] Downloaded rule-provider BanEasyListChina -> ./public/rules/BanEasyListChina.yaml
[2026-07-25 10:03:26] [INFO] Updated rule-provider BanEasyListChina URL to https://cdn.honglin.ac.cn/statically/gh/flinhong/configs/public/rules/BanEasyListChina.yaml
[2026-07-25 10:03:26] [INFO] Downloading: https://raw.githubusercontent.com/ACL4SSR/ACL4SSR/refs/heads/master/Clash/BanEasyPrivacy.list
[2026-07-25 10:03:27] [INFO] Downloaded rule-provider BanEasyPrivacy -> ./public/rules/BanEasyPrivacy.yaml
[2026-07-25 10:03:27] [INFO] Updated rule-provider BanEasyPrivacy URL to https://cdn.honglin.ac.cn/statically/gh/flinhong/configs/public/rules/BanEasyPrivacy.yaml
[2026-07-25 10:03:27] [INFO] Downloading: https://raw.githubusercontent.com/ACL4SSR/ACL4SSR/refs/heads/master/Clash/GoogleCN.list
[2026-07-25 10:03:27] [INFO] Downloaded rule-provider GoogleCN -> ./public/rules/GoogleCN.yaml
[2026-07-25 10:03:27] [INFO] Updated rule-provider GoogleCN URL to https://cdn.honglin.ac.cn/statically/gh/flinhong/configs/public/rules/GoogleCN.yaml
[2026-07-25 10:03:27] [INFO] Downloading: https://raw.githubusercontent.com/ACL4SSR/ACL4SSR/refs/heads/master/Clash/Ruleset/SteamCN.list
[2026-07-25 10:03:27] [INFO] Downloaded rule-provider SteamCN -> ./public/rules/SteamCN.yaml
[2026-07-25 10:03:27] [INFO] Updated rule-provider SteamCN URL to https://cdn.honglin.ac.cn/statically/gh/flinhong/configs/public/rules/SteamCN.yaml
[2026-07-25 10:03:27] [INFO] Downloading: https://raw.githubusercontent.com/ACL4SSR/ACL4SSR/refs/heads/master/Clash/Microsoft.list
[2026-07-25 10:03:27] [INFO] Downloaded rule-provider Microsoft -> ./public/rules/Microsoft.yaml
[2026-07-25 10:03:27] [INFO] Updated rule-provider Microsoft URL to https://cdn.honglin.ac.cn/statically/gh/flinhong/configs/public/rules/Microsoft.yaml
[2026-07-25 10:03:27] [INFO] Downloading: https://raw.githubusercontent.com/ACL4SSR/ACL4SSR/refs/heads/master/Clash/Apple.list
[2026-07-25 10:03:27] [INFO] Downloaded rule-provider Apple -> ./public/rules/Apple.yaml
[2026-07-25 10:03:27] [INFO] Updated rule-provider Apple URL to https://cdn.honglin.ac.cn/statically/gh/flinhong/configs/public/rules/Apple.yaml
[2026-07-25 10:03:27] [INFO] Downloading: https://raw.githubusercontent.com/ACL4SSR/ACL4SSR/refs/heads/master/Clash/ProxyMedia.list
[2026-07-25 10:03:28] [INFO] Downloaded rule-provider ProxyMedia -> ./public/rules/ProxyMedia.yaml
[2026-07-25 10:03:28] [INFO] Updated rule-provider ProxyMedia URL to https://cdn.honglin.ac.cn/statically/gh/flinhong/configs/public/rules/ProxyMedia.yaml
[2026-07-25 10:03:28] [INFO] Downloading: https://raw.githubusercontent.com/ACL4SSR/ACL4SSR/refs/heads/master/Clash/Telegram.list
[2026-07-25 10:03:28] [INFO] Downloaded rule-provider Telegram -> ./public/rules/Telegram.yaml
[2026-07-25 10:03:28] [INFO] Updated rule-provider Telegram URL to https://cdn.honglin.ac.cn/statically/gh/flinhong/configs/public/rules/Telegram.yaml
[2026-07-25 10:03:28] [INFO] Downloading: https://raw.githubusercontent.com/ACL4SSR/ACL4SSR/refs/heads/master/Clash/ProxyLite.list
[2026-07-25 10:03:28] [INFO] Downloaded rule-provider ProxyLite -> ./public/rules/ProxyLite.yaml
[2026-07-25 10:03:28] [INFO] Updated rule-provider ProxyLite URL to https://cdn.honglin.ac.cn/statically/gh/flinhong/configs/public/rules/ProxyLite.yaml
[2026-07-25 10:03:28] [INFO] Downloading: https://raw.githubusercontent.com/ACL4SSR/ACL4SSR/refs/heads/master/Clash/ChinaDomain.list
[2026-07-25 10:03:28] [INFO] Downloaded rule-provider ChinaDomain -> ./public/rules/ChinaDomain.yaml
[2026-07-25 10:03:28] [INFO] Updated rule-provider ChinaDomain URL to https://cdn.honglin.ac.cn/statically/gh/flinhong/configs/public/rules/ChinaDomain.yaml
[2026-07-25 10:03:28] [INFO] Downloading: https://raw.githubusercontent.com/ACL4SSR/ACL4SSR/refs/heads/master/Clash/ChinaCompanyIp.list
[2026-07-25 10:03:28] [INFO] Downloaded rule-provider ChinaCompanyIp -> ./public/rules/ChinaCompanyIp.yaml
[2026-07-25 10:03:28] [INFO] Updated rule-provider ChinaCompanyIp URL to https://cdn.honglin.ac.cn/statically/gh/flinhong/configs/public/rules/ChinaCompanyIp.yaml
[2026-07-25 10:03:28] [INFO] Fetching extra proxies...
[2026-07-25 10:03:29] [INFO] All date-based sources have today's file available, using today
[2026-07-25 10:03:29] [INFO] Downloading: https://raw.githubusercontent.com/zhangkaiitugithub/passcro/main/speednodes.yaml
[2026-07-25 10:03:29] [INFO] Downloading: https://raw.githubusercontent.com/peasoft/NoMoreWalls/master/list.yml
[2026-07-25 10:03:29] [INFO] Downloading: https://raw.githubusercontent.com/mahdibland/SSAggregator/master/sub/sub_merge_yaml.yml
[2026-07-25 10:03:29] [INFO] Downloading: https://raw.githubusercontent.com/ts-sf/fly/main/clash
[2026-07-25 10:03:32] [INFO] Fetched 3148 unique proxies for Load Balancer.
[2026-07-25 10:03:32] [INFO] Downloading: https://node.nodefree.me/2026/07/20260725.yaml
[2026-07-25 10:03:32] [INFO] Downloading: https://static.v2rayshare.net/2026/07/20260725.yaml
[2026-07-25 10:03:32] [INFO] Downloading: https://tt.vg/freeclash
[2026-07-25 10:03:32] [INFO] Downloading: https://raw.githubusercontent.com/Ruk1ng001/freeSub/main/clash.yaml
[2026-07-25 10:03:32] [INFO] Downloading: https://raw.githubusercontent.com/free18/v2ray/main/c.yaml
[2026-07-25 10:03:33] [WARNING] Filtered proxy 🇷🇺_俄罗斯_14: reality-opts short-id '' missing or invalid
[2026-07-25 10:03:33] [WARNING] Filtered proxy 🇹🇷_土耳其_142: reality-opts short-id '' missing or invalid
[2026-07-25 10:03:33] [WARNING] Filtered proxy 🇳🇱_荷兰_231: reality-opts short-id '' missing or invalid
[2026-07-25 10:03:33] [WARNING] Filtered proxy 🇷🇺_俄罗斯_241: reality-opts short-id '' missing or invalid
[2026-07-25 10:03:33] [WARNING] Filtered proxy 🟠🇷🇺[🧠📺🎪✨]_github.com/Ruk1ng001_bd2314ae: reality-opts short-id '' missing or invalid
[2026-07-25 10:03:33] [WARNING] Filtered proxy 🟢🇺🇸[🎬🤖📺🎭]_github.com/Ruk1ng001_69ae7a37: reality-opts short-id '' missing or invalid
[2026-07-25 10:03:33] [INFO] Fetched 248 unique proxies for Auto Select.
[2026-07-25 10:03:33] [WARNING] Filtered proxy 🇷🇺_RU_俄罗斯_1: reality-opts short-id '' missing or invalid
[2026-07-25 10:03:33] [INFO] Filtered original proxies: 25 remaining
[2026-07-25 10:03:35] [INFO] Successfully wrote config to ./public/subscribe/clash.yml
[2026-07-25 21:09:42] [INFO] Downloading: https://www.ermao.net/sub/clash/ermao.net
[2026-07-25 21:09:43] [INFO] Main subscription fetched and parsed.
[2026-07-25 21:09:43] [INFO] Downloading rule-providers...
[2026-07-25 21:09:43] [INFO] Downloading: https://raw.githubusercontent.com/ACL4SSR/ACL4SSR/refs/heads/master/Clash/LocalAreaNetwork.list
[2026-07-25 21:09:43] [INFO] Downloaded rule-provider LocalAreaNetwork -> ./public/rules/LocalAreaNetwork.yaml
[2026-07-25 21:09:43] [INFO] Updated rule-provider LocalAreaNetwork URL to https://cdn.honglin.ac.cn/statically/gh/flinhong/configs/public/rules/LocalAreaNetwork.yaml
[2026-07-25 21:09:43] [INFO] Downloading: https://raw.githubusercontent.com/ACL4SSR/ACL4SSR/refs/heads/master/Clash/BanAD.list
[2026-07-25 21:09:43] [INFO] Downloaded rule-provider BanAD -> ./public/rules/BanAD.yaml
[2026-07-25 21:09:43] [INFO] Updated rule-provider BanAD URL to https://cdn.honglin.ac.cn/statically/gh/flinhong/configs/public/rules/BanAD.yaml
[2026-07-25 21:09:43] [INFO] Downloading: https://raw.githubusercontent.com/ACL4SSR/ACL4SSR/refs/heads/master/Clash/BanProgramAD.list
[2026-07-25 21:09:43] [INFO] Downloaded rule-provider BanProgramAD -> ./public/rules/BanProgramAD.yaml
[2026-07-25 21:09:43] [INFO] Updated rule-provider BanProgramAD URL to https://cdn.honglin.ac.cn/statically/gh/flinhong/configs/public/rules/BanProgramAD.yaml
[2026-07-25 21:09:43] [INFO] Downloading: https://raw.githubusercontent.com/ACL4SSR/ACL4SSR/refs/heads/master/Clash/BanEasyList.list
[2026-07-25 21:09:43] [INFO] Downloaded rule-provider BanEasyList -> ./public/rules/BanEasyList.yaml
[2026-07-25 21:09:43] [INFO] Updated rule-provider BanEasyList URL to https://cdn.honglin.ac.cn/statically/gh/flinhong/configs/public/rules/BanEasyList.yaml
[2026-07-25 21:09:43] [INFO] Downloading: https://raw.githubusercontent.com/ACL4SSR/ACL4SSR/refs/heads/master/Clash/BanEasyListChina.list
[2026-07-25 21:09:44] [INFO] Downloaded rule-provider BanEasyListChina -> ./public/rules/BanEasyListChina.yaml
[2026-07-25 21:09:44] [INFO] Updated rule-provider BanEasyListChina URL to https://cdn.honglin.ac.cn/statically/gh/flinhong/configs/public/rules/BanEasyListChina.yaml
[2026-07-25 21:09:44] [INFO] Downloading: https://raw.githubusercontent.com/ACL4SSR/ACL4SSR/refs/heads/master/Clash/BanEasyPrivacy.list
[2026-07-25 21:09:51] [INFO] Downloaded rule-provider BanEasyPrivacy -> ./public/rules/BanEasyPrivacy.yaml
[2026-07-25 21:09:51] [INFO] Updated rule-provider BanEasyPrivacy URL to https://cdn.honglin.ac.cn/statically/gh/flinhong/configs/public/rules/BanEasyPrivacy.yaml
[2026-07-25 21:09:51] [INFO] Downloading: https://raw.githubusercontent.com/ACL4SSR/ACL4SSR/refs/heads/master/Clash/GoogleCN.list
[2026-07-25 21:09:51] [INFO] Downloaded rule-provider GoogleCN -> ./public/rules/GoogleCN.yaml
[2026-07-25 21:09:51] [INFO] Updated rule-provider GoogleCN URL to https://cdn.honglin.ac.cn/statically/gh/flinhong/configs/public/rules/GoogleCN.yaml
[2026-07-25 21:09:51] [INFO] Downloading: https://raw.githubusercontent.com/ACL4SSR/ACL4SSR/refs/heads/master/Clash/Ruleset/SteamCN.list
[2026-07-25 21:09:52] [INFO] Downloaded rule-provider SteamCN -> ./public/rules/SteamCN.yaml
[2026-07-25 21:09:52] [INFO] Updated rule-provider SteamCN URL to https://cdn.honglin.ac.cn/statically/gh/flinhong/configs/public/rules/SteamCN.yaml
[2026-07-25 21:09:52] [INFO] Downloading: https://raw.githubusercontent.com/ACL4SSR/ACL4SSR/refs/heads/master/Clash/Microsoft.list
[2026-07-25 21:09:52] [INFO] Downloaded rule-provider Microsoft -> ./public/rules/Microsoft.yaml
[2026-07-25 21:09:52] [INFO] Updated rule-provider Microsoft URL to https://cdn.honglin.ac.cn/statically/gh/flinhong/configs/public/rules/Microsoft.yaml
[2026-07-25 21:09:52] [INFO] Downloading: https://raw.githubusercontent.com/ACL4SSR/ACL4SSR/refs/heads/master/Clash/Apple.list
[2026-07-25 21:09:52] [INFO] Downloaded rule-provider Apple -> ./public/rules/Apple.yaml
[2026-07-25 21:09:52] [INFO] Updated rule-provider Apple URL to https://cdn.honglin.ac.cn/statically/gh/flinhong/configs/public/rules/Apple.yaml
[2026-07-25 21:09:52] [INFO] Downloading: https://raw.githubusercontent.com/ACL4SSR/ACL4SSR/refs/heads/master/Clash/ProxyMedia.list
[2026-07-25 21:09:52] [INFO] Downloaded rule-provider ProxyMedia -> ./public/rules/ProxyMedia.yaml
[2026-07-25 21:09:52] [INFO] Updated rule-provider ProxyMedia URL to https://cdn.honglin.ac.cn/statically/gh/flinhong/configs/public/rules/ProxyMedia.yaml
[2026-07-25 21:09:52] [INFO] Downloading: https://raw.githubusercontent.com/ACL4SSR/ACL4SSR/refs/heads/master/Clash/Telegram.list
[2026-07-25 21:09:52] [INFO] Downloaded rule-provider Telegram -> ./public/rules/Telegram.yaml
[2026-07-25 21:09:52] [INFO] Updated rule-provider Telegram URL to https://cdn.honglin.ac.cn/statically/gh/flinhong/configs/public/rules/Telegram.yaml
[2026-07-25 21:09:52] [INFO] Downloading: https://raw.githubusercontent.com/ACL4SSR/ACL4SSR/refs/heads/master/Clash/ProxyLite.list
[2026-07-25 21:09:52] [INFO] Downloaded rule-provider ProxyLite -> ./public/rules/ProxyLite.yaml
[2026-07-25 21:09:52] [INFO] Updated rule-provider ProxyLite URL to https://cdn.honglin.ac.cn/statically/gh/flinhong/configs/public/rules/ProxyLite.yaml
[2026-07-25 21:09:52] [INFO] Downloading: https://raw.githubusercontent.com/ACL4SSR/ACL4SSR/refs/heads/master/Clash/ChinaDomain.list
[2026-07-25 21:09:52] [INFO] Downloaded rule-provider ChinaDomain -> ./public/rules/ChinaDomain.yaml
[2026-07-25 21:09:52] [INFO] Updated rule-provider ChinaDomain URL to https://cdn.honglin.ac.cn/statically/gh/flinhong/configs/public/rules/ChinaDomain.yaml
[2026-07-25 21:09:52] [INFO] Downloading: https://raw.githubusercontent.com/ACL4SSR/ACL4SSR/refs/heads/master/Clash/ChinaCompanyIp.list
[2026-07-25 21:09:53] [INFO] Downloaded rule-provider ChinaCompanyIp -> ./public/rules/ChinaCompanyIp.yaml
[2026-07-25 21:09:53] [INFO] Updated rule-provider ChinaCompanyIp URL to https://cdn.honglin.ac.cn/statically/gh/flinhong/configs/public/rules/ChinaCompanyIp.yaml
[2026-07-25 21:09:53] [INFO] Fetching extra proxies...
[2026-07-25 21:09:53] [INFO] All date-based sources have today's file available, using today
[2026-07-25 21:09:53] [INFO] Downloading: https://raw.githubusercontent.com/zhangkaiitugithub/passcro/main/speednodes.yaml
[2026-07-25 21:09:53] [INFO] Downloading: https://raw.githubusercontent.com/peasoft/NoMoreWalls/master/list.yml
[2026-07-25 21:09:53] [INFO] Downloading: https://raw.githubusercontent.com/mahdibland/SSAggregator/master/sub/sub_merge_yaml.yml
[2026-07-25 21:09:53] [INFO] Downloading: https://raw.githubusercontent.com/ts-sf/fly/main/clash
[2026-07-25 21:09:53] [WARNING] Filtered proxy DE_speednode_0003: reality-opts short-id '' missing or invalid
[2026-07-25 21:09:53] [WARNING] Filtered proxy DK_speednode_0004: reality-opts short-id '' missing or invalid
[2026-07-25 21:09:53] [WARNING] Filtered proxy IR_speednode_0011: reality-opts short-id '' missing or invalid
[2026-07-25 21:09:53] [WARNING] Filtered proxy NL_speednode_0016: reality-opts short-id '' missing or invalid
[2026-07-25 21:09:53] [WARNING] Filtered proxy NL_speednode_0017: reality-opts short-id '' missing or invalid
[2026-07-25 21:09:53] [WARNING] Filtered proxy NL_speednode_0018: reality-opts short-id '' missing or invalid
[2026-07-25 21:09:53] [WARNING] Filtered proxy NL_speednode_0019: reality-opts short-id '' missing or invalid
[2026-07-25 21:09:53] [WARNING] Filtered proxy NL_speednode_0020: reality-opts short-id '' missing or invalid
[2026-07-25 21:09:53] [WARNING] Filtered proxy NL_speednode_0021: reality-opts short-id '' missing or invalid
[2026-07-25 21:09:53] [WARNING] Filtered proxy NL_speednode_0022: reality-opts short-id '' missing or invalid
[2026-07-25 21:09:53] [WARNING] Filtered proxy NL_speednode_0023: reality-opts short-id '' missing or invalid
[2026-07-25 21:09:53] [WARNING] Filtered proxy NL_speednode_0024: reality-opts short-id '' missing or invalid
[2026-07-25 21:09:53] [WARNING] Filtered proxy NL_speednode_0025: reality-opts short-id '' missing or invalid
[2026-07-25 21:09:53] [WARNING] Filtered proxy NL_speednode_0026: reality-opts short-id '' missing or invalid
[2026-07-25 21:09:53] [WARNING] Filtered proxy NL_speednode_0027: reality-opts short-id '' missing or invalid
[2026-07-25 21:09:53] [WARNING] Filtered proxy NL_speednode_0029: reality-opts short-id '' missing or invalid
[2026-07-25 21:09:53] [WARNING] Filtered proxy NL_speednode_0030: reality-opts short-id '' missing or invalid
[2026-07-25 21:09:53] [WARNING] Filtered proxy RU_speednode_0109: reality-opts short-id '' missing or invalid
[2026-07-25 21:09:53] [WARNING] Filtered proxy RU_speednode_0110: reality-opts short-id '' missing or invalid
[2026-07-25 21:09:57] [INFO] Fetched 3142 unique proxies for Load Balancer.
[2026-07-25 21:09:57] [INFO] Downloading: https://node.nodefree.me/2026/07/20260725.yaml
[2026-07-25 21:09:57] [INFO] Downloading: https://static.v2rayshare.net/2026/07/20260725.yaml
[2026-07-25 21:09:57] [INFO] Downloading: https://tt.vg/freeclash
[2026-07-25 21:09:57] [INFO] Downloading: https://raw.githubusercontent.com/Ruk1ng001/freeSub/main/clash.yaml
[2026-07-25 21:09:57] [INFO] Downloading: https://raw.githubusercontent.com/free18/v2ray/main/c.yaml
[2026-07-25 21:09:57] [WARNING] Filtered proxy 🟠🇷🇺[🧠📺🎪✨]_github.com/Ruk1ng001_bd2314ae: reality-opts short-id '' missing or invalid
[2026-07-25 21:09:57] [WARNING] Filtered proxy 🟢🇺🇸[🎬🤖📺🎭]_github.com/Ruk1ng001_69ae7a37: reality-opts short-id '' missing or invalid
[2026-07-25 21:09:57] [WARNING] Filtered proxy 🇷🇺_俄罗斯_44: reality-opts short-id '' missing or invalid
[2026-07-25 21:09:57] [INFO] Fetched 117 unique proxies for Auto Select.
[2026-07-25 21:09:57] [WARNING] Filtered proxy 🇷🇺_RU_俄罗斯_1: reality-opts short-id '' missing or invalid
[2026-07-25 21:09:57] [INFO] Filtered original proxies: 27 remaining
[2026-07-25 21:09:59] [INFO] Successfully wrote config to ./public/subscribe/clash.yml
[2026-07-26 10:07:52] [INFO] Downloading: https://www.ermao.net/sub/clash/ermao.net
[2026-07-26 10:07:52] [INFO] Main subscription fetched and parsed.
[2026-07-26 10:07:52] [INFO] Downloading rule-providers...
[2026-07-26 10:07:52] [INFO] Downloading: https://raw.githubusercontent.com/ACL4SSR/ACL4SSR/refs/heads/master/Clash/LocalAreaNetwork.list
[2026-07-26 10:07:52] [INFO] Downloaded rule-provider LocalAreaNetwork -> ./public/rules/LocalAreaNetwork.yaml
[2026-07-26 10:07:52] [INFO] Updated rule-provider LocalAreaNetwork URL to https://cdn.honglin.ac.cn/statically/gh/flinhong/configs/public/rules/LocalAreaNetwork.yaml
[2026-07-26 10:07:52] [INFO] Downloading: https://raw.githubusercontent.com/ACL4SSR/ACL4SSR/refs/heads/master/Clash/BanAD.list
[2026-07-26 10:07:53] [INFO] Downloaded rule-provider BanAD -> ./public/rules/BanAD.yaml
[2026-07-26 10:07:53] [INFO] Updated rule-provider BanAD URL to https://cdn.honglin.ac.cn/statically/gh/flinhong/configs/public/rules/BanAD.yaml
[2026-07-26 10:07:53] [INFO] Downloading: https://raw.githubusercontent.com/ACL4SSR/ACL4SSR/refs/heads/master/Clash/BanProgramAD.list
[2026-07-26 10:07:53] [INFO] Downloaded rule-provider BanProgramAD -> ./public/rules/BanProgramAD.yaml
[2026-07-26 10:07:53] [INFO] Updated rule-provider BanProgramAD URL to https://cdn.honglin.ac.cn/statically/gh/flinhong/configs/public/rules/BanProgramAD.yaml
[2026-07-26 10:07:53] [INFO] Downloading: https://raw.githubusercontent.com/ACL4SSR/ACL4SSR/refs/heads/master/Clash/BanEasyList.list
[2026-07-26 10:07:54] [INFO] Downloaded rule-provider BanEasyList -> ./public/rules/BanEasyList.yaml
[2026-07-26 10:07:54] [INFO] Updated rule-provider BanEasyList URL to https://cdn.honglin.ac.cn/statically/gh/flinhong/configs/public/rules/BanEasyList.yaml
[2026-07-26 10:07:54] [INFO] Downloading: https://raw.githubusercontent.com/ACL4SSR/ACL4SSR/refs/heads/master/Clash/BanEasyListChina.list
[2026-07-26 10:07:54] [INFO] Downloaded rule-provider BanEasyListChina -> ./public/rules/BanEasyListChina.yaml
[2026-07-26 10:07:54] [INFO] Updated rule-provider BanEasyListChina URL to https://cdn.honglin.ac.cn/statically/gh/flinhong/configs/public/rules/BanEasyListChina.yaml
[2026-07-26 10:07:54] [INFO] Downloading: https://raw.githubusercontent.com/ACL4SSR/ACL4SSR/refs/heads/master/Clash/BanEasyPrivacy.list
[2026-07-26 10:07:54] [INFO] Downloaded rule-provider BanEasyPrivacy -> ./public/rules/BanEasyPrivacy.yaml
[2026-07-26 10:07:54] [INFO] Updated rule-provider BanEasyPrivacy URL to https://cdn.honglin.ac.cn/statically/gh/flinhong/configs/public/rules/BanEasyPrivacy.yaml
[2026-07-26 10:07:54] [INFO] Downloading: https://raw.githubusercontent.com/ACL4SSR/ACL4SSR/refs/heads/master/Clash/GoogleCN.list
[2026-07-26 10:07:54] [INFO] Downloaded rule-provider GoogleCN -> ./public/rules/GoogleCN.yaml
[2026-07-26 10:07:54] [INFO] Updated rule-provider GoogleCN URL to https://cdn.honglin.ac.cn/statically/gh/flinhong/configs/public/rules/GoogleCN.yaml
[2026-07-26 10:07:54] [INFO] Downloading: https://raw.githubusercontent.com/ACL4SSR/ACL4SSR/refs/heads/master/Clash/Ruleset/SteamCN.list
[2026-07-26 10:07:54] [INFO] Downloaded rule-provider SteamCN -> ./public/rules/SteamCN.yaml
[2026-07-26 10:07:54] [INFO] Updated rule-provider SteamCN URL to https://cdn.honglin.ac.cn/statically/gh/flinhong/configs/public/rules/SteamCN.yaml
[2026-07-26 10:07:54] [INFO] Downloading: https://raw.githubusercontent.com/ACL4SSR/ACL4SSR/refs/heads/master/Clash/Microsoft.list
[2026-07-26 10:07:55] [INFO] Downloaded rule-provider Microsoft -> ./public/rules/Microsoft.yaml
[2026-07-26 10:07:55] [INFO] Updated rule-provider Microsoft URL to https://cdn.honglin.ac.cn/statically/gh/flinhong/configs/public/rules/Microsoft.yaml
[2026-07-26 10:07:55] [INFO] Downloading: https://raw.githubusercontent.com/ACL4SSR/ACL4SSR/refs/heads/master/Clash/Apple.list
[2026-07-26 10:07:55] [INFO] Downloaded rule-provider Apple -> ./public/rules/Apple.yaml
[2026-07-26 10:07:55] [INFO] Updated rule-provider Apple URL to https://cdn.honglin.ac.cn/statically/gh/flinhong/configs/public/rules/Apple.yaml
[2026-07-26 10:07:55] [INFO] Downloading: https://raw.githubusercontent.com/ACL4SSR/ACL4SSR/refs/heads/master/Clash/ProxyMedia.list
[2026-07-26 10:07:55] [INFO] Downloaded rule-provider ProxyMedia -> ./public/rules/ProxyMedia.yaml
[2026-07-26 10:07:55] [INFO] Updated rule-provider ProxyMedia URL to https://cdn.honglin.ac.cn/statically/gh/flinhong/configs/public/rules/ProxyMedia.yaml
[2026-07-26 10:07:55] [INFO] Downloading: https://raw.githubusercontent.com/ACL4SSR/ACL4SSR/refs/heads/master/Clash/Telegram.list
[2026-07-26 10:07:55] [INFO] Downloaded rule-provider Telegram -> ./public/rules/Telegram.yaml
[2026-07-26 10:07:55] [INFO] Updated rule-provider Telegram URL to https://cdn.honglin.ac.cn/statically/gh/flinhong/configs/public/rules/Telegram.yaml
[2026-07-26 10:07:55] [INFO] Downloading: https://raw.githubusercontent.com/ACL4SSR/ACL4SSR/refs/heads/master/Clash/ProxyLite.list
[2026-07-26 10:07:55] [INFO] Downloaded rule-provider ProxyLite -> ./public/rules/ProxyLite.yaml
[2026-07-26 10:07:55] [INFO] Updated rule-provider ProxyLite URL to https://cdn.honglin.ac.cn/statically/gh/flinhong/configs/public/rules/ProxyLite.yaml
[2026-07-26 10:07:55] [INFO] Downloading: https://raw.githubusercontent.com/ACL4SSR/ACL4SSR/refs/heads/master/Clash/ChinaDomain.list
[2026-07-26 10:07:55] [INFO] Downloaded rule-provider ChinaDomain -> ./public/rules/ChinaDomain.yaml
[2026-07-26 10:07:55] [INFO] Updated rule-provider ChinaDomain URL to https://cdn.honglin.ac.cn/statically/gh/flinhong/configs/public/rules/ChinaDomain.yaml
[2026-07-26 10:07:55] [INFO] Downloading: https://raw.githubusercontent.com/ACL4SSR/ACL4SSR/refs/heads/master/Clash/ChinaCompanyIp.list
[2026-07-26 10:07:55] [INFO] Downloaded rule-provider ChinaCompanyIp -> ./public/rules/ChinaCompanyIp.yaml
[2026-07-26 10:07:55] [INFO] Updated rule-provider ChinaCompanyIp URL to https://cdn.honglin.ac.cn/statically/gh/flinhong/configs/public/rules/ChinaCompanyIp.yaml
[2026-07-26 10:07:55] [INFO] Fetching extra proxies...
[2026-07-26 10:07:56] [INFO] All date-based sources have today's file available, using today
[2026-07-26 10:07:56] [INFO] Downloading: https://raw.githubusercontent.com/zhangkaiitugithub/passcro/main/speednodes.yaml
[2026-07-26 10:07:56] [INFO] Downloading: https://raw.githubusercontent.com/peasoft/NoMoreWalls/master/list.yml
[2026-07-26 10:07:56] [INFO] Downloading: https://raw.githubusercontent.com/mahdibland/SSAggregator/master/sub/sub_merge_yaml.yml
[2026-07-26 10:07:56] [INFO] Downloading: https://raw.githubusercontent.com/ts-sf/fly/main/clash
[2026-07-26 10:07:56] [WARNING] Filtered proxy DE_speednode_0003: reality-opts short-id '' missing or invalid
[2026-07-26 10:07:56] [WARNING] Filtered proxy DK_speednode_0004: reality-opts short-id '' missing or invalid
[2026-07-26 10:07:56] [WARNING] Filtered proxy IR_speednode_0011: reality-opts short-id '' missing or invalid
[2026-07-26 10:07:56] [WARNING] Filtered proxy NL_speednode_0016: reality-opts short-id '' missing or invalid
[2026-07-26 10:07:56] [WARNING] Filtered proxy NL_speednode_0017: reality-opts short-id '' missing or invalid
[2026-07-26 10:07:56] [WARNING] Filtered proxy NL_speednode_0018: reality-opts short-id '' missing or invalid
[2026-07-26 10:07:56] [WARNING] Filtered proxy NL_speednode_0019: reality-opts short-id '' missing or invalid
[2026-07-26 10:07:56] [WARNING] Filtered proxy NL_speednode_0020: reality-opts short-id '' missing or invalid
[2026-07-26 10:07:56] [WARNING] Filtered proxy NL_speednode_0021: reality-opts short-id '' missing or invalid
[2026-07-26 10:07:56] [WARNING] Filtered proxy NL_speednode_0022: reality-opts short-id '' missing or invalid
[2026-07-26 10:07:56] [WARNING] Filtered proxy NL_speednode_0023: reality-opts short-id '' missing or invalid
[2026-07-26 10:07:56] [WARNING] Filtered proxy NL_speednode_0024: reality-opts short-id '' missing or invalid
[2026-07-26 10:07:56] [WARNING] Filtered proxy NL_speednode_0025: reality-opts short-id '' missing or invalid
[2026-07-26 10:07:56] [WARNING] Filtered proxy NL_speednode_0026: reality-opts short-id '' missing or invalid
[2026-07-26 10:07:56] [WARNING] Filtered proxy NL_speednode_0027: reality-opts short-id '' missing or invalid
[2026-07-26 10:07:56] [WARNING] Filtered proxy NL_speednode_0029: reality-opts short-id '' missing or invalid
[2026-07-26 10:07:56] [WARNING] Filtered proxy NL_speednode_0030: reality-opts short-id '' missing or invalid
[2026-07-26 10:07:56] [WARNING] Filtered proxy RU_speednode_0109: reality-opts short-id '' missing or invalid
[2026-07-26 10:07:56] [WARNING] Filtered proxy RU_speednode_0110: reality-opts short-id '' missing or invalid
[2026-07-26 10:07:59] [INFO] Fetched 3124 unique proxies for Load Balancer.
[2026-07-26 10:07:59] [INFO] Downloading: https://node.nodefree.me/2026/07/20260726.yaml
[2026-07-26 10:07:59] [INFO] Downloading: https://static.v2rayshare.net/2026/07/20260726.yaml
[2026-07-26 10:07:59] [INFO] Downloading: https://tt.vg/freeclash
[2026-07-26 10:07:59] [INFO] Downloading: https://raw.githubusercontent.com/Ruk1ng001/freeSub/main/clash.yaml
[2026-07-26 10:07:59] [INFO] Downloading: https://raw.githubusercontent.com/free18/v2ray/main/c.yaml
[2026-07-26 10:08:00] [WARNING] Filtered proxy 🇷🇺_俄罗斯_44: reality-opts short-id '' missing or invalid
[2026-07-26 10:08:00] [INFO] Fetched 112 unique proxies for Auto Select.
[2026-07-26 10:08:00] [WARNING] Filtered proxy 🇷🇺_RU_俄罗斯: reality-opts short-id '' missing or invalid
[2026-07-26 10:08:00] [INFO] Filtered original proxies: 19 remaining
[2026-07-26 10:08:01] [INFO] Successfully wrote config to ./public/subscribe/clash.yml
[2026-07-26 21:05:42] [INFO] Downloading: https://www.ermao.net/sub/clash/ermao.net
[2026-07-26 21:05:43] [INFO] Main subscription fetched and parsed.
[2026-07-26 21:05:43] [INFO] Downloading rule-providers...
[2026-07-26 21:05:43] [INFO] Downloading: https://raw.githubusercontent.com/ACL4SSR/ACL4SSR/refs/heads/master/Clash/LocalAreaNetwork.list
[2026-07-26 21:05:43] [INFO] Downloaded rule-provider LocalAreaNetwork -> ./public/rules/LocalAreaNetwork.yaml
[2026-07-26 21:05:43] [INFO] Updated rule-provider LocalAreaNetwork URL to https://cdn.honglin.ac.cn/statically/gh/flinhong/configs/public/rules/LocalAreaNetwork.yaml
[2026-07-26 21:05:43] [INFO] Downloading: https://raw.githubusercontent.com/ACL4SSR/ACL4SSR/refs/heads/master/Clash/BanAD.list
[2026-07-26 21:05:43] [INFO] Downloaded rule-provider BanAD -> ./public/rules/BanAD.yaml
[2026-07-26 21:05:43] [INFO] Updated rule-provider BanAD URL to https://cdn.honglin.ac.cn/statically/gh/flinhong/configs/public/rules/BanAD.yaml
[2026-07-26 21:05:43] [INFO] Downloading: https://raw.githubusercontent.com/ACL4SSR/ACL4SSR/refs/heads/master/Clash/BanProgramAD.list
[2026-07-26 21:05:43] [INFO] Downloaded rule-provider BanProgramAD -> ./public/rules/BanProgramAD.yaml
[2026-07-26 21:05:43] [INFO] Updated rule-provider BanProgramAD URL to https://cdn.honglin.ac.cn/statically/gh/flinhong/configs/public/rules/BanProgramAD.yaml
[2026-07-26 21:05:43] [INFO] Downloading: https://raw.githubusercontent.com/ACL4SSR/ACL4SSR/refs/heads/master/Clash/BanEasyList.list
[2026-07-26 21:05:44] [INFO] Downloaded rule-provider BanEasyList -> ./public/rules/BanEasyList.yaml
[2026-07-26 21:05:44] [INFO] Updated rule-provider BanEasyList URL to https://cdn.honglin.ac.cn/statically/gh/flinhong/configs/public/rules/BanEasyList.yaml
[2026-07-26 21:05:44] [INFO] Downloading: https://raw.githubusercontent.com/ACL4SSR/ACL4SSR/refs/heads/master/Clash/BanEasyListChina.list
[2026-07-26 21:05:44] [INFO] Downloaded rule-provider BanEasyListChina -> ./public/rules/BanEasyListChina.yaml
[2026-07-26 21:05:44] [INFO] Updated rule-provider BanEasyListChina URL to https://cdn.honglin.ac.cn/statically/gh/flinhong/configs/public/rules/BanEasyListChina.yaml
[2026-07-26 21:05:44] [INFO] Downloading: https://raw.githubusercontent.com/ACL4SSR/ACL4SSR/refs/heads/master/Clash/BanEasyPrivacy.list
[2026-07-26 21:05:44] [INFO] Downloaded rule-provider BanEasyPrivacy -> ./public/rules/BanEasyPrivacy.yaml
[2026-07-26 21:05:44] [INFO] Updated rule-provider BanEasyPrivacy URL to https://cdn.honglin.ac.cn/statically/gh/flinhong/configs/public/rules/BanEasyPrivacy.yaml
[2026-07-26 21:05:44] [INFO] Downloading: https://raw.githubusercontent.com/ACL4SSR/ACL4SSR/refs/heads/master/Clash/GoogleCN.list
[2026-07-26 21:05:44] [INFO] Downloaded rule-provider GoogleCN -> ./public/rules/GoogleCN.yaml
[2026-07-26 21:05:44] [INFO] Updated rule-provider GoogleCN URL to https://cdn.honglin.ac.cn/statically/gh/flinhong/configs/public/rules/GoogleCN.yaml
[2026-07-26 21:05:44] [INFO] Downloading: https://raw.githubusercontent.com/ACL4SSR/ACL4SSR/refs/heads/master/Clash/Ruleset/SteamCN.list
[2026-07-26 21:05:44] [INFO] Downloaded rule-provider SteamCN -> ./public/rules/SteamCN.yaml
[2026-07-26 21:05:44] [INFO] Updated rule-provider SteamCN URL to https://cdn.honglin.ac.cn/statically/gh/flinhong/configs/public/rules/SteamCN.yaml
[2026-07-26 21:05:44] [INFO] Downloading: https://raw.githubusercontent.com/ACL4SSR/ACL4SSR/refs/heads/master/Clash/Microsoft.list
[2026-07-26 21:05:45] [INFO] Downloaded rule-provider Microsoft -> ./public/rules/Microsoft.yaml
[2026-07-26 21:05:45] [INFO] Updated rule-provider Microsoft URL to https://cdn.honglin.ac.cn/statically/gh/flinhong/configs/public/rules/Microsoft.yaml
[2026-07-26 21:05:45] [INFO] Downloading: https://raw.githubusercontent.com/ACL4SSR/ACL4SSR/refs/heads/master/Clash/Apple.list
[2026-07-26 21:05:45] [INFO] Downloaded rule-provider Apple -> ./public/rules/Apple.yaml
[2026-07-26 21:05:45] [INFO] Updated rule-provider Apple URL to https://cdn.honglin.ac.cn/statically/gh/flinhong/configs/public/rules/Apple.yaml
[2026-07-26 21:05:45] [INFO] Downloading: https://raw.githubusercontent.com/ACL4SSR/ACL4SSR/refs/heads/master/Clash/ProxyMedia.list
[2026-07-26 21:05:45] [INFO] Downloaded rule-provider ProxyMedia -> ./public/rules/ProxyMedia.yaml
[2026-07-26 21:05:45] [INFO] Updated rule-provider ProxyMedia URL to https://cdn.honglin.ac.cn/statically/gh/flinhong/configs/public/rules/ProxyMedia.yaml
[2026-07-26 21:05:45] [INFO] Downloading: https://raw.githubusercontent.com/ACL4SSR/ACL4SSR/refs/heads/master/Clash/Telegram.list
[2026-07-26 21:05:45] [INFO] Downloaded rule-provider Telegram -> ./public/rules/Telegram.yaml
[2026-07-26 21:05:45] [INFO] Updated rule-provider Telegram URL to https://cdn.honglin.ac.cn/statically/gh/flinhong/configs/public/rules/Telegram.yaml
[2026-07-26 21:05:45] [INFO] Downloading: https://raw.githubusercontent.com/ACL4SSR/ACL4SSR/refs/heads/master/Clash/ProxyLite.list
[2026-07-26 21:05:45] [INFO] Downloaded rule-provider ProxyLite -> ./public/rules/ProxyLite.yaml
[2026-07-26 21:05:45] [INFO] Updated rule-provider ProxyLite URL to https://cdn.honglin.ac.cn/statically/gh/flinhong/configs/public/rules/ProxyLite.yaml
[2026-07-26 21:05:45] [INFO] Downloading: https://raw.githubusercontent.com/ACL4SSR/ACL4SSR/refs/heads/master/Clash/ChinaDomain.list
[2026-07-26 21:05:45] [INFO] Downloaded rule-provider ChinaDomain -> ./public/rules/ChinaDomain.yaml
[2026-07-26 21:05:45] [INFO] Updated rule-provider ChinaDomain URL to https://cdn.honglin.ac.cn/statically/gh/flinhong/configs/public/rules/ChinaDomain.yaml
[2026-07-26 21:05:45] [INFO] Downloading: https://raw.githubusercontent.com/ACL4SSR/ACL4SSR/refs/heads/master/Clash/ChinaCompanyIp.list
[2026-07-26 21:05:45] [INFO] Downloaded rule-provider ChinaCompanyIp -> ./public/rules/ChinaCompanyIp.yaml
[2026-07-26 21:05:45] [INFO] Updated rule-provider ChinaCompanyIp URL to https://cdn.honglin.ac.cn/statically/gh/flinhong/configs/public/rules/ChinaCompanyIp.yaml
[2026-07-26 21:05:45] [INFO] Fetching extra proxies...
[2026-07-26 21:05:46] [INFO] All date-based sources have today's file available, using today
[2026-07-26 21:05:46] [INFO] Downloading: https://raw.githubusercontent.com/zhangkaiitugithub/passcro/main/speednodes.yaml
[2026-07-26 21:05:46] [INFO] Downloading: https://raw.githubusercontent.com/peasoft/NoMoreWalls/master/list.yml
[2026-07-26 21:05:46] [INFO] Downloading: https://raw.githubusercontent.com/mahdibland/SSAggregator/master/sub/sub_merge_yaml.yml
[2026-07-26 21:05:46] [INFO] Downloading: https://raw.githubusercontent.com/ts-sf/fly/main/clash
[2026-07-26 21:05:46] [WARNING] Filtered proxy SE_speednode_0083: reality-opts short-id '' missing or invalid
[2026-07-26 21:05:50] [INFO] Fetched 3123 unique proxies for Load Balancer.
[2026-07-26 21:05:50] [INFO] Downloading: https://node.nodefree.me/2026/07/20260726.yaml
[2026-07-26 21:05:50] [INFO] Downloading: https://static.v2rayshare.net/2026/07/20260726.yaml
[2026-07-26 21:05:50] [INFO] Downloading: https://tt.vg/freeclash
[2026-07-26 21:05:50] [INFO] Downloading: https://raw.githubusercontent.com/Ruk1ng001/freeSub/main/clash.yaml
[2026-07-26 21:05:50] [INFO] Downloading: https://raw.githubusercontent.com/free18/v2ray/main/c.yaml
[2026-07-26 21:05:50] [WARNING] Filtered proxy 🇺🇸_美国_37: reality-opts short-id '' missing or invalid
[2026-07-26 21:05:50] [WARNING] Filtered proxy 🇯🇵_日本_38: reality-opts short-id '' missing or invalid
[2026-07-26 21:05:50] [WARNING] Filtered proxy 🇺🇸_美国_40: reality-opts short-id '' missing or invalid
[2026-07-26 21:05:50] [WARNING] Filtered proxy 🇷🇺_俄罗斯_115: reality-opts short-id '' missing or invalid
[2026-07-26 21:05:51] [INFO] Fetched 409 unique proxies for Auto Select.
[2026-07-26 21:05:51] [WARNING] Filtered proxy 🇷🇺_RU_俄罗斯->🇵🇱_PL_波兰: reality-opts short-id '' missing or invalid
[2026-07-26 21:05:51] [WARNING] Filtered proxy 🇷🇺_RU_俄罗斯->🇵🇱_PL_波兰_1: reality-opts short-id '' missing or invalid
[2026-07-26 21:05:51] [INFO] Filtered original proxies: 28 remaining
[2026-07-26 21:05:52] [INFO] Successfully wrote config to ./public/subscribe/clash.yml
[2026-07-27 10:21:37] [INFO] Downloading: https://www.ermao.net/sub/clash/ermao.net
[2026-07-27 10:21:37] [INFO] Main subscription fetched and parsed.
[2026-07-27 10:21:37] [INFO] Downloading rule-providers...
[2026-07-27 10:21:37] [INFO] Downloading: https://raw.githubusercontent.com/ACL4SSR/ACL4SSR/refs/heads/master/Clash/LocalAreaNetwork.list
[2026-07-27 10:21:37] [INFO] Downloaded rule-provider LocalAreaNetwork -> ./public/rules/LocalAreaNetwork.yaml
[2026-07-27 10:21:37] [INFO] Updated rule-provider LocalAreaNetwork URL to https://cdn.honglin.ac.cn/statically/gh/flinhong/configs/public/rules/LocalAreaNetwork.yaml
[2026-07-27 10:21:37] [INFO] Downloading: https://raw.githubusercontent.com/ACL4SSR/ACL4SSR/refs/heads/master/Clash/BanAD.list
[2026-07-27 10:21:37] [INFO] Downloaded rule-provider BanAD -> ./public/rules/BanAD.yaml
[2026-07-27 10:21:37] [INFO] Updated rule-provider BanAD URL to https://cdn.honglin.ac.cn/statically/gh/flinhong/configs/public/rules/BanAD.yaml
[2026-07-27 10:21:37] [INFO] Downloading: https://raw.githubusercontent.com/ACL4SSR/ACL4SSR/refs/heads/master/Clash/BanProgramAD.list
[2026-07-27 10:21:37] [INFO] Downloaded rule-provider BanProgramAD -> ./public/rules/BanProgramAD.yaml
[2026-07-27 10:21:37] [INFO] Updated rule-provider BanProgramAD URL to https://cdn.honglin.ac.cn/statically/gh/flinhong/configs/public/rules/BanProgramAD.yaml
[2026-07-27 10:21:37] [INFO] Downloading: https://raw.githubusercontent.com/ACL4SSR/ACL4SSR/refs/heads/master/Clash/BanEasyList.list
[2026-07-27 10:21:37] [INFO] Downloaded rule-provider BanEasyList -> ./public/rules/BanEasyList.yaml
[2026-07-27 10:21:37] [INFO] Updated rule-provider BanEasyList URL to https://cdn.honglin.ac.cn/statically/gh/flinhong/configs/public/rules/BanEasyList.yaml
[2026-07-27 10:21:37] [INFO] Downloading: https://raw.githubusercontent.com/ACL4SSR/ACL4SSR/refs/heads/master/Clash/BanEasyListChina.list
[2026-07-27 10:21:38] [INFO] Downloaded rule-provider BanEasyListChina -> ./public/rules/BanEasyListChina.yaml
[2026-07-27 10:21:38] [INFO] Updated rule-provider BanEasyListChina URL to https://cdn.honglin.ac.cn/statically/gh/flinhong/configs/public/rules/BanEasyListChina.yaml
[2026-07-27 10:21:38] [INFO] Downloading: https://raw.githubusercontent.com/ACL4SSR/ACL4SSR/refs/heads/master/Clash/BanEasyPrivacy.list
[2026-07-27 10:21:38] [INFO] Downloaded rule-provider BanEasyPrivacy -> ./public/rules/BanEasyPrivacy.yaml
[2026-07-27 10:21:38] [INFO] Updated rule-provider BanEasyPrivacy URL to https://cdn.honglin.ac.cn/statically/gh/flinhong/configs/public/rules/BanEasyPrivacy.yaml
[2026-07-27 10:21:38] [INFO] Downloading: https://raw.githubusercontent.com/ACL4SSR/ACL4SSR/refs/heads/master/Clash/GoogleCN.list
[2026-07-27 10:21:38] [INFO] Downloaded rule-provider GoogleCN -> ./public/rules/GoogleCN.yaml
[2026-07-27 10:21:38] [INFO] Updated rule-provider GoogleCN URL to https://cdn.honglin.ac.cn/statically/gh/flinhong/configs/public/rules/GoogleCN.yaml
[2026-07-27 10:21:38] [INFO] Downloading: https://raw.githubusercontent.com/ACL4SSR/ACL4SSR/refs/heads/master/Clash/Ruleset/SteamCN.list
[2026-07-27 10:21:38] [INFO] Downloaded rule-provider SteamCN -> ./public/rules/SteamCN.yaml
[2026-07-27 10:21:38] [INFO] Updated rule-provider SteamCN URL to https://cdn.honglin.ac.cn/statically/gh/flinhong/configs/public/rules/SteamCN.yaml
[2026-07-27 10:21:38] [INFO] Downloading: https://raw.githubusercontent.com/ACL4SSR/ACL4SSR/refs/heads/master/Clash/Microsoft.list
[2026-07-27 10:21:38] [INFO] Downloaded rule-provider Microsoft -> ./public/rules/Microsoft.yaml
[2026-07-27 10:21:38] [INFO] Updated rule-provider Microsoft URL to https://cdn.honglin.ac.cn/statically/gh/flinhong/configs/public/rules/Microsoft.yaml
[2026-07-27 10:21:38] [INFO] Downloading: https://raw.githubusercontent.com/ACL4SSR/ACL4SSR/refs/heads/master/Clash/Apple.list
[2026-07-27 10:21:38] [INFO] Downloaded rule-provider Apple -> ./public/rules/Apple.yaml
[2026-07-27 10:21:38] [INFO] Updated rule-provider Apple URL to https://cdn.honglin.ac.cn/statically/gh/flinhong/configs/public/rules/Apple.yaml
[2026-07-27 10:21:38] [INFO] Downloading: https://raw.githubusercontent.com/ACL4SSR/ACL4SSR/refs/heads/master/Clash/ProxyMedia.list
[2026-07-27 10:21:38] [INFO] Downloaded rule-provider ProxyMedia -> ./public/rules/ProxyMedia.yaml
[2026-07-27 10:21:38] [INFO] Updated rule-provider ProxyMedia URL to https://cdn.honglin.ac.cn/statically/gh/flinhong/configs/public/rules/ProxyMedia.yaml
[2026-07-27 10:21:38] [INFO] Downloading: https://raw.githubusercontent.com/ACL4SSR/ACL4SSR/refs/heads/master/Clash/Telegram.list
[2026-07-27 10:21:38] [INFO] Downloaded rule-provider Telegram -> ./public/rules/Telegram.yaml
[2026-07-27 10:21:38] [INFO] Updated rule-provider Telegram URL to https://cdn.honglin.ac.cn/statically/gh/flinhong/configs/public/rules/Telegram.yaml
[2026-07-27 10:21:38] [INFO] Downloading: https://raw.githubusercontent.com/ACL4SSR/ACL4SSR/refs/heads/master/Clash/ProxyLite.list
[2026-07-27 10:21:38] [INFO] Downloaded rule-provider ProxyLite -> ./public/rules/ProxyLite.yaml
[2026-07-27 10:21:38] [INFO] Updated rule-provider ProxyLite URL to https://cdn.honglin.ac.cn/statically/gh/flinhong/configs/public/rules/ProxyLite.yaml
[2026-07-27 10:21:38] [INFO] Downloading: https://raw.githubusercontent.com/ACL4SSR/ACL4SSR/refs/heads/master/Clash/ChinaDomain.list
[2026-07-27 10:21:38] [INFO] Downloaded rule-provider ChinaDomain -> ./public/rules/ChinaDomain.yaml
[2026-07-27 10:21:38] [INFO] Updated rule-provider ChinaDomain URL to https://cdn.honglin.ac.cn/statically/gh/flinhong/configs/public/rules/ChinaDomain.yaml
[2026-07-27 10:21:38] [INFO] Downloading: https://raw.githubusercontent.com/ACL4SSR/ACL4SSR/refs/heads/master/Clash/ChinaCompanyIp.list
[2026-07-27 10:21:38] [INFO] Downloaded rule-provider ChinaCompanyIp -> ./public/rules/ChinaCompanyIp.yaml
[2026-07-27 10:21:38] [INFO] Updated rule-provider ChinaCompanyIp URL to https://cdn.honglin.ac.cn/statically/gh/flinhong/configs/public/rules/ChinaCompanyIp.yaml
[2026-07-27 10:21:38] [INFO] Fetching extra proxies...
[2026-07-27 10:21:39] [INFO] All date-based sources have today's file available, using today
[2026-07-27 10:21:39] [INFO] Downloading: https://raw.githubusercontent.com/zhangkaiitugithub/passcro/main/speednodes.yaml
[2026-07-27 10:21:39] [INFO] Downloading: https://raw.githubusercontent.com/mahdibland/SSAggregator/master/sub/sub_merge_yaml.yml
[2026-07-27 10:21:39] [INFO] Downloading: https://raw.githubusercontent.com/peasoft/NoMoreWalls/master/list.yml
[2026-07-27 10:21:39] [INFO] Downloading: https://raw.githubusercontent.com/ts-sf/fly/main/clash
[2026-07-27 10:21:39] [WARNING] Filtered proxy SE_speednode_0083: reality-opts short-id '' missing or invalid
[2026-07-27 10:21:43] [INFO] Fetched 3131 unique proxies for Load Balancer.
[2026-07-27 10:21:43] [INFO] Downloading: https://node.nodefree.me/2026/07/20260727.yaml
[2026-07-27 10:21:43] [INFO] Downloading: https://static.v2rayshare.net/2026/07/20260727.yaml
[2026-07-27 10:21:43] [INFO] Downloading: https://tt.vg/freeclash
[2026-07-27 10:21:43] [INFO] Downloading: https://raw.githubusercontent.com/Ruk1ng001/freeSub/main/clash.yaml
[2026-07-27 10:21:43] [INFO] Downloading: https://raw.githubusercontent.com/free18/v2ray/main/c.yaml
[2026-07-27 10:21:43] [WARNING] Filtered proxy 🟢🇺🇸[🎬🤖📺🎭]_github.com/Ruk1ng001_2f63d08b: reality-opts short-id '' missing or invalid
[2026-07-27 10:21:43] [WARNING] Filtered proxy 🇺🇸_美国_37: reality-opts short-id '' missing or invalid
[2026-07-27 10:21:43] [WARNING] Filtered proxy 🇯🇵_日本_38: reality-opts short-id '' missing or invalid
[2026-07-27 10:21:43] [WARNING] Filtered proxy 🇺🇸_美国_40: reality-opts short-id '' missing or invalid
[2026-07-27 10:21:43] [WARNING] Filtered proxy 🇷🇺_俄罗斯_115: reality-opts short-id '' missing or invalid
[2026-07-27 10:21:43] [INFO] Fetched 411 unique proxies for Auto Select.
[2026-07-27 10:21:43] [WARNING] Filtered proxy 🇳🇱_NL_荷兰->🇩🇪_DE_德国: reality-opts short-id '' missing or invalid
[2026-07-27 10:21:43] [WARNING] Filtered proxy 🇷🇺_RU_俄罗斯->🇵🇱_PL_波兰: reality-opts short-id '' missing or invalid
[2026-07-27 10:21:43] [INFO] Filtered original proxies: 18 remaining
[2026-07-27 10:21:45] [INFO] Successfully wrote config to ./public/subscribe/clash.yml
[2026-07-27 22:17:07] [INFO] Downloading: https://www.ermao.net/sub/clash/ermao.net
[2026-07-27 22:17:07] [INFO] Main subscription fetched and parsed.
[2026-07-27 22:17:07] [INFO] Downloading rule-providers...
[2026-07-27 22:17:07] [INFO] Downloading: https://raw.githubusercontent.com/ACL4SSR/ACL4SSR/refs/heads/master/Clash/LocalAreaNetwork.list
[2026-07-27 22:17:08] [INFO] Downloaded rule-provider LocalAreaNetwork -> ./public/rules/LocalAreaNetwork.yaml
[2026-07-27 22:17:08] [INFO] Updated rule-provider LocalAreaNetwork URL to https://cdn.honglin.ac.cn/statically/gh/flinhong/configs/public/rules/LocalAreaNetwork.yaml
[2026-07-27 22:17:08] [INFO] Downloading: https://raw.githubusercontent.com/ACL4SSR/ACL4SSR/refs/heads/master/Clash/BanAD.list
[2026-07-27 22:17:08] [INFO] Downloaded rule-provider BanAD -> ./public/rules/BanAD.yaml
[2026-07-27 22:17:08] [INFO] Updated rule-provider BanAD URL to https://cdn.honglin.ac.cn/statically/gh/flinhong/configs/public/rules/BanAD.yaml
[2026-07-27 22:17:08] [INFO] Downloading: https://raw.githubusercontent.com/ACL4SSR/ACL4SSR/refs/heads/master/Clash/BanProgramAD.list
[2026-07-27 22:17:08] [INFO] Downloaded rule-provider BanProgramAD -> ./public/rules/BanProgramAD.yaml
[2026-07-27 22:17:08] [INFO] Updated rule-provider BanProgramAD URL to https://cdn.honglin.ac.cn/statically/gh/flinhong/configs/public/rules/BanProgramAD.yaml
[2026-07-27 22:17:08] [INFO] Downloading: https://raw.githubusercontent.com/ACL4SSR/ACL4SSR/refs/heads/master/Clash/BanEasyList.list
[2026-07-27 22:17:08] [INFO] Downloaded rule-provider BanEasyList -> ./public/rules/BanEasyList.yaml
[2026-07-27 22:17:08] [INFO] Updated rule-provider BanEasyList URL to https://cdn.honglin.ac.cn/statically/gh/flinhong/configs/public/rules/BanEasyList.yaml
[2026-07-27 22:17:08] [INFO] Downloading: https://raw.githubusercontent.com/ACL4SSR/ACL4SSR/refs/heads/master/Clash/BanEasyListChina.list
[2026-07-27 22:17:08] [INFO] Downloaded rule-provider BanEasyListChina -> ./public/rules/BanEasyListChina.yaml
[2026-07-27 22:17:08] [INFO] Updated rule-provider BanEasyListChina URL to https://cdn.honglin.ac.cn/statically/gh/flinhong/configs/public/rules/BanEasyListChina.yaml
[2026-07-27 22:17:08] [INFO] Downloading: https://raw.githubusercontent.com/ACL4SSR/ACL4SSR/refs/heads/master/Clash/BanEasyPrivacy.list
[2026-07-27 22:17:08] [INFO] Downloaded rule-provider BanEasyPrivacy -> ./public/rules/BanEasyPrivacy.yaml
[2026-07-27 22:17:08] [INFO] Updated rule-provider BanEasyPrivacy URL to https://cdn.honglin.ac.cn/statically/gh/flinhong/configs/public/rules/BanEasyPrivacy.yaml
[2026-07-27 22:17:08] [INFO] Downloading: https://raw.githubusercontent.com/ACL4SSR/ACL4SSR/refs/heads/master/Clash/GoogleCN.list
[2026-07-27 22:17:08] [INFO] Downloaded rule-provider GoogleCN -> ./public/rules/GoogleCN.yaml
[2026-07-27 22:17:08] [INFO] Updated rule-provider GoogleCN URL to https://cdn.honglin.ac.cn/statically/gh/flinhong/configs/public/rules/GoogleCN.yaml
[2026-07-27 22:17:08] [INFO] Downloading: https://raw.githubusercontent.com/ACL4SSR/ACL4SSR/refs/heads/master/Clash/Ruleset/SteamCN.list
[2026-07-27 22:17:09] [INFO] Downloaded rule-provider SteamCN -> ./public/rules/SteamCN.yaml
[2026-07-27 22:17:09] [INFO] Updated rule-provider SteamCN URL to https://cdn.honglin.ac.cn/statically/gh/flinhong/configs/public/rules/SteamCN.yaml
[2026-07-27 22:17:09] [INFO] Downloading: https://raw.githubusercontent.com/ACL4SSR/ACL4SSR/refs/heads/master/Clash/Microsoft.list
[2026-07-27 22:17:09] [INFO] Downloaded rule-provider Microsoft -> ./public/rules/Microsoft.yaml
[2026-07-27 22:17:09] [INFO] Updated rule-provider Microsoft URL to https://cdn.honglin.ac.cn/statically/gh/flinhong/configs/public/rules/Microsoft.yaml
[2026-07-27 22:17:09] [INFO] Downloading: https://raw.githubusercontent.com/ACL4SSR/ACL4SSR/refs/heads/master/Clash/Apple.list
[2026-07-27 22:17:09] [INFO] Downloaded rule-provider Apple -> ./public/rules/Apple.yaml
[2026-07-27 22:17:09] [INFO] Updated rule-provider Apple URL to https://cdn.honglin.ac.cn/statically/gh/flinhong/configs/public/rules/Apple.yaml
[2026-07-27 22:17:09] [INFO] Downloading: https://raw.githubusercontent.com/ACL4SSR/ACL4SSR/refs/heads/master/Clash/ProxyMedia.list
[2026-07-27 22:17:09] [INFO] Downloaded rule-provider ProxyMedia -> ./public/rules/ProxyMedia.yaml
[2026-07-27 22:17:09] [INFO] Updated rule-provider ProxyMedia URL to https://cdn.honglin.ac.cn/statically/gh/flinhong/configs/public/rules/ProxyMedia.yaml
[2026-07-27 22:17:09] [INFO] Downloading: https://raw.githubusercontent.com/ACL4SSR/ACL4SSR/refs/heads/master/Clash/Telegram.list
[2026-07-27 22:17:09] [INFO] Downloaded rule-provider Telegram -> ./public/rules/Telegram.yaml
[2026-07-27 22:17:09] [INFO] Updated rule-provider Telegram URL to https://cdn.honglin.ac.cn/statically/gh/flinhong/configs/public/rules/Telegram.yaml
[2026-07-27 22:17:09] [INFO] Downloading: https://raw.githubusercontent.com/ACL4SSR/ACL4SSR/refs/heads/master/Clash/ProxyLite.list
[2026-07-27 22:17:09] [INFO] Downloaded rule-provider ProxyLite -> ./public/rules/ProxyLite.yaml
[2026-07-27 22:17:09] [INFO] Updated rule-provider ProxyLite URL to https://cdn.honglin.ac.cn/statically/gh/flinhong/configs/public/rules/ProxyLite.yaml
[2026-07-27 22:17:09] [INFO] Downloading: https://raw.githubusercontent.com/ACL4SSR/ACL4SSR/refs/heads/master/Clash/ChinaDomain.list
[2026-07-27 22:17:09] [INFO] Downloaded rule-provider ChinaDomain -> ./public/rules/ChinaDomain.yaml
[2026-07-27 22:17:09] [INFO] Updated rule-provider ChinaDomain URL to https://cdn.honglin.ac.cn/statically/gh/flinhong/configs/public/rules/ChinaDomain.yaml
[2026-07-27 22:17:09] [INFO] Downloading: https://raw.githubusercontent.com/ACL4SSR/ACL4SSR/refs/heads/master/Clash/ChinaCompanyIp.list
[2026-07-27 22:17:10] [INFO] Downloaded rule-provider ChinaCompanyIp -> ./public/rules/ChinaCompanyIp.yaml
[2026-07-27 22:17:10] [INFO] Updated rule-provider ChinaCompanyIp URL to https://cdn.honglin.ac.cn/statically/gh/flinhong/configs/public/rules/ChinaCompanyIp.yaml
[2026-07-27 22:17:10] [INFO] Fetching extra proxies...
[2026-07-27 22:17:10] [INFO] All date-based sources have today's file available, using today
[2026-07-27 22:17:10] [INFO] Downloading: https://raw.githubusercontent.com/zhangkaiitugithub/passcro/main/speednodes.yaml
[2026-07-27 22:17:10] [INFO] Downloading: https://raw.githubusercontent.com/peasoft/NoMoreWalls/master/list.yml
[2026-07-27 22:17:10] [INFO] Downloading: https://raw.githubusercontent.com/mahdibland/SSAggregator/master/sub/sub_merge_yaml.yml
[2026-07-27 22:17:10] [INFO] Downloading: https://raw.githubusercontent.com/ts-sf/fly/main/clash
[2026-07-27 22:17:11] [WARNING] Filtered proxy MY_speednode_0005: reality-opts short-id '' missing or invalid
[2026-07-27 22:17:11] [WARNING] Filtered proxy RU_speednode_0067: reality-opts short-id '' missing or invalid
[2026-07-27 22:17:14] [INFO] Fetched 3121 unique proxies for Load Balancer.
[2026-07-27 22:17:14] [INFO] Downloading: https://node.nodefree.me/2026/07/20260727.yaml
[2026-07-27 22:17:14] [INFO] Downloading: https://tt.vg/freeclash
[2026-07-27 22:17:14] [INFO] Downloading: https://static.v2rayshare.net/2026/07/20260727.yaml
[2026-07-27 22:17:14] [INFO] Downloading: https://raw.githubusercontent.com/Ruk1ng001/freeSub/main/clash.yaml
[2026-07-27 22:17:14] [INFO] Downloading: https://raw.githubusercontent.com/free18/v2ray/main/c.yaml
[2026-07-27 22:17:14] [WARNING] Filtered proxy 🇷🇺_俄罗斯_7: reality-opts short-id '' missing or invalid
[2026-07-27 22:17:14] [WARNING] Filtered proxy 🇷🇺_俄罗斯_9: reality-opts short-id '' missing or invalid
[2026-07-27 22:17:14] [WARNING] Filtered proxy 🇷🇺_俄罗斯_39: reality-opts short-id '' missing or invalid
[2026-07-27 22:17:14] [WARNING] Filtered proxy 🇷🇺_俄罗斯_45: reality-opts short-id '' missing or invalid
[2026-07-27 22:17:14] [WARNING] Filtered proxy 🇷🇺_俄罗斯_56: reality-opts short-id '' missing or invalid
[2026-07-27 22:17:14] [WARNING] Filtered proxy 🇷🇺_俄罗斯_57: reality-opts short-id '' missing or invalid
[2026-07-27 22:17:14] [WARNING] Filtered proxy 🇺🇸_美国_58: reality-opts short-id '' missing or invalid
[2026-07-27 22:17:14] [WARNING] Filtered proxy 🇷🇺_俄罗斯_60: reality-opts short-id '' missing or invalid
[2026-07-27 22:17:14] [WARNING] Filtered proxy 🇷🇺_俄罗斯_73: reality-opts short-id '' missing or invalid
[2026-07-27 22:17:14] [WARNING] Filtered proxy 🇷🇺_俄罗斯_75: reality-opts short-id '' missing or invalid
[2026-07-27 22:17:14] [WARNING] Filtered proxy 🇷🇺_俄罗斯_76: reality-opts short-id '' missing or invalid
[2026-07-27 22:17:14] [WARNING] Filtered proxy 🇺🇸_美国_78: reality-opts short-id '' missing or invalid
[2026-07-27 22:17:14] [WARNING] Filtered proxy 🇷🇺_俄罗斯_88: reality-opts short-id '' missing or invalid
[2026-07-27 22:17:14] [WARNING] Filtered proxy 🇷🇺_俄罗斯_143: reality-opts short-id '' missing or invalid
[2026-07-27 22:17:14] [WARNING] Filtered proxy 🟢🇺🇸[🤖📺🎭🎪]_github.com/Ruk1ng001_2f63d08b: reality-opts short-id '' missing or invalid
[2026-07-27 22:17:14] [INFO] Fetched 218 unique proxies for Auto Select.
[2026-07-27 22:17:14] [WARNING] Filtered proxy 🇷🇺_RU_俄罗斯: reality-opts short-id '' missing or invalid
[2026-07-27 22:17:14] [WARNING] Filtered proxy 🇷🇺_RU_俄罗斯->🇵🇱_PL_波兰: reality-opts short-id '' missing or invalid
[2026-07-27 22:17:14] [INFO] Filtered original proxies: 24 remaining
[2026-07-27 22:17:16] [INFO] Successfully wrote config to ./public/subscribe/clash.yml
[2026-07-28 09:56:07] [INFO] Downloading: https://www.ermao.net/sub/clash/ermao.net
[2026-07-28 09:56:07] [INFO] Main subscription fetched and parsed.
[2026-07-28 09:56:07] [INFO] Downloading rule-providers...
[2026-07-28 09:56:07] [INFO] Downloading: https://raw.githubusercontent.com/ACL4SSR/ACL4SSR/refs/heads/master/Clash/LocalAreaNetwork.list
[2026-07-28 09:56:07] [INFO] Downloaded rule-provider LocalAreaNetwork -> ./public/rules/LocalAreaNetwork.yaml
[2026-07-28 09:56:07] [INFO] Updated rule-provider LocalAreaNetwork URL to https://cdn.honglin.ac.cn/statically/gh/flinhong/configs/public/rules/LocalAreaNetwork.yaml
[2026-07-28 09:56:07] [INFO] Downloading: https://raw.githubusercontent.com/ACL4SSR/ACL4SSR/refs/heads/master/Clash/BanAD.list
[2026-07-28 09:56:07] [INFO] Downloaded rule-provider BanAD -> ./public/rules/BanAD.yaml
[2026-07-28 09:56:07] [INFO] Updated rule-provider BanAD URL to https://cdn.honglin.ac.cn/statically/gh/flinhong/configs/public/rules/BanAD.yaml
[2026-07-28 09:56:07] [INFO] Downloading: https://raw.githubusercontent.com/ACL4SSR/ACL4SSR/refs/heads/master/Clash/BanProgramAD.list
[2026-07-28 09:56:07] [INFO] Downloaded rule-provider BanProgramAD -> ./public/rules/BanProgramAD.yaml
[2026-07-28 09:56:07] [INFO] Updated rule-provider BanProgramAD URL to https://cdn.honglin.ac.cn/statically/gh/flinhong/configs/public/rules/BanProgramAD.yaml
[2026-07-28 09:56:07] [INFO] Downloading: https://raw.githubusercontent.com/ACL4SSR/ACL4SSR/refs/heads/master/Clash/BanEasyList.list
[2026-07-28 09:56:08] [INFO] Downloaded rule-provider BanEasyList -> ./public/rules/BanEasyList.yaml
[2026-07-28 09:56:08] [INFO] Updated rule-provider BanEasyList URL to https://cdn.honglin.ac.cn/statically/gh/flinhong/configs/public/rules/BanEasyList.yaml
[2026-07-28 09:56:08] [INFO] Downloading: https://raw.githubusercontent.com/ACL4SSR/ACL4SSR/refs/heads/master/Clash/BanEasyListChina.list
[2026-07-28 09:56:08] [INFO] Downloaded rule-provider BanEasyListChina -> ./public/rules/BanEasyListChina.yaml
[2026-07-28 09:56:08] [INFO] Updated rule-provider BanEasyListChina URL to https://cdn.honglin.ac.cn/statically/gh/flinhong/configs/public/rules/BanEasyListChina.yaml
[2026-07-28 09:56:08] [INFO] Downloading: https://raw.githubusercontent.com/ACL4SSR/ACL4SSR/refs/heads/master/Clash/BanEasyPrivacy.list
[2026-07-28 09:56:08] [INFO] Downloaded rule-provider BanEasyPrivacy -> ./public/rules/BanEasyPrivacy.yaml
[2026-07-28 09:56:08] [INFO] Updated rule-provider BanEasyPrivacy URL to https://cdn.honglin.ac.cn/statically/gh/flinhong/configs/public/rules/BanEasyPrivacy.yaml
[2026-07-28 09:56:08] [INFO] Downloading: https://raw.githubusercontent.com/ACL4SSR/ACL4SSR/refs/heads/master/Clash/GoogleCN.list
[2026-07-28 09:56:08] [INFO] Downloaded rule-provider GoogleCN -> ./public/rules/GoogleCN.yaml
[2026-07-28 09:56:08] [INFO] Updated rule-provider GoogleCN URL to https://cdn.honglin.ac.cn/statically/gh/flinhong/configs/public/rules/GoogleCN.yaml
[2026-07-28 09:56:08] [INFO] Downloading: https://raw.githubusercontent.com/ACL4SSR/ACL4SSR/refs/heads/master/Clash/Ruleset/SteamCN.list
[2026-07-28 09:56:08] [INFO] Downloaded rule-provider SteamCN -> ./public/rules/SteamCN.yaml
[2026-07-28 09:56:08] [INFO] Updated rule-provider SteamCN URL to https://cdn.honglin.ac.cn/statically/gh/flinhong/configs/public/rules/SteamCN.yaml
[2026-07-28 09:56:08] [INFO] Downloading: https://raw.githubusercontent.com/ACL4SSR/ACL4SSR/refs/heads/master/Clash/Microsoft.list
[2026-07-28 09:56:08] [INFO] Downloaded rule-provider Microsoft -> ./public/rules/Microsoft.yaml
[2026-07-28 09:56:08] [INFO] Updated rule-provider Microsoft URL to https://cdn.honglin.ac.cn/statically/gh/flinhong/configs/public/rules/Microsoft.yaml
[2026-07-28 09:56:08] [INFO] Downloading: https://raw.githubusercontent.com/ACL4SSR/ACL4SSR/refs/heads/master/Clash/Apple.list
[2026-07-28 09:56:08] [INFO] Downloaded rule-provider Apple -> ./public/rules/Apple.yaml
[2026-07-28 09:56:08] [INFO] Updated rule-provider Apple URL to https://cdn.honglin.ac.cn/statically/gh/flinhong/configs/public/rules/Apple.yaml
[2026-07-28 09:56:08] [INFO] Downloading: https://raw.githubusercontent.com/ACL4SSR/ACL4SSR/refs/heads/master/Clash/ProxyMedia.list
[2026-07-28 09:56:09] [INFO] Downloaded rule-provider ProxyMedia -> ./public/rules/ProxyMedia.yaml
[2026-07-28 09:56:09] [INFO] Updated rule-provider ProxyMedia URL to https://cdn.honglin.ac.cn/statically/gh/flinhong/configs/public/rules/ProxyMedia.yaml
[2026-07-28 09:56:09] [INFO] Downloading: https://raw.githubusercontent.com/ACL4SSR/ACL4SSR/refs/heads/master/Clash/Telegram.list
[2026-07-28 09:56:09] [INFO] Downloaded rule-provider Telegram -> ./public/rules/Telegram.yaml
[2026-07-28 09:56:09] [INFO] Updated rule-provider Telegram URL to https://cdn.honglin.ac.cn/statically/gh/flinhong/configs/public/rules/Telegram.yaml
[2026-07-28 09:56:09] [INFO] Downloading: https://raw.githubusercontent.com/ACL4SSR/ACL4SSR/refs/heads/master/Clash/ProxyLite.list
[2026-07-28 09:56:09] [INFO] Downloaded rule-provider ProxyLite -> ./public/rules/ProxyLite.yaml
[2026-07-28 09:56:09] [INFO] Updated rule-provider ProxyLite URL to https://cdn.honglin.ac.cn/statically/gh/flinhong/configs/public/rules/ProxyLite.yaml
[2026-07-28 09:56:09] [INFO] Downloading: https://raw.githubusercontent.com/ACL4SSR/ACL4SSR/refs/heads/master/Clash/ChinaDomain.list
[2026-07-28 09:56:09] [INFO] Downloaded rule-provider ChinaDomain -> ./public/rules/ChinaDomain.yaml
[2026-07-28 09:56:09] [INFO] Updated rule-provider ChinaDomain URL to https://cdn.honglin.ac.cn/statically/gh/flinhong/configs/public/rules/ChinaDomain.yaml
[2026-07-28 09:56:09] [INFO] Downloading: https://raw.githubusercontent.com/ACL4SSR/ACL4SSR/refs/heads/master/Clash/ChinaCompanyIp.list
[2026-07-28 09:56:09] [INFO] Downloaded rule-provider ChinaCompanyIp -> ./public/rules/ChinaCompanyIp.yaml
[2026-07-28 09:56:09] [INFO] Updated rule-provider ChinaCompanyIp URL to https://cdn.honglin.ac.cn/statically/gh/flinhong/configs/public/rules/ChinaCompanyIp.yaml
[2026-07-28 09:56:09] [INFO] Fetching extra proxies...
[2026-07-28 09:56:10] [INFO] All date-based sources have today's file available, using today
[2026-07-28 09:56:10] [INFO] Downloading: https://raw.githubusercontent.com/zhangkaiitugithub/passcro/main/speednodes.yaml
[2026-07-28 09:56:10] [INFO] Downloading: https://raw.githubusercontent.com/peasoft/NoMoreWalls/master/list.yml
[2026-07-28 09:56:10] [INFO] Downloading: https://raw.githubusercontent.com/mahdibland/SSAggregator/master/sub/sub_merge_yaml.yml
[2026-07-28 09:56:10] [INFO] Downloading: https://raw.githubusercontent.com/ts-sf/fly/main/clash
[2026-07-28 09:56:10] [WARNING] Filtered proxy MY_speednode_0005: reality-opts short-id '' missing or invalid
[2026-07-28 09:56:10] [WARNING] Filtered proxy RU_speednode_0067: reality-opts short-id '' missing or invalid
[2026-07-28 09:56:13] [INFO] Fetched 3128 unique proxies for Load Balancer.
[2026-07-28 09:56:13] [INFO] Downloading: https://node.nodefree.me/2026/07/20260728.yaml
[2026-07-28 09:56:13] [INFO] Downloading: https://raw.githubusercontent.com/Ruk1ng001/freeSub/main/clash.yaml
[2026-07-28 09:56:13] [INFO] Downloading: https://tt.vg/freeclash
[2026-07-28 09:56:13] [INFO] Downloading: https://raw.githubusercontent.com/free18/v2ray/main/c.yaml
[2026-07-28 09:56:13] [INFO] Downloading: https://static.v2rayshare.net/2026/07/20260728.yaml
[2026-07-28 09:56:14] [WARNING] Filtered proxy 🟢🇺🇸[🤖📺🎭🎪]_github.com/Ruk1ng001_2f63d08b: reality-opts short-id '' missing or invalid
[2026-07-28 09:56:14] [WARNING] Filtered proxy 🇷🇺_俄罗斯_7: reality-opts short-id '' missing or invalid
[2026-07-28 09:56:14] [WARNING] Filtered proxy 🇷🇺_俄罗斯_9: reality-opts short-id '' missing or invalid
[2026-07-28 09:56:14] [WARNING] Filtered proxy 🇷🇺_俄罗斯_39: reality-opts short-id '' missing or invalid
[2026-07-28 09:56:14] [WARNING] Filtered proxy 🇷🇺_俄罗斯_45: reality-opts short-id '' missing or invalid
[2026-07-28 09:56:14] [WARNING] Filtered proxy 🇷🇺_俄罗斯_56: reality-opts short-id '' missing or invalid
[2026-07-28 09:56:14] [WARNING] Filtered proxy 🇷🇺_俄罗斯_57: reality-opts short-id '' missing or invalid
[2026-07-28 09:56:14] [WARNING] Filtered proxy 🇺🇸_美国_58: reality-opts short-id '' missing or invalid
[2026-07-28 09:56:14] [WARNING] Filtered proxy 🇷🇺_俄罗斯_60: reality-opts short-id '' missing or invalid
[2026-07-28 09:56:14] [WARNING] Filtered proxy 🇷🇺_俄罗斯_73: reality-opts short-id '' missing or invalid
[2026-07-28 09:56:14] [WARNING] Filtered proxy 🇷🇺_俄罗斯_75: reality-opts short-id '' missing or invalid
[2026-07-28 09:56:14] [WARNING] Filtered proxy 🇷🇺_俄罗斯_76: reality-opts short-id '' missing or invalid
[2026-07-28 09:56:14] [WARNING] Filtered proxy 🇺🇸_美国_78: reality-opts short-id '' missing or invalid
[2026-07-28 09:56:14] [WARNING] Filtered proxy 🇷🇺_俄罗斯_88: reality-opts short-id '' missing or invalid
[2026-07-28 09:56:14] [WARNING] Filtered proxy 🇷🇺_俄罗斯_143: reality-opts short-id '' missing or invalid
[2026-07-28 09:56:14] [INFO] Fetched 218 unique proxies for Auto Select.
[2026-07-28 09:56:14] [WARNING] Filtered proxy 🇷🇺_RU_俄罗斯: reality-opts short-id '' missing or invalid
[2026-07-28 09:56:14] [INFO] Filtered original proxies: 28 remaining
[2026-07-28 09:56:16] [INFO] Successfully wrote config to ./public/subscribe/clash.yml
[2026-07-28 21:48:39] [INFO] Downloading: https://www.ermao.net/sub/clash/ermao.net
[2026-07-28 21:48:40] [INFO] Main subscription fetched and parsed.
[2026-07-28 21:48:40] [INFO] Downloading rule-providers...
[2026-07-28 21:48:40] [INFO] Downloading: https://raw.githubusercontent.com/ACL4SSR/ACL4SSR/refs/heads/master/Clash/LocalAreaNetwork.list
[2026-07-28 21:48:40] [INFO] Downloaded rule-provider LocalAreaNetwork -> ./public/rules/LocalAreaNetwork.yaml
[2026-07-28 21:48:40] [INFO] Updated rule-provider LocalAreaNetwork URL to https://cdn.honglin.ac.cn/statically/gh/flinhong/configs/public/rules/LocalAreaNetwork.yaml
[2026-07-28 21:48:40] [INFO] Downloading: https://raw.githubusercontent.com/ACL4SSR/ACL4SSR/refs/heads/master/Clash/BanAD.list
[2026-07-28 21:48:40] [INFO] Downloaded rule-provider BanAD -> ./public/rules/BanAD.yaml
[2026-07-28 21:48:40] [INFO] Updated rule-provider BanAD URL to https://cdn.honglin.ac.cn/statically/gh/flinhong/configs/public/rules/BanAD.yaml
[2026-07-28 21:48:40] [INFO] Downloading: https://raw.githubusercontent.com/ACL4SSR/ACL4SSR/refs/heads/master/Clash/BanProgramAD.list
[2026-07-28 21:48:41] [INFO] Downloaded rule-provider BanProgramAD -> ./public/rules/BanProgramAD.yaml
[2026-07-28 21:48:41] [INFO] Updated rule-provider BanProgramAD URL to https://cdn.honglin.ac.cn/statically/gh/flinhong/configs/public/rules/BanProgramAD.yaml
[2026-07-28 21:48:41] [INFO] Downloading: https://raw.githubusercontent.com/ACL4SSR/ACL4SSR/refs/heads/master/Clash/BanEasyList.list
[2026-07-28 21:48:41] [INFO] Downloaded rule-provider BanEasyList -> ./public/rules/BanEasyList.yaml
[2026-07-28 21:48:41] [INFO] Updated rule-provider BanEasyList URL to https://cdn.honglin.ac.cn/statically/gh/flinhong/configs/public/rules/BanEasyList.yaml
[2026-07-28 21:48:41] [INFO] Downloading: https://raw.githubusercontent.com/ACL4SSR/ACL4SSR/refs/heads/master/Clash/BanEasyListChina.list
[2026-07-28 21:48:41] [INFO] Downloaded rule-provider BanEasyListChina -> ./public/rules/BanEasyListChina.yaml
[2026-07-28 21:48:41] [INFO] Updated rule-provider BanEasyListChina URL to https://cdn.honglin.ac.cn/statically/gh/flinhong/configs/public/rules/BanEasyListChina.yaml
[2026-07-28 21:48:41] [INFO] Downloading: https://raw.githubusercontent.com/ACL4SSR/ACL4SSR/refs/heads/master/Clash/BanEasyPrivacy.list
[2026-07-28 21:48:41] [INFO] Downloaded rule-provider BanEasyPrivacy -> ./public/rules/BanEasyPrivacy.yaml
[2026-07-28 21:48:41] [INFO] Updated rule-provider BanEasyPrivacy URL to https://cdn.honglin.ac.cn/statically/gh/flinhong/configs/public/rules/BanEasyPrivacy.yaml
[2026-07-28 21:48:41] [INFO] Downloading: https://raw.githubusercontent.com/ACL4SSR/ACL4SSR/refs/heads/master/Clash/GoogleCN.list
[2026-07-28 21:48:41] [INFO] Downloaded rule-provider GoogleCN -> ./public/rules/GoogleCN.yaml
[2026-07-28 21:48:41] [INFO] Updated rule-provider GoogleCN URL to https://cdn.honglin.ac.cn/statically/gh/flinhong/configs/public/rules/GoogleCN.yaml
[2026-07-28 21:48:41] [INFO] Downloading: https://raw.githubusercontent.com/ACL4SSR/ACL4SSR/refs/heads/master/Clash/Ruleset/SteamCN.list
[2026-07-28 21:48:42] [INFO] Downloaded rule-provider SteamCN -> ./public/rules/SteamCN.yaml
[2026-07-28 21:48:42] [INFO] Updated rule-provider SteamCN URL to https://cdn.honglin.ac.cn/statically/gh/flinhong/configs/public/rules/SteamCN.yaml
[2026-07-28 21:48:42] [INFO] Downloading: https://raw.githubusercontent.com/ACL4SSR/ACL4SSR/refs/heads/master/Clash/Microsoft.list
[2026-07-28 21:48:42] [INFO] Downloaded rule-provider Microsoft -> ./public/rules/Microsoft.yaml
[2026-07-28 21:48:42] [INFO] Updated rule-provider Microsoft URL to https://cdn.honglin.ac.cn/statically/gh/flinhong/configs/public/rules/Microsoft.yaml
[2026-07-28 21:48:42] [INFO] Downloading: https://raw.githubusercontent.com/ACL4SSR/ACL4SSR/refs/heads/master/Clash/Apple.list
[2026-07-28 21:48:42] [INFO] Downloaded rule-provider Apple -> ./public/rules/Apple.yaml
[2026-07-28 21:48:42] [INFO] Updated rule-provider Apple URL to https://cdn.honglin.ac.cn/statically/gh/flinhong/configs/public/rules/Apple.yaml
[2026-07-28 21:48:42] [INFO] Downloading: https://raw.githubusercontent.com/ACL4SSR/ACL4SSR/refs/heads/master/Clash/ProxyMedia.list
[2026-07-28 21:48:42] [INFO] Downloaded rule-provider ProxyMedia -> ./public/rules/ProxyMedia.yaml
[2026-07-28 21:48:42] [INFO] Updated rule-provider ProxyMedia URL to https://cdn.honglin.ac.cn/statically/gh/flinhong/configs/public/rules/ProxyMedia.yaml
[2026-07-28 21:48:42] [INFO] Downloading: https://raw.githubusercontent.com/ACL4SSR/ACL4SSR/refs/heads/master/Clash/Telegram.list
[2026-07-28 21:48:42] [INFO] Downloaded rule-provider Telegram -> ./public/rules/Telegram.yaml
[2026-07-28 21:48:42] [INFO] Updated rule-provider Telegram URL to https://cdn.honglin.ac.cn/statically/gh/flinhong/configs/public/rules/Telegram.yaml
[2026-07-28 21:48:42] [INFO] Downloading: https://raw.githubusercontent.com/ACL4SSR/ACL4SSR/refs/heads/master/Clash/ProxyLite.list
[2026-07-28 21:48:42] [INFO] Downloaded rule-provider ProxyLite -> ./public/rules/ProxyLite.yaml
[2026-07-28 21:48:42] [INFO] Updated rule-provider ProxyLite URL to https://cdn.honglin.ac.cn/statically/gh/flinhong/configs/public/rules/ProxyLite.yaml
[2026-07-28 21:48:42] [INFO] Downloading: https://raw.githubusercontent.com/ACL4SSR/ACL4SSR/refs/heads/master/Clash/ChinaDomain.list
[2026-07-28 21:48:43] [INFO] Downloaded rule-provider ChinaDomain -> ./public/rules/ChinaDomain.yaml
[2026-07-28 21:48:43] [INFO] Updated rule-provider ChinaDomain URL to https://cdn.honglin.ac.cn/statically/gh/flinhong/configs/public/rules/ChinaDomain.yaml
[2026-07-28 21:48:43] [INFO] Downloading: https://raw.githubusercontent.com/ACL4SSR/ACL4SSR/refs/heads/master/Clash/ChinaCompanyIp.list
[2026-07-28 21:48:43] [INFO] Downloaded rule-provider ChinaCompanyIp -> ./public/rules/ChinaCompanyIp.yaml
[2026-07-28 21:48:43] [INFO] Updated rule-provider ChinaCompanyIp URL to https://cdn.honglin.ac.cn/statically/gh/flinhong/configs/public/rules/ChinaCompanyIp.yaml
[2026-07-28 21:48:43] [INFO] Fetching extra proxies...
[2026-07-28 21:48:43] [INFO] All date-based sources have today's file available, using today
[2026-07-28 21:48:43] [INFO] Downloading: https://raw.githubusercontent.com/zhangkaiitugithub/passcro/main/speednodes.yaml
[2026-07-28 21:48:43] [INFO] Downloading: https://raw.githubusercontent.com/peasoft/NoMoreWalls/master/list.yml
[2026-07-28 21:48:43] [INFO] Downloading: https://raw.githubusercontent.com/mahdibland/SSAggregator/master/sub/sub_merge_yaml.yml
[2026-07-28 21:48:43] [INFO] Downloading: https://raw.githubusercontent.com/ts-sf/fly/main/clash
[2026-07-28 21:48:47] [INFO] Fetched 3173 unique proxies for Load Balancer.
[2026-07-28 21:48:47] [INFO] Downloading: https://node.nodefree.me/2026/07/20260728.yaml
[2026-07-28 21:48:47] [INFO] Downloading: https://static.v2rayshare.net/2026/07/20260728.yaml
[2026-07-28 21:48:47] [INFO] Downloading: https://tt.vg/freeclash
[2026-07-28 21:48:47] [INFO] Downloading: https://raw.githubusercontent.com/free18/v2ray/main/c.yaml
[2026-07-28 21:48:47] [INFO] Downloading: https://raw.githubusercontent.com/Ruk1ng001/freeSub/main/clash.yaml
[2026-07-28 21:48:47] [WARNING] Filtered proxy 🟢🇩🇪[📺🎭]_github.com/Ruk1ng001_cf527228: reality-opts short-id '' missing or invalid
[2026-07-28 21:48:47] [WARNING] Filtered proxy 🟢🇺🇸[📺🎭🎪✈️]_github.com/Ruk1ng001_2f63d08b: reality-opts short-id '' missing or invalid
[2026-07-28 21:48:47] [WARNING] Filtered proxy 🔴🇹🇷[🎬🤖📺🎭]_github.com/Ruk1ng001_0d0d0eb2: reality-opts short-id '' missing or invalid
[2026-07-28 21:48:48] [WARNING] Filtered proxy 🇷🇺_俄罗斯_13: reality-opts short-id '' missing or invalid
[2026-07-28 21:48:48] [WARNING] Filtered proxy 🇷🇺_俄罗斯_22: reality-opts short-id '' missing or invalid
[2026-07-28 21:48:48] [WARNING] Filtered proxy 🇷🇺_俄罗斯_24: reality-opts short-id '' missing or invalid
[2026-07-28 21:48:48] [WARNING] Filtered proxy 🇷🇺_俄罗斯_44: reality-opts short-id '' missing or invalid
[2026-07-28 21:48:48] [WARNING] Filtered proxy 🇷🇺_俄罗斯_50: reality-opts short-id '' missing or invalid
[2026-07-28 21:48:48] [WARNING] Filtered proxy 🇷🇺_俄罗斯_54: reality-opts short-id '' missing or invalid
[2026-07-28 21:48:48] [WARNING] Filtered proxy 🇷🇺_俄罗斯_55: reality-opts short-id '' missing or invalid
[2026-07-28 21:48:48] [WARNING] Filtered proxy 🇷🇺_俄罗斯_65: reality-opts short-id '' missing or invalid
[2026-07-28 21:48:48] [WARNING] Filtered proxy 🇷🇺_俄罗斯_67: reality-opts short-id '' missing or invalid
[2026-07-28 21:48:48] [WARNING] Filtered proxy 🇷🇺_俄罗斯_71: reality-opts short-id '' missing or invalid
[2026-07-28 21:48:48] [WARNING] Filtered proxy 🇩🇪_德国_79: reality-opts short-id '' missing or invalid
[2026-07-28 21:48:48] [WARNING] Filtered proxy 🇷🇺_俄罗斯_90: reality-opts short-id '' missing or invalid
[2026-07-28 21:48:48] [WARNING] Filtered proxy 🇪🇸_西班牙_91: reality-opts short-id '' missing or invalid
[2026-07-28 21:48:48] [WARNING] Filtered proxy 🇷🇺_俄罗斯_99: reality-opts short-id '' missing or invalid
[2026-07-28 21:48:48] [WARNING] Filtered proxy 🇫🇷_法国_100: reality-opts short-id '' missing or invalid
[2026-07-28 21:48:48] [WARNING] Filtered proxy 🇫🇷_法国_102: reality-opts short-id '' missing or invalid
[2026-07-28 21:48:48] [WARNING] Filtered proxy 🇸🇪_瑞典_106: reality-opts short-id '' missing or invalid
[2026-07-28 21:48:48] [WARNING] Filtered proxy 🇸🇪_瑞典_122: reality-opts short-id '' missing or invalid
[2026-07-28 21:48:48] [WARNING] Filtered proxy 🇫🇷_法国_124: reality-opts short-id '' missing or invalid
[2026-07-28 21:48:48] [WARNING] Filtered proxy 🇪🇸_西班牙_134: reality-opts short-id '' missing or invalid
[2026-07-28 21:48:48] [WARNING] Filtered proxy 🇩🇪_德国_165: reality-opts short-id '' missing or invalid
[2026-07-28 21:48:48] [WARNING] Filtered proxy 🇷🇺_俄罗斯_198: reality-opts short-id '' missing or invalid
[2026-07-28 21:48:48] [WARNING] Filtered proxy 🇷🇺_俄罗斯_203: reality-opts short-id '' missing or invalid
[2026-07-28 21:48:48] [INFO] Fetched 365 unique proxies for Auto Select.
[2026-07-28 21:48:48] [INFO] Filtered original proxies: 29 remaining
[2026-07-28 21:48:50] [INFO] Successfully wrote config to ./public/subscribe/clash.yml
[2026-07-29 09:59:27] [INFO] Downloading: https://www.ermao.net/sub/clash/ermao.net
[2026-07-29 09:59:27] [INFO] Main subscription fetched and parsed.
[2026-07-29 09:59:27] [INFO] Downloading rule-providers...
[2026-07-29 09:59:27] [INFO] Downloading: https://raw.githubusercontent.com/ACL4SSR/ACL4SSR/refs/heads/master/Clash/LocalAreaNetwork.list
[2026-07-29 09:59:27] [INFO] Downloaded rule-provider LocalAreaNetwork -> ./public/rules/LocalAreaNetwork.yaml
[2026-07-29 09:59:27] [INFO] Updated rule-provider LocalAreaNetwork URL to https://cdn.honglin.ac.cn/statically/gh/flinhong/configs/public/rules/LocalAreaNetwork.yaml
[2026-07-29 09:59:27] [INFO] Downloading: https://raw.githubusercontent.com/ACL4SSR/ACL4SSR/refs/heads/master/Clash/BanAD.list
[2026-07-29 09:59:28] [INFO] Downloaded rule-provider BanAD -> ./public/rules/BanAD.yaml
[2026-07-29 09:59:28] [INFO] Updated rule-provider BanAD URL to https://cdn.honglin.ac.cn/statically/gh/flinhong/configs/public/rules/BanAD.yaml
[2026-07-29 09:59:28] [INFO] Downloading: https://raw.githubusercontent.com/ACL4SSR/ACL4SSR/refs/heads/master/Clash/BanProgramAD.list
[2026-07-29 09:59:28] [INFO] Downloaded rule-provider BanProgramAD -> ./public/rules/BanProgramAD.yaml
[2026-07-29 09:59:28] [INFO] Updated rule-provider BanProgramAD URL to https://cdn.honglin.ac.cn/statically/gh/flinhong/configs/public/rules/BanProgramAD.yaml
[2026-07-29 09:59:28] [INFO] Downloading: https://raw.githubusercontent.com/ACL4SSR/ACL4SSR/refs/heads/master/Clash/BanEasyList.list
[2026-07-29 09:59:28] [INFO] Downloaded rule-provider BanEasyList -> ./public/rules/BanEasyList.yaml
[2026-07-29 09:59:28] [INFO] Updated rule-provider BanEasyList URL to https://cdn.honglin.ac.cn/statically/gh/flinhong/configs/public/rules/BanEasyList.yaml
[2026-07-29 09:59:28] [INFO] Downloading: https://raw.githubusercontent.com/ACL4SSR/ACL4SSR/refs/heads/master/Clash/BanEasyListChina.list
[2026-07-29 09:59:28] [INFO] Downloaded rule-provider BanEasyListChina -> ./public/rules/BanEasyListChina.yaml
[2026-07-29 09:59:28] [INFO] Updated rule-provider BanEasyListChina URL to https://cdn.honglin.ac.cn/statically/gh/flinhong/configs/public/rules/BanEasyListChina.yaml
[2026-07-29 09:59:28] [INFO] Downloading: https://raw.githubusercontent.com/ACL4SSR/ACL4SSR/refs/heads/master/Clash/BanEasyPrivacy.list
[2026-07-29 09:59:28] [INFO] Downloaded rule-provider BanEasyPrivacy -> ./public/rules/BanEasyPrivacy.yaml
[2026-07-29 09:59:28] [INFO] Updated rule-provider BanEasyPrivacy URL to https://cdn.honglin.ac.cn/statically/gh/flinhong/configs/public/rules/BanEasyPrivacy.yaml
[2026-07-29 09:59:28] [INFO] Downloading: https://raw.githubusercontent.com/ACL4SSR/ACL4SSR/refs/heads/master/Clash/GoogleCN.list
[2026-07-29 09:59:28] [INFO] Downloaded rule-provider GoogleCN -> ./public/rules/GoogleCN.yaml
[2026-07-29 09:59:28] [INFO] Updated rule-provider GoogleCN URL to https://cdn.honglin.ac.cn/statically/gh/flinhong/configs/public/rules/GoogleCN.yaml
[2026-07-29 09:59:28] [INFO] Downloading: https://raw.githubusercontent.com/ACL4SSR/ACL4SSR/refs/heads/master/Clash/Ruleset/SteamCN.list
[2026-07-29 09:59:28] [INFO] Downloaded rule-provider SteamCN -> ./public/rules/SteamCN.yaml
[2026-07-29 09:59:28] [INFO] Updated rule-provider SteamCN URL to https://cdn.honglin.ac.cn/statically/gh/flinhong/configs/public/rules/SteamCN.yaml
[2026-07-29 09:59:28] [INFO] Downloading: https://raw.githubusercontent.com/ACL4SSR/ACL4SSR/refs/heads/master/Clash/Microsoft.list
[2026-07-29 09:59:28] [INFO] Downloaded rule-provider Microsoft -> ./public/rules/Microsoft.yaml
[2026-07-29 09:59:28] [INFO] Updated rule-provider Microsoft URL to https://cdn.honglin.ac.cn/statically/gh/flinhong/configs/public/rules/Microsoft.yaml
[2026-07-29 09:59:28] [INFO] Downloading: https://raw.githubusercontent.com/ACL4SSR/ACL4SSR/refs/heads/master/Clash/Apple.list
[2026-07-29 09:59:28] [INFO] Downloaded rule-provider Apple -> ./public/rules/Apple.yaml
[2026-07-29 09:59:28] [INFO] Updated rule-provider Apple URL to https://cdn.honglin.ac.cn/statically/gh/flinhong/configs/public/rules/Apple.yaml
[2026-07-29 09:59:28] [INFO] Downloading: https://raw.githubusercontent.com/ACL4SSR/ACL4SSR/refs/heads/master/Clash/ProxyMedia.list
[2026-07-29 09:59:28] [INFO] Downloaded rule-provider ProxyMedia -> ./public/rules/ProxyMedia.yaml
[2026-07-29 09:59:28] [INFO] Updated rule-provider ProxyMedia URL to https://cdn.honglin.ac.cn/statically/gh/flinhong/configs/public/rules/ProxyMedia.yaml
[2026-07-29 09:59:28] [INFO] Downloading: https://raw.githubusercontent.com/ACL4SSR/ACL4SSR/refs/heads/master/Clash/Telegram.list
[2026-07-29 09:59:28] [INFO] Downloaded rule-provider Telegram -> ./public/rules/Telegram.yaml
[2026-07-29 09:59:28] [INFO] Updated rule-provider Telegram URL to https://cdn.honglin.ac.cn/statically/gh/flinhong/configs/public/rules/Telegram.yaml
[2026-07-29 09:59:28] [INFO] Downloading: https://raw.githubusercontent.com/ACL4SSR/ACL4SSR/refs/heads/master/Clash/ProxyLite.list
[2026-07-29 09:59:29] [INFO] Downloaded rule-provider ProxyLite -> ./public/rules/ProxyLite.yaml
[2026-07-29 09:59:29] [INFO] Updated rule-provider ProxyLite URL to https://cdn.honglin.ac.cn/statically/gh/flinhong/configs/public/rules/ProxyLite.yaml
[2026-07-29 09:59:29] [INFO] Downloading: https://raw.githubusercontent.com/ACL4SSR/ACL4SSR/refs/heads/master/Clash/ChinaDomain.list
[2026-07-29 09:59:29] [INFO] Downloaded rule-provider ChinaDomain -> ./public/rules/ChinaDomain.yaml
[2026-07-29 09:59:29] [INFO] Updated rule-provider ChinaDomain URL to https://cdn.honglin.ac.cn/statically/gh/flinhong/configs/public/rules/ChinaDomain.yaml
[2026-07-29 09:59:29] [INFO] Downloading: https://raw.githubusercontent.com/ACL4SSR/ACL4SSR/refs/heads/master/Clash/ChinaCompanyIp.list
[2026-07-29 09:59:29] [INFO] Downloaded rule-provider ChinaCompanyIp -> ./public/rules/ChinaCompanyIp.yaml
[2026-07-29 09:59:29] [INFO] Updated rule-provider ChinaCompanyIp URL to https://cdn.honglin.ac.cn/statically/gh/flinhong/configs/public/rules/ChinaCompanyIp.yaml
[2026-07-29 09:59:29] [INFO] Fetching extra proxies...
[2026-07-29 09:59:30] [INFO] All date-based sources have today's file available, using today
[2026-07-29 09:59:30] [INFO] Downloading: https://raw.githubusercontent.com/zhangkaiitugithub/passcro/main/speednodes.yaml
[2026-07-29 09:59:30] [INFO] Downloading: https://raw.githubusercontent.com/peasoft/NoMoreWalls/master/list.yml
[2026-07-29 09:59:30] [INFO] Downloading: https://raw.githubusercontent.com/mahdibland/SSAggregator/master/sub/sub_merge_yaml.yml
[2026-07-29 09:59:30] [INFO] Downloading: https://raw.githubusercontent.com/ts-sf/fly/main/clash
[2026-07-29 09:59:30] [WARNING] Filtered proxy RU_speednode_0136: reality-opts short-id '' missing or invalid
[2026-07-29 09:59:30] [WARNING] Filtered proxy US_speednode_0147: reality-opts short-id '' missing or invalid
[2026-07-29 09:59:33] [INFO] Fetched 3248 unique proxies for Load Balancer.
[2026-07-29 09:59:33] [INFO] Downloading: https://node.nodefree.me/2026/07/20260729.yaml
[2026-07-29 09:59:33] [INFO] Downloading: https://static.v2rayshare.net/2026/07/20260729.yaml
[2026-07-29 09:59:33] [INFO] Downloading: https://tt.vg/freeclash
[2026-07-29 09:59:33] [INFO] Downloading: https://raw.githubusercontent.com/free18/v2ray/main/c.yaml
[2026-07-29 09:59:33] [INFO] Downloading: https://raw.githubusercontent.com/Ruk1ng001/freeSub/main/clash.yaml
[2026-07-29 09:59:33] [WARNING] Filtered proxy 🟢🇩🇪[📺🎭🎪📦]_github.com/Ruk1ng001_cf527228: reality-opts short-id '' missing or invalid
[2026-07-29 09:59:33] [WARNING] Filtered proxy 🟢🇺🇸[🤖📺🎭🎪]_github.com/Ruk1ng001_2f63d08b: reality-opts short-id '' missing or invalid
[2026-07-29 09:59:34] [WARNING] Filtered proxy 🇷🇺_俄罗斯_13: reality-opts short-id '' missing or invalid
[2026-07-29 09:59:34] [WARNING] Filtered proxy 🇷🇺_俄罗斯_22: reality-opts short-id '' missing or invalid
[2026-07-29 09:59:34] [WARNING] Filtered proxy 🇷🇺_俄罗斯_24: reality-opts short-id '' missing or invalid
[2026-07-29 09:59:34] [WARNING] Filtered proxy 🇷🇺_俄罗斯_44: reality-opts short-id '' missing or invalid
[2026-07-29 09:59:34] [WARNING] Filtered proxy 🇷🇺_俄罗斯_50: reality-opts short-id '' missing or invalid
[2026-07-29 09:59:34] [WARNING] Filtered proxy 🇷🇺_俄罗斯_54: reality-opts short-id '' missing or invalid
[2026-07-29 09:59:34] [WARNING] Filtered proxy 🇷🇺_俄罗斯_55: reality-opts short-id '' missing or invalid
[2026-07-29 09:59:34] [WARNING] Filtered proxy 🇷🇺_俄罗斯_65: reality-opts short-id '' missing or invalid
[2026-07-29 09:59:34] [WARNING] Filtered proxy 🇷🇺_俄罗斯_67: reality-opts short-id '' missing or invalid
[2026-07-29 09:59:34] [WARNING] Filtered proxy 🇷🇺_俄罗斯_71: reality-opts short-id '' missing or invalid
[2026-07-29 09:59:34] [WARNING] Filtered proxy 🇩🇪_德国_79: reality-opts short-id '' missing or invalid
[2026-07-29 09:59:34] [WARNING] Filtered proxy 🇷🇺_俄罗斯_90: reality-opts short-id '' missing or invalid
[2026-07-29 09:59:34] [WARNING] Filtered proxy 🇪🇸_西班牙_91: reality-opts short-id '' missing or invalid
[2026-07-29 09:59:34] [WARNING] Filtered proxy 🇷🇺_俄罗斯_99: reality-opts short-id '' missing or invalid
[2026-07-29 09:59:34] [WARNING] Filtered proxy 🇫🇷_法国_100: reality-opts short-id '' missing or invalid
[2026-07-29 09:59:34] [WARNING] Filtered proxy 🇫🇷_法国_102: reality-opts short-id '' missing or invalid
[2026-07-29 09:59:34] [WARNING] Filtered proxy 🇸🇪_瑞典_106: reality-opts short-id '' missing or invalid
[2026-07-29 09:59:34] [WARNING] Filtered proxy 🇸🇪_瑞典_122: reality-opts short-id '' missing or invalid
[2026-07-29 09:59:34] [WARNING] Filtered proxy 🇫🇷_法国_124: reality-opts short-id '' missing or invalid
[2026-07-29 09:59:34] [WARNING] Filtered proxy 🇪🇸_西班牙_134: reality-opts short-id '' missing or invalid
[2026-07-29 09:59:34] [WARNING] Filtered proxy 🇩🇪_德国_165: reality-opts short-id '' missing or invalid
[2026-07-29 09:59:34] [WARNING] Filtered proxy 🇷🇺_俄罗斯_198: reality-opts short-id '' missing or invalid
[2026-07-29 09:59:34] [WARNING] Filtered proxy 🇷🇺_俄罗斯_203: reality-opts short-id '' missing or invalid
[2026-07-29 09:59:34] [INFO] Fetched 366 unique proxies for Auto Select.
[2026-07-29 09:59:34] [WARNING] Filtered proxy 🇷🇺_RU_俄罗斯_1: reality-opts short-id '' missing or invalid
[2026-07-29 09:59:34] [INFO] Filtered original proxies: 20 remaining
[2026-07-29 09:59:35] [INFO] Successfully wrote config to ./public/subscribe/clash.yml
[2026-07-29 21:54:02] [INFO] Downloading: https://www.ermao.net/sub/clash/ermao.net
[2026-07-29 21:54:03] [INFO] Main subscription fetched and parsed.
[2026-07-29 21:54:03] [INFO] Downloading rule-providers...
[2026-07-29 21:54:03] [INFO] Downloading: https://raw.githubusercontent.com/ACL4SSR/ACL4SSR/refs/heads/master/Clash/LocalAreaNetwork.list
[2026-07-29 21:54:03] [INFO] Downloaded rule-provider LocalAreaNetwork -> ./public/rules/LocalAreaNetwork.yaml
[2026-07-29 21:54:03] [INFO] Updated rule-provider LocalAreaNetwork URL to https://cdn.honglin.ac.cn/statically/gh/flinhong/configs/public/rules/LocalAreaNetwork.yaml
[2026-07-29 21:54:03] [INFO] Downloading: https://raw.githubusercontent.com/ACL4SSR/ACL4SSR/refs/heads/master/Clash/BanAD.list
[2026-07-29 21:54:03] [INFO] Downloaded rule-provider BanAD -> ./public/rules/BanAD.yaml
[2026-07-29 21:54:03] [INFO] Updated rule-provider BanAD URL to https://cdn.honglin.ac.cn/statically/gh/flinhong/configs/public/rules/BanAD.yaml
[2026-07-29 21:54:03] [INFO] Downloading: https://raw.githubusercontent.com/ACL4SSR/ACL4SSR/refs/heads/master/Clash/BanProgramAD.list
[2026-07-29 21:54:03] [INFO] Downloaded rule-provider BanProgramAD -> ./public/rules/BanProgramAD.yaml
[2026-07-29 21:54:03] [INFO] Updated rule-provider BanProgramAD URL to https://cdn.honglin.ac.cn/statically/gh/flinhong/configs/public/rules/BanProgramAD.yaml
[2026-07-29 21:54:03] [INFO] Downloading: https://raw.githubusercontent.com/ACL4SSR/ACL4SSR/refs/heads/master/Clash/BanEasyList.list
[2026-07-29 21:54:03] [INFO] Downloaded rule-provider BanEasyList -> ./public/rules/BanEasyList.yaml
[2026-07-29 21:54:03] [INFO] Updated rule-provider BanEasyList URL to https://cdn.honglin.ac.cn/statically/gh/flinhong/configs/public/rules/BanEasyList.yaml
[2026-07-29 21:54:03] [INFO] Downloading: https://raw.githubusercontent.com/ACL4SSR/ACL4SSR/refs/heads/master/Clash/BanEasyListChina.list
[2026-07-29 21:54:03] [INFO] Downloaded rule-provider BanEasyListChina -> ./public/rules/BanEasyListChina.yaml
[2026-07-29 21:54:03] [INFO] Updated rule-provider BanEasyListChina URL to https://cdn.honglin.ac.cn/statically/gh/flinhong/configs/public/rules/BanEasyListChina.yaml
[2026-07-29 21:54:03] [INFO] Downloading: https://raw.githubusercontent.com/ACL4SSR/ACL4SSR/refs/heads/master/Clash/BanEasyPrivacy.list
[2026-07-29 21:54:03] [INFO] Downloaded rule-provider BanEasyPrivacy -> ./public/rules/BanEasyPrivacy.yaml
[2026-07-29 21:54:03] [INFO] Updated rule-provider BanEasyPrivacy URL to https://cdn.honglin.ac.cn/statically/gh/flinhong/configs/public/rules/BanEasyPrivacy.yaml
[2026-07-29 21:54:03] [INFO] Downloading: https://raw.githubusercontent.com/ACL4SSR/ACL4SSR/refs/heads/master/Clash/GoogleCN.list
[2026-07-29 21:54:03] [INFO] Downloaded rule-provider GoogleCN -> ./public/rules/GoogleCN.yaml
[2026-07-29 21:54:03] [INFO] Updated rule-provider GoogleCN URL to https://cdn.honglin.ac.cn/statically/gh/flinhong/configs/public/rules/GoogleCN.yaml
[2026-07-29 21:54:03] [INFO] Downloading: https://raw.githubusercontent.com/ACL4SSR/ACL4SSR/refs/heads/master/Clash/Ruleset/SteamCN.list
[2026-07-29 21:54:03] [INFO] Downloaded rule-provider SteamCN -> ./public/rules/SteamCN.yaml
[2026-07-29 21:54:03] [INFO] Updated rule-provider SteamCN URL to https://cdn.honglin.ac.cn/statically/gh/flinhong/configs/public/rules/SteamCN.yaml
[2026-07-29 21:54:03] [INFO] Downloading: https://raw.githubusercontent.com/ACL4SSR/ACL4SSR/refs/heads/master/Clash/Microsoft.list
[2026-07-29 21:54:04] [INFO] Downloaded rule-provider Microsoft -> ./public/rules/Microsoft.yaml
[2026-07-29 21:54:04] [INFO] Updated rule-provider Microsoft URL to https://cdn.honglin.ac.cn/statically/gh/flinhong/configs/public/rules/Microsoft.yaml
[2026-07-29 21:54:04] [INFO] Downloading: https://raw.githubusercontent.com/ACL4SSR/ACL4SSR/refs/heads/master/Clash/Apple.list
[2026-07-29 21:54:04] [INFO] Downloaded rule-provider Apple -> ./public/rules/Apple.yaml
[2026-07-29 21:54:04] [INFO] Updated rule-provider Apple URL to https://cdn.honglin.ac.cn/statically/gh/flinhong/configs/public/rules/Apple.yaml
[2026-07-29 21:54:04] [INFO] Downloading: https://raw.githubusercontent.com/ACL4SSR/ACL4SSR/refs/heads/master/Clash/ProxyMedia.list
[2026-07-29 21:54:04] [INFO] Downloaded rule-provider ProxyMedia -> ./public/rules/ProxyMedia.yaml
[2026-07-29 21:54:04] [INFO] Updated rule-provider ProxyMedia URL to https://cdn.honglin.ac.cn/statically/gh/flinhong/configs/public/rules/ProxyMedia.yaml
[2026-07-29 21:54:04] [INFO] Downloading: https://raw.githubusercontent.com/ACL4SSR/ACL4SSR/refs/heads/master/Clash/Telegram.list
[2026-07-29 21:54:04] [INFO] Downloaded rule-provider Telegram -> ./public/rules/Telegram.yaml
[2026-07-29 21:54:04] [INFO] Updated rule-provider Telegram URL to https://cdn.honglin.ac.cn/statically/gh/flinhong/configs/public/rules/Telegram.yaml
[2026-07-29 21:54:04] [INFO] Downloading: https://raw.githubusercontent.com/ACL4SSR/ACL4SSR/refs/heads/master/Clash/ProxyLite.list
[2026-07-29 21:54:04] [INFO] Downloaded rule-provider ProxyLite -> ./public/rules/ProxyLite.yaml
[2026-07-29 21:54:04] [INFO] Updated rule-provider ProxyLite URL to https://cdn.honglin.ac.cn/statically/gh/flinhong/configs/public/rules/ProxyLite.yaml
[2026-07-29 21:54:04] [INFO] Downloading: https://raw.githubusercontent.com/ACL4SSR/ACL4SSR/refs/heads/master/Clash/ChinaDomain.list
[2026-07-29 21:54:04] [INFO] Downloaded rule-provider ChinaDomain -> ./public/rules/ChinaDomain.yaml
[2026-07-29 21:54:04] [INFO] Updated rule-provider ChinaDomain URL to https://cdn.honglin.ac.cn/statically/gh/flinhong/configs/public/rules/ChinaDomain.yaml
[2026-07-29 21:54:04] [INFO] Downloading: https://raw.githubusercontent.com/ACL4SSR/ACL4SSR/refs/heads/master/Clash/ChinaCompanyIp.list
[2026-07-29 21:54:04] [INFO] Downloaded rule-provider ChinaCompanyIp -> ./public/rules/ChinaCompanyIp.yaml
[2026-07-29 21:54:04] [INFO] Updated rule-provider ChinaCompanyIp URL to https://cdn.honglin.ac.cn/statically/gh/flinhong/configs/public/rules/ChinaCompanyIp.yaml
[2026-07-29 21:54:04] [INFO] Fetching extra proxies...
[2026-07-29 21:54:05] [INFO] All date-based sources have today's file available, using today
[2026-07-29 21:54:05] [INFO] Downloading: https://raw.githubusercontent.com/zhangkaiitugithub/passcro/main/speednodes.yaml
[2026-07-29 21:54:05] [INFO] Downloading: https://raw.githubusercontent.com/peasoft/NoMoreWalls/master/list.yml
[2026-07-29 21:54:05] [INFO] Downloading: https://raw.githubusercontent.com/mahdibland/SSAggregator/master/sub/sub_merge_yaml.yml
[2026-07-29 21:54:05] [INFO] Downloading: https://raw.githubusercontent.com/ts-sf/fly/main/clash
[2026-07-29 21:54:08] [INFO] Fetched 3195 unique proxies for Load Balancer.
[2026-07-29 21:54:08] [INFO] Downloading: https://node.nodefree.me/2026/07/20260729.yaml
[2026-07-29 21:54:08] [INFO] Downloading: https://static.v2rayshare.net/2026/07/20260729.yaml
[2026-07-29 21:54:08] [INFO] Downloading: https://tt.vg/freeclash
[2026-07-29 21:54:08] [INFO] Downloading: https://raw.githubusercontent.com/Ruk1ng001/freeSub/main/clash.yaml
[2026-07-29 21:54:08] [INFO] Downloading: https://raw.githubusercontent.com/free18/v2ray/main/c.yaml
[2026-07-29 21:54:09] [WARNING] Filtered proxy 🟢🇺🇸[🤖📺🎭🎪]_github.com/Ruk1ng001_2f63d08b: reality-opts short-id '' missing or invalid
[2026-07-29 21:54:09] [WARNING] Filtered proxy 🔴🇹🇷[🎬🤖📺🎭]_github.com/Ruk1ng001_0d0d0eb2: reality-opts short-id '' missing or invalid
[2026-07-29 21:54:09] [WARNING] Filtered proxy 🇺🇸_美国_32: reality-opts short-id '' missing or invalid
[2026-07-29 21:54:09] [WARNING] Filtered proxy 🇷🇺_俄罗斯_35: reality-opts short-id '' missing or invalid
[2026-07-29 21:54:09] [WARNING] Filtered proxy 🇺🇸_美国_94: reality-opts short-id '' missing or invalid
[2026-07-29 21:54:09] [INFO] Fetched 326 unique proxies for Auto Select.
[2026-07-29 21:54:09] [WARNING] Filtered proxy 🇫🇮_FI_芬兰->🇹🇷_TR_土耳其: reality-opts short-id '' missing or invalid
[2026-07-29 21:54:09] [INFO] Filtered original proxies: 19 remaining
[2026-07-29 21:54:11] [INFO] Successfully wrote config to ./public/subscribe/clash.yml
[2026-07-31 10:08:26] [INFO] Downloading: https://www.ermao.net/sub/clash/ermao.net
[2026-07-31 10:08:27] [INFO] Main subscription fetched and parsed.
[2026-07-31 10:08:27] [INFO] Downloading rule-providers...
[2026-07-31 10:08:27] [INFO] Downloading: https://raw.githubusercontent.com/ACL4SSR/ACL4SSR/refs/heads/master/Clash/LocalAreaNetwork.list
[2026-07-31 10:08:27] [INFO] Downloaded rule-provider LocalAreaNetwork -> ./public/rules/LocalAreaNetwork.yaml
[2026-07-31 10:08:27] [INFO] Updated rule-provider LocalAreaNetwork URL to https://cdn.honglin.ac.cn/statically/gh/flinhong/configs/public/rules/LocalAreaNetwork.yaml
[2026-07-31 10:08:27] [INFO] Downloading: https://raw.githubusercontent.com/ACL4SSR/ACL4SSR/refs/heads/master/Clash/BanAD.list
[2026-07-31 10:08:27] [INFO] Downloaded rule-provider BanAD -> ./public/rules/BanAD.yaml
[2026-07-31 10:08:27] [INFO] Updated rule-provider BanAD URL to https://cdn.honglin.ac.cn/statically/gh/flinhong/configs/public/rules/BanAD.yaml
[2026-07-31 10:08:27] [INFO] Downloading: https://raw.githubusercontent.com/ACL4SSR/ACL4SSR/refs/heads/master/Clash/BanProgramAD.list
[2026-07-31 10:08:27] [INFO] Downloaded rule-provider BanProgramAD -> ./public/rules/BanProgramAD.yaml
[2026-07-31 10:08:27] [INFO] Updated rule-provider BanProgramAD URL to https://cdn.honglin.ac.cn/statically/gh/flinhong/configs/public/rules/BanProgramAD.yaml
[2026-07-31 10:08:27] [INFO] Downloading: https://raw.githubusercontent.com/ACL4SSR/ACL4SSR/refs/heads/master/Clash/BanEasyList.list
[2026-07-31 10:08:27] [INFO] Downloaded rule-provider BanEasyList -> ./public/rules/BanEasyList.yaml
[2026-07-31 10:08:27] [INFO] Updated rule-provider BanEasyList URL to https://cdn.honglin.ac.cn/statically/gh/flinhong/configs/public/rules/BanEasyList.yaml
[2026-07-31 10:08:27] [INFO] Downloading: https://raw.githubusercontent.com/ACL4SSR/ACL4SSR/refs/heads/master/Clash/BanEasyListChina.list
[2026-07-31 10:08:27] [INFO] Downloaded rule-provider BanEasyListChina -> ./public/rules/BanEasyListChina.yaml
[2026-07-31 10:08:27] [INFO] Updated rule-provider BanEasyListChina URL to https://cdn.honglin.ac.cn/statically/gh/flinhong/configs/public/rules/BanEasyListChina.yaml
[2026-07-31 10:08:27] [INFO] Downloading: https://raw.githubusercontent.com/ACL4SSR/ACL4SSR/refs/heads/master/Clash/BanEasyPrivacy.list
[2026-07-31 10:08:28] [INFO] Downloaded rule-provider BanEasyPrivacy -> ./public/rules/BanEasyPrivacy.yaml
[2026-07-31 10:08:28] [INFO] Updated rule-provider BanEasyPrivacy URL to https://cdn.honglin.ac.cn/statically/gh/flinhong/configs/public/rules/BanEasyPrivacy.yaml
[2026-07-31 10:08:28] [INFO] Downloading: https://raw.githubusercontent.com/ACL4SSR/ACL4SSR/refs/heads/master/Clash/GoogleCN.list
[2026-07-31 10:08:28] [INFO] Downloaded rule-provider GoogleCN -> ./public/rules/GoogleCN.yaml
[2026-07-31 10:08:28] [INFO] Updated rule-provider GoogleCN URL to https://cdn.honglin.ac.cn/statically/gh/flinhong/configs/public/rules/GoogleCN.yaml
[2026-07-31 10:08:28] [INFO] Downloading: https://raw.githubusercontent.com/ACL4SSR/ACL4SSR/refs/heads/master/Clash/Ruleset/SteamCN.list
[2026-07-31 10:08:28] [INFO] Downloaded rule-provider SteamCN -> ./public/rules/SteamCN.yaml
[2026-07-31 10:08:28] [INFO] Updated rule-provider SteamCN URL to https://cdn.honglin.ac.cn/statically/gh/flinhong/configs/public/rules/SteamCN.yaml
[2026-07-31 10:08:28] [INFO] Downloading: https://raw.githubusercontent.com/ACL4SSR/ACL4SSR/refs/heads/master/Clash/Microsoft.list
[2026-07-31 10:08:28] [INFO] Downloaded rule-provider Microsoft -> ./public/rules/Microsoft.yaml
[2026-07-31 10:08:28] [INFO] Updated rule-provider Microsoft URL to https://cdn.honglin.ac.cn/statically/gh/flinhong/configs/public/rules/Microsoft.yaml
[2026-07-31 10:08:28] [INFO] Downloading: https://raw.githubusercontent.com/ACL4SSR/ACL4SSR/refs/heads/master/Clash/Apple.list
[2026-07-31 10:08:28] [INFO] Downloaded rule-provider Apple -> ./public/rules/Apple.yaml
[2026-07-31 10:08:28] [INFO] Updated rule-provider Apple URL to https://cdn.honglin.ac.cn/statically/gh/flinhong/configs/public/rules/Apple.yaml
[2026-07-31 10:08:28] [INFO] Downloading: https://raw.githubusercontent.com/ACL4SSR/ACL4SSR/refs/heads/master/Clash/ProxyMedia.list
[2026-07-31 10:08:28] [INFO] Downloaded rule-provider ProxyMedia -> ./public/rules/ProxyMedia.yaml
[2026-07-31 10:08:28] [INFO] Updated rule-provider ProxyMedia URL to https://cdn.honglin.ac.cn/statically/gh/flinhong/configs/public/rules/ProxyMedia.yaml
[2026-07-31 10:08:28] [INFO] Downloading: https://raw.githubusercontent.com/ACL4SSR/ACL4SSR/refs/heads/master/Clash/Telegram.list
[2026-07-31 10:08:28] [INFO] Downloaded rule-provider Telegram -> ./public/rules/Telegram.yaml
[2026-07-31 10:08:28] [INFO] Updated rule-provider Telegram URL to https://cdn.honglin.ac.cn/statically/gh/flinhong/configs/public/rules/Telegram.yaml
[2026-07-31 10:08:28] [INFO] Downloading: https://raw.githubusercontent.com/ACL4SSR/ACL4SSR/refs/heads/master/Clash/ProxyLite.list
[2026-07-31 10:08:28] [INFO] Downloaded rule-provider ProxyLite -> ./public/rules/ProxyLite.yaml
[2026-07-31 10:08:28] [INFO] Updated rule-provider ProxyLite URL to https://cdn.honglin.ac.cn/statically/gh/flinhong/configs/public/rules/ProxyLite.yaml
[2026-07-31 10:08:28] [INFO] Downloading: https://raw.githubusercontent.com/ACL4SSR/ACL4SSR/refs/heads/master/Clash/ChinaDomain.list
[2026-07-31 10:08:29] [INFO] Downloaded rule-provider ChinaDomain -> ./public/rules/ChinaDomain.yaml
[2026-07-31 10:08:29] [INFO] Updated rule-provider ChinaDomain URL to https://cdn.honglin.ac.cn/statically/gh/flinhong/configs/public/rules/ChinaDomain.yaml
[2026-07-31 10:08:29] [INFO] Downloading: https://raw.githubusercontent.com/ACL4SSR/ACL4SSR/refs/heads/master/Clash/ChinaCompanyIp.list
[2026-07-31 10:08:29] [INFO] Downloaded rule-provider ChinaCompanyIp -> ./public/rules/ChinaCompanyIp.yaml
[2026-07-31 10:08:29] [INFO] Updated rule-provider ChinaCompanyIp URL to https://cdn.honglin.ac.cn/statically/gh/flinhong/configs/public/rules/ChinaCompanyIp.yaml
[2026-07-31 10:08:29] [INFO] Fetching extra proxies...
[2026-07-31 10:08:30] [INFO] All date-based sources have today's file available, using today
[2026-07-31 10:08:30] [INFO] Downloading: https://raw.githubusercontent.com/zhangkaiitugithub/passcro/main/speednodes.yaml
[2026-07-31 10:08:30] [INFO] Downloading: https://raw.githubusercontent.com/peasoft/NoMoreWalls/master/list.yml
[2026-07-31 10:08:30] [INFO] Downloading: https://raw.githubusercontent.com/mahdibland/SSAggregator/master/sub/sub_merge_yaml.yml
[2026-07-31 10:08:30] [INFO] Downloading: https://raw.githubusercontent.com/ts-sf/fly/main/clash
[2026-07-31 10:08:30] [WARNING] Filtered proxy RU_speednode_0086: reality-opts short-id '' missing or invalid
[2026-07-31 10:08:30] [WARNING] Filtered proxy RU_speednode_0087: reality-opts short-id '' missing or invalid
[2026-07-31 10:08:30] [WARNING] Filtered proxy RU_speednode_0088: reality-opts short-id '' missing or invalid
[2026-07-31 10:08:30] [WARNING] Filtered proxy RU_speednode_0090: reality-opts short-id '' missing or invalid
[2026-07-31 10:08:30] [WARNING] Filtered proxy RU_speednode_0091: reality-opts short-id '' missing or invalid
[2026-07-31 10:08:30] [WARNING] Filtered proxy RU_speednode_0092: reality-opts short-id '' missing or invalid
[2026-07-31 10:08:30] [WARNING] Filtered proxy US_speednode_0096: reality-opts short-id '' missing or invalid
[2026-07-31 10:08:30] [WARNING] Filtered proxy US_speednode_0098: reality-opts short-id '' missing or invalid
[2026-07-31 10:08:30] [WARNING] Filtered proxy US_speednode_0119: reality-opts short-id '' missing or invalid
[2026-07-31 10:08:33] [INFO] Fetched 3205 unique proxies for Load Balancer.
[2026-07-31 10:08:33] [INFO] Downloading: https://node.nodefree.me/2026/07/20260731.yaml
[2026-07-31 10:08:33] [INFO] Downloading: https://static.v2rayshare.net/2026/07/20260731.yaml
[2026-07-31 10:08:33] [INFO] Downloading: https://tt.vg/freeclash
[2026-07-31 10:08:33] [INFO] Downloading: https://raw.githubusercontent.com/free18/v2ray/main/c.yaml
[2026-07-31 10:08:33] [INFO] Downloading: https://raw.githubusercontent.com/Ruk1ng001/freeSub/main/clash.yaml
[2026-07-31 10:08:34] [WARNING] Filtered proxy 🔴🇳🇱[🎬🤖📺🎭]_github.com/Ruk1ng001_f41b6f1e: reality-opts short-id '' missing or invalid
[2026-07-31 10:08:34] [WARNING] Filtered proxy 🔴🇳🇱[🎬🤖📺🎭]_github.com/Ruk1ng001_f8551061: reality-opts short-id '' missing or invalid
[2026-07-31 10:08:34] [WARNING] Filtered proxy ⚪🏳️[🤖📺🎭🎪]_github.com/Ruk1ng001_09a70f00: reality-opts short-id '' missing or invalid
[2026-07-31 10:08:34] [WARNING] Filtered proxy 🟢🇺🇸[🎬🤖📺🎭]_github.com/Ruk1ng001_ce7d6805: reality-opts short-id '' missing or invalid
[2026-07-31 10:08:34] [WARNING] Filtered proxy 🔴🇳🇱[🎬🤖📺🎭]_github.com/Ruk1ng001_b73625d3: reality-opts short-id '' missing or invalid
[2026-07-31 10:08:34] [WARNING] Filtered proxy 🟢🇺🇸[🎬🤖📺🎭]_github.com/Ruk1ng001_37dc5602: reality-opts short-id '' missing or invalid
[2026-07-31 10:08:34] [WARNING] Filtered proxy 🟢🇷🇺[🤖📺🎭🎪]_github.com/Ruk1ng001_94815d79: reality-opts short-id '' missing or invalid
[2026-07-31 10:08:34] [WARNING] Filtered proxy 🔴🇹🇷[🎬🤖📺🎭]_github.com/Ruk1ng001_0d0d0eb2: reality-opts short-id '' missing or invalid
[2026-07-31 10:08:34] [WARNING] Filtered proxy 每天更新，请加电报群防止失联: reality-opts short-id '' missing or invalid
[2026-07-31 10:08:34] [WARNING] Filtered proxy 日期：07-30: reality-opts short-id '' missing or invalid
[2026-07-31 10:08:34] [WARNING] Filtered proxy 🇩🇪_德国_7: reality-opts short-id '' missing or invalid
[2026-07-31 10:08:34] [WARNING] Filtered proxy 🇸🇪_瑞典_10: reality-opts short-id '' missing or invalid
[2026-07-31 10:08:34] [WARNING] Filtered proxy 🇸🇪_瑞典_11: reality-opts short-id '' missing or invalid
[2026-07-31 10:08:34] [WARNING] Filtered proxy 🇷🇺_俄罗斯_13: reality-opts short-id '' missing or invalid
[2026-07-31 10:08:34] [WARNING] Filtered proxy 🇫🇷_法国_27: reality-opts short-id '' missing or invalid
[2026-07-31 10:08:34] [WARNING] Filtered proxy 🇪🇸_西班牙_32: reality-opts short-id '' missing or invalid
[2026-07-31 10:08:34] [WARNING] Filtered proxy 🇺🇸_美国_101: reality-opts short-id '' missing or invalid
[2026-07-31 10:08:34] [INFO] Fetched 114 unique proxies for Auto Select.
[2026-07-31 10:08:34] [WARNING] Filtered proxy 🇺🇸_US_美国_2: reality-opts short-id '' missing or invalid
[2026-07-31 10:08:34] [WARNING] Filtered proxy 🇺🇸_US_美国_4: reality-opts short-id '' missing or invalid
[2026-07-31 10:08:34] [INFO] Filtered original proxies: 26 remaining
[2026-07-31 10:08:35] [INFO] Successfully wrote config to ./public/subscribe/clash.yml
[2026-07-31 21:48:44] [INFO] Downloading: https://www.ermao.net/sub/clash/ermao.net
[2026-07-31 21:48:44] [INFO] Main subscription fetched and parsed.
[2026-07-31 21:48:44] [INFO] Downloading rule-providers...
[2026-07-31 21:48:44] [INFO] Downloading: https://raw.githubusercontent.com/ACL4SSR/ACL4SSR/refs/heads/master/Clash/LocalAreaNetwork.list
[2026-07-31 21:48:44] [INFO] Downloaded rule-provider LocalAreaNetwork -> ./public/rules/LocalAreaNetwork.yaml
[2026-07-31 21:48:44] [INFO] Updated rule-provider LocalAreaNetwork URL to https://cdn.honglin.ac.cn/statically/gh/flinhong/configs/public/rules/LocalAreaNetwork.yaml
[2026-07-31 21:48:44] [INFO] Downloading: https://raw.githubusercontent.com/ACL4SSR/ACL4SSR/refs/heads/master/Clash/BanAD.list
[2026-07-31 21:48:44] [INFO] Downloaded rule-provider BanAD -> ./public/rules/BanAD.yaml
[2026-07-31 21:48:44] [INFO] Updated rule-provider BanAD URL to https://cdn.honglin.ac.cn/statically/gh/flinhong/configs/public/rules/BanAD.yaml
[2026-07-31 21:48:44] [INFO] Downloading: https://raw.githubusercontent.com/ACL4SSR/ACL4SSR/refs/heads/master/Clash/BanProgramAD.list
[2026-07-31 21:48:45] [INFO] Downloaded rule-provider BanProgramAD -> ./public/rules/BanProgramAD.yaml
[2026-07-31 21:48:45] [INFO] Updated rule-provider BanProgramAD URL to https://cdn.honglin.ac.cn/statically/gh/flinhong/configs/public/rules/BanProgramAD.yaml
[2026-07-31 21:48:45] [INFO] Downloading: https://raw.githubusercontent.com/ACL4SSR/ACL4SSR/refs/heads/master/Clash/BanEasyList.list
[2026-07-31 21:48:45] [INFO] Downloaded rule-provider BanEasyList -> ./public/rules/BanEasyList.yaml
[2026-07-31 21:48:45] [INFO] Updated rule-provider BanEasyList URL to https://cdn.honglin.ac.cn/statically/gh/flinhong/configs/public/rules/BanEasyList.yaml
[2026-07-31 21:48:45] [INFO] Downloading: https://raw.githubusercontent.com/ACL4SSR/ACL4SSR/refs/heads/master/Clash/BanEasyListChina.list
[2026-07-31 21:48:45] [INFO] Downloaded rule-provider BanEasyListChina -> ./public/rules/BanEasyListChina.yaml
[2026-07-31 21:48:45] [INFO] Updated rule-provider BanEasyListChina URL to https://cdn.honglin.ac.cn/statically/gh/flinhong/configs/public/rules/BanEasyListChina.yaml
[2026-07-31 21:48:45] [INFO] Downloading: https://raw.githubusercontent.com/ACL4SSR/ACL4SSR/refs/heads/master/Clash/BanEasyPrivacy.list
[2026-07-31 21:48:45] [INFO] Downloaded rule-provider BanEasyPrivacy -> ./public/rules/BanEasyPrivacy.yaml
[2026-07-31 21:48:45] [INFO] Updated rule-provider BanEasyPrivacy URL to https://cdn.honglin.ac.cn/statically/gh/flinhong/configs/public/rules/BanEasyPrivacy.yaml
[2026-07-31 21:48:45] [INFO] Downloading: https://raw.githubusercontent.com/ACL4SSR/ACL4SSR/refs/heads/master/Clash/GoogleCN.list
[2026-07-31 21:48:45] [INFO] Downloaded rule-provider GoogleCN -> ./public/rules/GoogleCN.yaml
[2026-07-31 21:48:45] [INFO] Updated rule-provider GoogleCN URL to https://cdn.honglin.ac.cn/statically/gh/flinhong/configs/public/rules/GoogleCN.yaml
[2026-07-31 21:48:45] [INFO] Downloading: https://raw.githubusercontent.com/ACL4SSR/ACL4SSR/refs/heads/master/Clash/Ruleset/SteamCN.list
[2026-07-31 21:48:45] [INFO] Downloaded rule-provider SteamCN -> ./public/rules/SteamCN.yaml
[2026-07-31 21:48:45] [INFO] Updated rule-provider SteamCN URL to https://cdn.honglin.ac.cn/statically/gh/flinhong/configs/public/rules/SteamCN.yaml
[2026-07-31 21:48:45] [INFO] Downloading: https://raw.githubusercontent.com/ACL4SSR/ACL4SSR/refs/heads/master/Clash/Microsoft.list
[2026-07-31 21:48:45] [INFO] Downloaded rule-provider Microsoft -> ./public/rules/Microsoft.yaml
[2026-07-31 21:48:45] [INFO] Updated rule-provider Microsoft URL to https://cdn.honglin.ac.cn/statically/gh/flinhong/configs/public/rules/Microsoft.yaml
[2026-07-31 21:48:45] [INFO] Downloading: https://raw.githubusercontent.com/ACL4SSR/ACL4SSR/refs/heads/master/Clash/Apple.list
[2026-07-31 21:48:45] [INFO] Downloaded rule-provider Apple -> ./public/rules/Apple.yaml
[2026-07-31 21:48:45] [INFO] Updated rule-provider Apple URL to https://cdn.honglin.ac.cn/statically/gh/flinhong/configs/public/rules/Apple.yaml
[2026-07-31 21:48:45] [INFO] Downloading: https://raw.githubusercontent.com/ACL4SSR/ACL4SSR/refs/heads/master/Clash/ProxyMedia.list
[2026-07-31 21:48:45] [INFO] Downloaded rule-provider ProxyMedia -> ./public/rules/ProxyMedia.yaml
[2026-07-31 21:48:45] [INFO] Updated rule-provider ProxyMedia URL to https://cdn.honglin.ac.cn/statically/gh/flinhong/configs/public/rules/ProxyMedia.yaml
[2026-07-31 21:48:45] [INFO] Downloading: https://raw.githubusercontent.com/ACL4SSR/ACL4SSR/refs/heads/master/Clash/Telegram.list
[2026-07-31 21:48:45] [INFO] Downloaded rule-provider Telegram -> ./public/rules/Telegram.yaml
[2026-07-31 21:48:45] [INFO] Updated rule-provider Telegram URL to https://cdn.honglin.ac.cn/statically/gh/flinhong/configs/public/rules/Telegram.yaml
[2026-07-31 21:48:45] [INFO] Downloading: https://raw.githubusercontent.com/ACL4SSR/ACL4SSR/refs/heads/master/Clash/ProxyLite.list
[2026-07-31 21:48:45] [INFO] Downloaded rule-provider ProxyLite -> ./public/rules/ProxyLite.yaml
[2026-07-31 21:48:45] [INFO] Updated rule-provider ProxyLite URL to https://cdn.honglin.ac.cn/statically/gh/flinhong/configs/public/rules/ProxyLite.yaml
[2026-07-31 21:48:45] [INFO] Downloading: https://raw.githubusercontent.com/ACL4SSR/ACL4SSR/refs/heads/master/Clash/ChinaDomain.list
[2026-07-31 21:48:46] [INFO] Downloaded rule-provider ChinaDomain -> ./public/rules/ChinaDomain.yaml
[2026-07-31 21:48:46] [INFO] Updated rule-provider ChinaDomain URL to https://cdn.honglin.ac.cn/statically/gh/flinhong/configs/public/rules/ChinaDomain.yaml
[2026-07-31 21:48:46] [INFO] Downloading: https://raw.githubusercontent.com/ACL4SSR/ACL4SSR/refs/heads/master/Clash/ChinaCompanyIp.list
[2026-07-31 21:48:46] [INFO] Downloaded rule-provider ChinaCompanyIp -> ./public/rules/ChinaCompanyIp.yaml
[2026-07-31 21:48:46] [INFO] Updated rule-provider ChinaCompanyIp URL to https://cdn.honglin.ac.cn/statically/gh/flinhong/configs/public/rules/ChinaCompanyIp.yaml
[2026-07-31 21:48:46] [INFO] Fetching extra proxies...
[2026-07-31 21:48:46] [INFO] All date-based sources have today's file available, using today
[2026-07-31 21:48:46] [INFO] Downloading: https://raw.githubusercontent.com/zhangkaiitugithub/passcro/main/speednodes.yaml
[2026-07-31 21:48:46] [INFO] Downloading: https://raw.githubusercontent.com/peasoft/NoMoreWalls/master/list.yml
[2026-07-31 21:48:46] [INFO] Downloading: https://raw.githubusercontent.com/mahdibland/SSAggregator/master/sub/sub_merge_yaml.yml
[2026-07-31 21:48:46] [INFO] Downloading: https://raw.githubusercontent.com/ts-sf/fly/main/clash
[2026-07-31 21:48:46] [WARNING] Filtered proxy AE_speednode_0001: reality-opts short-id '' missing or invalid
[2026-07-31 21:48:46] [WARNING] Filtered proxy BR_speednode_0002: reality-opts short-id '' missing or invalid
[2026-07-31 21:48:46] [WARNING] Filtered proxy RU_speednode_0084: reality-opts short-id '' missing or invalid
[2026-07-31 21:48:46] [WARNING] Filtered proxy US_speednode_0089: reality-opts short-id '' missing or invalid
[2026-07-31 21:48:46] [WARNING] Filtered proxy US_speednode_0103: reality-opts short-id '' missing or invalid
[2026-07-31 21:48:50] [INFO] Fetched 3213 unique proxies for Load Balancer.
[2026-07-31 21:48:50] [INFO] Downloading: https://node.nodefree.me/2026/07/20260731.yaml
[2026-07-31 21:48:50] [INFO] Downloading: https://static.v2rayshare.net/2026/07/20260731.yaml
[2026-07-31 21:48:50] [INFO] Downloading: https://tt.vg/freeclash
[2026-07-31 21:48:50] [INFO] Downloading: https://raw.githubusercontent.com/Ruk1ng001/freeSub/main/clash.yaml
[2026-07-31 21:48:50] [INFO] Downloading: https://raw.githubusercontent.com/free18/v2ray/main/c.yaml
[2026-07-31 21:48:50] [WARNING] Filtered proxy 🔴🇳🇱[🎬🤖📺🎭]_github.com/Ruk1ng001_f41b6f1e: reality-opts short-id '' missing or invalid
[2026-07-31 21:48:50] [WARNING] Filtered proxy 🔴🇳🇱[🎬🤖📺🎭]_github.com/Ruk1ng001_f8551061: reality-opts short-id '' missing or invalid
[2026-07-31 21:48:50] [WARNING] Filtered proxy ⚪🏳️[🤖📺🎭🎪]_github.com/Ruk1ng001_09a70f00: reality-opts short-id '' missing or invalid
[2026-07-31 21:48:50] [WARNING] Filtered proxy 🟢🇺🇸[🎬🤖📺🎭]_github.com/Ruk1ng001_ce7d6805: reality-opts short-id '' missing or invalid
[2026-07-31 21:48:50] [WARNING] Filtered proxy 🔴🇳🇱[🎬🤖📺🎭]_github.com/Ruk1ng001_b73625d3: reality-opts short-id '' missing or invalid
[2026-07-31 21:48:50] [WARNING] Filtered proxy 🟢🇺🇸[🎬🤖📺🎭]_github.com/Ruk1ng001_37dc5602: reality-opts short-id '' missing or invalid
[2026-07-31 21:48:50] [WARNING] Filtered proxy 🟢🇷🇺[🤖📺🎭🎪]_github.com/Ruk1ng001_94815d79: reality-opts short-id '' missing or invalid
[2026-07-31 21:48:50] [WARNING] Filtered proxy 🔴🇹🇷[🎬🤖📺🎭]_github.com/Ruk1ng001_0d0d0eb2: reality-opts short-id '' missing or invalid
[2026-07-31 21:48:50] [WARNING] Filtered proxy 电报群：https://t.me/vvkj11: reality-opts short-id '' missing or invalid
[2026-07-31 21:48:50] [WARNING] Filtered proxy 🇺🇸_美国_5: reality-opts short-id '' missing or invalid
[2026-07-31 21:48:50] [WARNING] Filtered proxy 🇷🇺_俄罗斯_11: reality-opts short-id '' missing or invalid
[2026-07-31 21:48:50] [WARNING] Filtered proxy 🇺🇸_美国_12: reality-opts short-id '' missing or invalid
[2026-07-31 21:48:50] [WARNING] Filtered proxy 🇷🇺_俄罗斯_13: reality-opts short-id '' missing or invalid
[2026-07-31 21:48:50] [WARNING] Filtered proxy 🇺🇸_美国_15: reality-opts short-id '' missing or invalid
[2026-07-31 21:48:50] [WARNING] Filtered proxy 🇺🇸_美国_19: reality-opts short-id '' missing or invalid
[2026-07-31 21:48:50] [WARNING] Filtered proxy 🇷🇺_俄罗斯_21: reality-opts short-id '' missing or invalid
[2026-07-31 21:48:50] [WARNING] Filtered proxy 🇺🇸_美国_25: reality-opts short-id '' missing or invalid
[2026-07-31 21:48:50] [WARNING] Filtered proxy 🇷🇺_俄罗斯_26: reality-opts short-id '' missing or invalid
[2026-07-31 21:48:50] [WARNING] Filtered proxy 🇷🇺_俄罗斯_37: reality-opts short-id '' missing or invalid
[2026-07-31 21:48:50] [WARNING] Filtered proxy 🇺🇸_美国_44: reality-opts short-id '' missing or invalid
[2026-07-31 21:48:50] [WARNING] Filtered proxy 🇺🇸_美国_60: reality-opts short-id '' missing or invalid
[2026-07-31 21:48:50] [WARNING] Filtered proxy 🇺🇸_美国_62: reality-opts short-id '' missing or invalid
[2026-07-31 21:48:50] [WARNING] Filtered proxy 🇺🇸_美国_63: reality-opts short-id '' missing or invalid
[2026-07-31 21:48:50] [WARNING] Filtered proxy 🇺🇸_美国_67: reality-opts short-id '' missing or invalid
[2026-07-31 21:48:50] [WARNING] Filtered proxy 🇺🇸_美国_68: reality-opts short-id '' missing or invalid
[2026-07-31 21:48:50] [WARNING] Filtered proxy 🇺🇸_美国_83: reality-opts short-id '' missing or invalid
[2026-07-31 21:48:50] [WARNING] Filtered proxy 🇷🇺_俄罗斯_85: reality-opts short-id '' missing or invalid
[2026-07-31 21:48:50] [WARNING] Filtered proxy 🇦🇪_阿拉伯联合酋长国_91: reality-opts short-id '' missing or invalid
[2026-07-31 21:48:50] [WARNING] Filtered proxy 🇷🇺_俄罗斯_95: reality-opts short-id '' missing or invalid
[2026-07-31 21:48:50] [WARNING] Filtered proxy 🇷🇺_俄罗斯_102: reality-opts short-id '' missing or invalid
[2026-07-31 21:48:50] [WARNING] Filtered proxy 🇷🇺_俄罗斯_106: reality-opts short-id '' missing or invalid
[2026-07-31 21:48:50] [WARNING] Filtered proxy 🇷🇺_俄罗斯_110: reality-opts short-id '' missing or invalid
[2026-07-31 21:48:50] [WARNING] Filtered proxy 🇷🇺_俄罗斯_112: reality-opts short-id '' missing or invalid
[2026-07-31 21:48:50] [WARNING] Filtered proxy 🇷🇺_俄罗斯_113: reality-opts short-id '' missing or invalid
[2026-07-31 21:48:50] [WARNING] Filtered proxy 🇷🇺_俄罗斯_115: reality-opts short-id '' missing or invalid
[2026-07-31 21:48:50] [WARNING] Filtered proxy 🇷🇺_俄罗斯_117: reality-opts short-id '' missing or invalid
[2026-07-31 21:48:50] [WARNING] Filtered proxy 🇷🇺_俄罗斯_119: reality-opts short-id '' missing or invalid
[2026-07-31 21:48:50] [WARNING] Filtered proxy 🇷🇺_俄罗斯_120: reality-opts short-id '' missing or invalid
[2026-07-31 21:48:50] [WARNING] Filtered proxy 🇷🇺_俄罗斯_121: reality-opts short-id '' missing or invalid
[2026-07-31 21:48:50] [WARNING] Filtered proxy 🇷🇺_俄罗斯_122: reality-opts short-id '' missing or invalid
[2026-07-31 21:48:50] [WARNING] Filtered proxy 🇷🇺_俄罗斯_123: reality-opts short-id '' missing or invalid
[2026-07-31 21:48:50] [WARNING] Filtered proxy 🇷🇺_俄罗斯_127: reality-opts short-id '' missing or invalid
[2026-07-31 21:48:50] [WARNING] Filtered proxy 🇷🇺_俄罗斯_128: reality-opts short-id '' missing or invalid
[2026-07-31 21:48:50] [WARNING] Filtered proxy 🇷🇺_俄罗斯_130: reality-opts short-id '' missing or invalid
[2026-07-31 21:48:50] [WARNING] Filtered proxy 🇷🇺_俄罗斯_131: reality-opts short-id '' missing or invalid
[2026-07-31 21:48:50] [WARNING] Filtered proxy 🇷🇺_俄罗斯_134: reality-opts short-id '' missing or invalid
[2026-07-31 21:48:50] [WARNING] Filtered proxy 🇺🇸_美国_135: reality-opts short-id '' missing or invalid
[2026-07-31 21:48:50] [WARNING] Filtered proxy 🇺🇸_美国_136: reality-opts short-id '' missing or invalid
[2026-07-31 21:48:50] [WARNING] Filtered proxy 🏳️_未知_143: reality-opts short-id '' missing or invalid
[2026-07-31 21:48:50] [WARNING] Filtered proxy 🏳️_未知_144: reality-opts short-id '' missing or invalid
[2026-07-31 21:48:50] [WARNING] Filtered proxy 🇩🇪_德国_149: reality-opts short-id '' missing or invalid
[2026-07-31 21:48:50] [INFO] Fetched 180 unique proxies for Auto Select.
[2026-07-31 21:48:50] [WARNING] Filtered proxy 🇺🇸_US_美国_2: reality-opts short-id '' missing or invalid
[2026-07-31 21:48:50] [INFO] Filtered original proxies: 25 remaining
[2026-07-31 21:48:52] [INFO] Successfully wrote config to ./public/subscribe/clash.yml
