[2026-09-01 02:34:51] [INFO] Downloading: https://www.ermao.net/sub/clash/ermao.net
[2026-09-01 02:34:52] [INFO] Main subscription fetched and parsed.
[2026-09-01 02:34:52] [INFO] Downloading rule-providers...
[2026-09-01 02:34:52] [INFO] Downloading: https://raw.githubusercontent.com/ACL4SSR/ACL4SSR/refs/heads/master/Clash/LocalAreaNetwork.list
[2026-09-01 02:34:52] [INFO] Downloaded rule-provider LocalAreaNetwork -> ./public/rules/LocalAreaNetwork.yaml
[2026-09-01 02:34:52] [INFO] Updated rule-provider LocalAreaNetwork URL to https://cdn.honglin.ac.cn/statically/gh/flinhong/configs/public/rules/LocalAreaNetwork.yaml
[2026-09-01 02:34:52] [INFO] Downloading: https://raw.githubusercontent.com/ACL4SSR/ACL4SSR/refs/heads/master/Clash/BanAD.list
[2026-09-01 02:34:53] [INFO] Downloaded rule-provider BanAD -> ./public/rules/BanAD.yaml
[2026-09-01 02:34:53] [INFO] Updated rule-provider BanAD URL to https://cdn.honglin.ac.cn/statically/gh/flinhong/configs/public/rules/BanAD.yaml
[2026-09-01 02:34:53] [INFO] Downloading: https://raw.githubusercontent.com/ACL4SSR/ACL4SSR/refs/heads/master/Clash/BanProgramAD.list
[2026-09-01 02:34:53] [INFO] Downloaded rule-provider BanProgramAD -> ./public/rules/BanProgramAD.yaml
[2026-09-01 02:34:53] [INFO] Updated rule-provider BanProgramAD URL to https://cdn.honglin.ac.cn/statically/gh/flinhong/configs/public/rules/BanProgramAD.yaml
[2026-09-01 02:34:53] [INFO] Downloading: https://raw.githubusercontent.com/ACL4SSR/ACL4SSR/refs/heads/master/Clash/BanEasyList.list
[2026-09-01 02:34:54] [INFO] Downloaded rule-provider BanEasyList -> ./public/rules/BanEasyList.yaml
[2026-09-01 02:34:54] [INFO] Updated rule-provider BanEasyList URL to https://cdn.honglin.ac.cn/statically/gh/flinhong/configs/public/rules/BanEasyList.yaml
[2026-09-01 02:34:54] [INFO] Downloading: https://raw.githubusercontent.com/ACL4SSR/ACL4SSR/refs/heads/master/Clash/BanEasyListChina.list
[2026-09-01 02:34:54] [INFO] Downloaded rule-provider BanEasyListChina -> ./public/rules/BanEasyListChina.yaml
[2026-09-01 02:34:54] [INFO] Updated rule-provider BanEasyListChina URL to https://cdn.honglin.ac.cn/statically/gh/flinhong/configs/public/rules/BanEasyListChina.yaml
[2026-09-01 02:34:54] [INFO] Downloading: https://raw.githubusercontent.com/ACL4SSR/ACL4SSR/refs/heads/master/Clash/BanEasyPrivacy.list
[2026-09-01 02:34:54] [INFO] Downloaded rule-provider BanEasyPrivacy -> ./public/rules/BanEasyPrivacy.yaml
[2026-09-01 02:34:54] [INFO] Updated rule-provider BanEasyPrivacy URL to https://cdn.honglin.ac.cn/statically/gh/flinhong/configs/public/rules/BanEasyPrivacy.yaml
[2026-09-01 02:34:54] [INFO] Downloading: https://raw.githubusercontent.com/ACL4SSR/ACL4SSR/refs/heads/master/Clash/GoogleCN.list
[2026-09-01 02:34:54] [INFO] Downloaded rule-provider GoogleCN -> ./public/rules/GoogleCN.yaml
[2026-09-01 02:34:54] [INFO] Updated rule-provider GoogleCN URL to https://cdn.honglin.ac.cn/statically/gh/flinhong/configs/public/rules/GoogleCN.yaml
[2026-09-01 02:34:54] [INFO] Downloading: https://raw.githubusercontent.com/ACL4SSR/ACL4SSR/refs/heads/master/Clash/Ruleset/SteamCN.list
[2026-09-01 02:34:55] [INFO] Downloaded rule-provider SteamCN -> ./public/rules/SteamCN.yaml
[2026-09-01 02:34:55] [INFO] Updated rule-provider SteamCN URL to https://cdn.honglin.ac.cn/statically/gh/flinhong/configs/public/rules/SteamCN.yaml
[2026-09-01 02:34:55] [INFO] Downloading: https://raw.githubusercontent.com/ACL4SSR/ACL4SSR/refs/heads/master/Clash/Microsoft.list
[2026-09-01 02:34:55] [INFO] Downloaded rule-provider Microsoft -> ./public/rules/Microsoft.yaml
[2026-09-01 02:34:55] [INFO] Updated rule-provider Microsoft URL to https://cdn.honglin.ac.cn/statically/gh/flinhong/configs/public/rules/Microsoft.yaml
[2026-09-01 02:34:55] [INFO] Downloading: https://raw.githubusercontent.com/ACL4SSR/ACL4SSR/refs/heads/master/Clash/Apple.list
[2026-09-01 02:34:55] [INFO] Downloaded rule-provider Apple -> ./public/rules/Apple.yaml
[2026-09-01 02:34:55] [INFO] Updated rule-provider Apple URL to https://cdn.honglin.ac.cn/statically/gh/flinhong/configs/public/rules/Apple.yaml
[2026-09-01 02:34:55] [INFO] Downloading: https://raw.githubusercontent.com/ACL4SSR/ACL4SSR/refs/heads/master/Clash/ProxyMedia.list
[2026-09-01 02:34:55] [INFO] Downloaded rule-provider ProxyMedia -> ./public/rules/ProxyMedia.yaml
[2026-09-01 02:34:55] [INFO] Updated rule-provider ProxyMedia URL to https://cdn.honglin.ac.cn/statically/gh/flinhong/configs/public/rules/ProxyMedia.yaml
[2026-09-01 02:34:55] [INFO] Downloading: https://raw.githubusercontent.com/ACL4SSR/ACL4SSR/refs/heads/master/Clash/Telegram.list
[2026-09-01 02:34:56] [INFO] Downloaded rule-provider Telegram -> ./public/rules/Telegram.yaml
[2026-09-01 02:34:56] [INFO] Updated rule-provider Telegram URL to https://cdn.honglin.ac.cn/statically/gh/flinhong/configs/public/rules/Telegram.yaml
[2026-09-01 02:34:56] [INFO] Downloading: https://raw.githubusercontent.com/ACL4SSR/ACL4SSR/refs/heads/master/Clash/ProxyLite.list
[2026-09-01 02:34:56] [INFO] Downloaded rule-provider ProxyLite -> ./public/rules/ProxyLite.yaml
[2026-09-01 02:34:56] [INFO] Updated rule-provider ProxyLite URL to https://cdn.honglin.ac.cn/statically/gh/flinhong/configs/public/rules/ProxyLite.yaml
[2026-09-01 02:34:56] [INFO] Downloading: https://raw.githubusercontent.com/ACL4SSR/ACL4SSR/refs/heads/master/Clash/ChinaDomain.list
[2026-09-01 02:34:56] [INFO] Downloaded rule-provider ChinaDomain -> ./public/rules/ChinaDomain.yaml
[2026-09-01 02:34:56] [INFO] Updated rule-provider ChinaDomain URL to https://cdn.honglin.ac.cn/statically/gh/flinhong/configs/public/rules/ChinaDomain.yaml
[2026-09-01 02:34:56] [INFO] Downloading: https://raw.githubusercontent.com/ACL4SSR/ACL4SSR/refs/heads/master/Clash/ChinaCompanyIp.list
[2026-09-01 02:34:56] [INFO] Downloaded rule-provider ChinaCompanyIp -> ./public/rules/ChinaCompanyIp.yaml
[2026-09-01 02:34:56] [INFO] Updated rule-provider ChinaCompanyIp URL to https://cdn.honglin.ac.cn/statically/gh/flinhong/configs/public/rules/ChinaCompanyIp.yaml
[2026-09-01 02:34:56] [INFO] Fetching extra proxies...
[2026-09-01 02:34:57] [INFO] All date-based sources have today's file available, using today
[2026-09-01 02:34:57] [INFO] Downloading: https://raw.githubusercontent.com/zhangkaiitugithub/passcro/main/speednodes.yaml
[2026-09-01 02:34:57] [INFO] Fetched 11 unique proxies for Load Balancer.
[2026-09-01 02:34:57] [INFO] Downloading: https://node.nodefree.me/2026/09/20260901.yaml
[2026-09-01 02:34:57] [INFO] Downloading: https://static.v2rayshare.net/2026/09/20260901.yaml
[2026-09-01 02:34:57] [INFO] Downloading: https://raw.githubusercontent.com/free18/v2ray/main/c.yaml
[2026-09-01 02:34:58] [WARNING] Filtered proxy 🇩🇪_德国_5: reality-opts short-id '' missing or invalid
[2026-09-01 02:34:58] [WARNING] Filtered proxy 🇩🇪_德国_8: reality-opts short-id '' missing or invalid
[2026-09-01 02:34:58] [WARNING] Filtered proxy 🇫🇷_法国_16: reality-opts short-id '' missing or invalid
[2026-09-01 02:34:58] [WARNING] Filtered proxy 🇫🇷_法国_18: reality-opts short-id '' missing or invalid
[2026-09-01 02:34:58] [WARNING] Filtered proxy 🇸🇬_新加坡_23: reality-opts short-id '' missing or invalid
[2026-09-01 02:34:58] [WARNING] Filtered proxy 🏳️_未知_361: reality-opts short-id '' missing or invalid
[2026-09-01 02:34:58] [WARNING] Filtered proxy 🇩🇪_DE_德国_2: reality-opts short-id '' missing or invalid
[2026-09-01 02:34:58] [WARNING] Filtered proxy 🇺🇸_US_美国: reality-opts short-id '' missing or invalid
[2026-09-01 02:34:58] [WARNING] Filtered proxy 🇩🇪_DE_德国_2: reality-opts short-id '' missing or invalid
[2026-09-01 02:34:58] [WARNING] Filtered proxy 🇺🇸_US_美国: reality-opts short-id '' missing or invalid
[2026-09-01 02:34:58] [INFO] Fetched 201 unique proxies for Auto Select.
[2026-09-01 02:34:58] [INFO] Filtered original proxies: 22 remaining
[2026-09-01 02:34:58] [INFO] Successfully wrote config to ./public/subscribe/clash.yml
[2026-09-01 11:00:51] [INFO] Downloading: https://www.ermao.net/sub/clash/ermao.net
[2026-09-01 11:00:51] [INFO] Main subscription fetched and parsed.
[2026-09-01 11:00:51] [INFO] Downloading rule-providers...
[2026-09-01 11:00:51] [INFO] Downloading: https://raw.githubusercontent.com/ACL4SSR/ACL4SSR/refs/heads/master/Clash/LocalAreaNetwork.list
[2026-09-01 11:00:51] [INFO] Downloaded rule-provider LocalAreaNetwork -> ./public/rules/LocalAreaNetwork.yaml
[2026-09-01 11:00:51] [INFO] Updated rule-provider LocalAreaNetwork URL to https://cdn.honglin.ac.cn/statically/gh/flinhong/configs/public/rules/LocalAreaNetwork.yaml
[2026-09-01 11:00:51] [INFO] Downloading: https://raw.githubusercontent.com/ACL4SSR/ACL4SSR/refs/heads/master/Clash/BanAD.list
[2026-09-01 11:00:51] [INFO] Downloaded rule-provider BanAD -> ./public/rules/BanAD.yaml
[2026-09-01 11:00:51] [INFO] Updated rule-provider BanAD URL to https://cdn.honglin.ac.cn/statically/gh/flinhong/configs/public/rules/BanAD.yaml
[2026-09-01 11:00:51] [INFO] Downloading: https://raw.githubusercontent.com/ACL4SSR/ACL4SSR/refs/heads/master/Clash/BanProgramAD.list
[2026-09-01 11:00:51] [INFO] Downloaded rule-provider BanProgramAD -> ./public/rules/BanProgramAD.yaml
[2026-09-01 11:00:51] [INFO] Updated rule-provider BanProgramAD URL to https://cdn.honglin.ac.cn/statically/gh/flinhong/configs/public/rules/BanProgramAD.yaml
[2026-09-01 11:00:51] [INFO] Downloading: https://raw.githubusercontent.com/ACL4SSR/ACL4SSR/refs/heads/master/Clash/BanEasyList.list
[2026-09-01 11:00:52] [INFO] Downloaded rule-provider BanEasyList -> ./public/rules/BanEasyList.yaml
[2026-09-01 11:00:52] [INFO] Updated rule-provider BanEasyList URL to https://cdn.honglin.ac.cn/statically/gh/flinhong/configs/public/rules/BanEasyList.yaml
[2026-09-01 11:00:52] [INFO] Downloading: https://raw.githubusercontent.com/ACL4SSR/ACL4SSR/refs/heads/master/Clash/BanEasyListChina.list
[2026-09-01 11:00:52] [INFO] Downloaded rule-provider BanEasyListChina -> ./public/rules/BanEasyListChina.yaml
[2026-09-01 11:00:52] [INFO] Updated rule-provider BanEasyListChina URL to https://cdn.honglin.ac.cn/statically/gh/flinhong/configs/public/rules/BanEasyListChina.yaml
[2026-09-01 11:00:52] [INFO] Downloading: https://raw.githubusercontent.com/ACL4SSR/ACL4SSR/refs/heads/master/Clash/BanEasyPrivacy.list
[2026-09-01 11:00:52] [INFO] Downloaded rule-provider BanEasyPrivacy -> ./public/rules/BanEasyPrivacy.yaml
[2026-09-01 11:00:52] [INFO] Updated rule-provider BanEasyPrivacy URL to https://cdn.honglin.ac.cn/statically/gh/flinhong/configs/public/rules/BanEasyPrivacy.yaml
[2026-09-01 11:00:52] [INFO] Downloading: https://raw.githubusercontent.com/ACL4SSR/ACL4SSR/refs/heads/master/Clash/GoogleCN.list
[2026-09-01 11:00:52] [INFO] Downloaded rule-provider GoogleCN -> ./public/rules/GoogleCN.yaml
[2026-09-01 11:00:52] [INFO] Updated rule-provider GoogleCN URL to https://cdn.honglin.ac.cn/statically/gh/flinhong/configs/public/rules/GoogleCN.yaml
[2026-09-01 11:00:52] [INFO] Downloading: https://raw.githubusercontent.com/ACL4SSR/ACL4SSR/refs/heads/master/Clash/Ruleset/SteamCN.list
[2026-09-01 11:00:52] [INFO] Downloaded rule-provider SteamCN -> ./public/rules/SteamCN.yaml
[2026-09-01 11:00:52] [INFO] Updated rule-provider SteamCN URL to https://cdn.honglin.ac.cn/statically/gh/flinhong/configs/public/rules/SteamCN.yaml
[2026-09-01 11:00:52] [INFO] Downloading: https://raw.githubusercontent.com/ACL4SSR/ACL4SSR/refs/heads/master/Clash/Microsoft.list
[2026-09-01 11:00:53] [INFO] Downloaded rule-provider Microsoft -> ./public/rules/Microsoft.yaml
[2026-09-01 11:00:53] [INFO] Updated rule-provider Microsoft URL to https://cdn.honglin.ac.cn/statically/gh/flinhong/configs/public/rules/Microsoft.yaml
[2026-09-01 11:00:53] [INFO] Downloading: https://raw.githubusercontent.com/ACL4SSR/ACL4SSR/refs/heads/master/Clash/Apple.list
[2026-09-01 11:00:53] [INFO] Downloaded rule-provider Apple -> ./public/rules/Apple.yaml
[2026-09-01 11:00:53] [INFO] Updated rule-provider Apple URL to https://cdn.honglin.ac.cn/statically/gh/flinhong/configs/public/rules/Apple.yaml
[2026-09-01 11:00:53] [INFO] Downloading: https://raw.githubusercontent.com/ACL4SSR/ACL4SSR/refs/heads/master/Clash/ProxyMedia.list
[2026-09-01 11:00:53] [INFO] Downloaded rule-provider ProxyMedia -> ./public/rules/ProxyMedia.yaml
[2026-09-01 11:00:53] [INFO] Updated rule-provider ProxyMedia URL to https://cdn.honglin.ac.cn/statically/gh/flinhong/configs/public/rules/ProxyMedia.yaml
[2026-09-01 11:00:53] [INFO] Downloading: https://raw.githubusercontent.com/ACL4SSR/ACL4SSR/refs/heads/master/Clash/Telegram.list
[2026-09-01 11:00:53] [INFO] Downloaded rule-provider Telegram -> ./public/rules/Telegram.yaml
[2026-09-01 11:00:53] [INFO] Updated rule-provider Telegram URL to https://cdn.honglin.ac.cn/statically/gh/flinhong/configs/public/rules/Telegram.yaml
[2026-09-01 11:00:53] [INFO] Downloading: https://raw.githubusercontent.com/ACL4SSR/ACL4SSR/refs/heads/master/Clash/ProxyLite.list
[2026-09-01 11:00:53] [INFO] Downloaded rule-provider ProxyLite -> ./public/rules/ProxyLite.yaml
[2026-09-01 11:00:53] [INFO] Updated rule-provider ProxyLite URL to https://cdn.honglin.ac.cn/statically/gh/flinhong/configs/public/rules/ProxyLite.yaml
[2026-09-01 11:00:53] [INFO] Downloading: https://raw.githubusercontent.com/ACL4SSR/ACL4SSR/refs/heads/master/Clash/ChinaDomain.list
[2026-09-01 11:00:53] [INFO] Downloaded rule-provider ChinaDomain -> ./public/rules/ChinaDomain.yaml
[2026-09-01 11:00:53] [INFO] Updated rule-provider ChinaDomain URL to https://cdn.honglin.ac.cn/statically/gh/flinhong/configs/public/rules/ChinaDomain.yaml
[2026-09-01 11:00:53] [INFO] Downloading: https://raw.githubusercontent.com/ACL4SSR/ACL4SSR/refs/heads/master/Clash/ChinaCompanyIp.list
[2026-09-01 11:00:53] [INFO] Downloaded rule-provider ChinaCompanyIp -> ./public/rules/ChinaCompanyIp.yaml
[2026-09-01 11:00:53] [INFO] Updated rule-provider ChinaCompanyIp URL to https://cdn.honglin.ac.cn/statically/gh/flinhong/configs/public/rules/ChinaCompanyIp.yaml
[2026-09-01 11:00:53] [INFO] Fetching extra proxies...
[2026-09-01 11:00:54] [INFO] All date-based sources have today's file available, using today
[2026-09-01 11:00:54] [INFO] Downloading: https://raw.githubusercontent.com/zhangkaiitugithub/passcro/main/speednodes.yaml
[2026-09-01 11:00:54] [INFO] Fetched 11 unique proxies for Load Balancer.
[2026-09-01 11:00:54] [INFO] Downloading: https://node.nodefree.me/2026/09/20260901.yaml
[2026-09-01 11:00:54] [INFO] Downloading: https://static.v2rayshare.net/2026/09/20260901.yaml
[2026-09-01 11:00:54] [INFO] Downloading: https://raw.githubusercontent.com/free18/v2ray/main/c.yaml
[2026-09-01 11:00:55] [WARNING] Filtered proxy 🇩🇪_德国_5: reality-opts short-id '' missing or invalid
[2026-09-01 11:00:55] [WARNING] Filtered proxy 🇩🇪_德国_8: reality-opts short-id '' missing or invalid
[2026-09-01 11:00:55] [WARNING] Filtered proxy 🇫🇷_法国_16: reality-opts short-id '' missing or invalid
[2026-09-01 11:00:55] [WARNING] Filtered proxy 🇫🇷_法国_18: reality-opts short-id '' missing or invalid
[2026-09-01 11:00:55] [WARNING] Filtered proxy 🇸🇬_新加坡_23: reality-opts short-id '' missing or invalid
[2026-09-01 11:00:55] [WARNING] Filtered proxy 🏳️_未知_361: reality-opts short-id '' missing or invalid
[2026-09-01 11:00:55] [WARNING] Filtered proxy 🇩🇪_DE_德国_2: reality-opts short-id '' missing or invalid
[2026-09-01 11:00:55] [WARNING] Filtered proxy 🇺🇸_US_美国: reality-opts short-id '' missing or invalid
[2026-09-01 11:00:55] [WARNING] Filtered proxy 🇩🇪_DE_德国_2: reality-opts short-id '' missing or invalid
[2026-09-01 11:00:55] [WARNING] Filtered proxy 🇺🇸_US_美国: reality-opts short-id '' missing or invalid
[2026-09-01 11:00:55] [INFO] Fetched 201 unique proxies for Auto Select.
[2026-09-01 11:00:55] [INFO] Filtered original proxies: 26 remaining
[2026-09-01 11:00:55] [INFO] Successfully wrote config to ./public/subscribe/clash.yml
[2026-09-01 23:53:58] [INFO] Downloading: https://www.ermao.net/sub/clash/ermao.net
[2026-09-01 23:53:58] [INFO] Main subscription fetched and parsed.
[2026-09-01 23:53:58] [INFO] Downloading rule-providers...
[2026-09-01 23:53:58] [INFO] Downloading: https://raw.githubusercontent.com/ACL4SSR/ACL4SSR/refs/heads/master/Clash/LocalAreaNetwork.list
[2026-09-01 23:53:59] [INFO] Downloaded rule-provider LocalAreaNetwork -> ./public/rules/LocalAreaNetwork.yaml
[2026-09-01 23:53:59] [INFO] Updated rule-provider LocalAreaNetwork URL to https://cdn.honglin.ac.cn/statically/gh/flinhong/configs/public/rules/LocalAreaNetwork.yaml
[2026-09-01 23:53:59] [INFO] Downloading: https://raw.githubusercontent.com/ACL4SSR/ACL4SSR/refs/heads/master/Clash/BanAD.list
[2026-09-01 23:53:59] [INFO] Downloaded rule-provider BanAD -> ./public/rules/BanAD.yaml
[2026-09-01 23:53:59] [INFO] Updated rule-provider BanAD URL to https://cdn.honglin.ac.cn/statically/gh/flinhong/configs/public/rules/BanAD.yaml
[2026-09-01 23:53:59] [INFO] Downloading: https://raw.githubusercontent.com/ACL4SSR/ACL4SSR/refs/heads/master/Clash/BanProgramAD.list
[2026-09-01 23:53:59] [INFO] Downloaded rule-provider BanProgramAD -> ./public/rules/BanProgramAD.yaml
[2026-09-01 23:53:59] [INFO] Updated rule-provider BanProgramAD URL to https://cdn.honglin.ac.cn/statically/gh/flinhong/configs/public/rules/BanProgramAD.yaml
[2026-09-01 23:53:59] [INFO] Downloading: https://raw.githubusercontent.com/ACL4SSR/ACL4SSR/refs/heads/master/Clash/BanEasyList.list
[2026-09-01 23:53:59] [INFO] Downloaded rule-provider BanEasyList -> ./public/rules/BanEasyList.yaml
[2026-09-01 23:53:59] [INFO] Updated rule-provider BanEasyList URL to https://cdn.honglin.ac.cn/statically/gh/flinhong/configs/public/rules/BanEasyList.yaml
[2026-09-01 23:53:59] [INFO] Downloading: https://raw.githubusercontent.com/ACL4SSR/ACL4SSR/refs/heads/master/Clash/BanEasyListChina.list
[2026-09-01 23:53:59] [INFO] Downloaded rule-provider BanEasyListChina -> ./public/rules/BanEasyListChina.yaml
[2026-09-01 23:53:59] [INFO] Updated rule-provider BanEasyListChina URL to https://cdn.honglin.ac.cn/statically/gh/flinhong/configs/public/rules/BanEasyListChina.yaml
[2026-09-01 23:53:59] [INFO] Downloading: https://raw.githubusercontent.com/ACL4SSR/ACL4SSR/refs/heads/master/Clash/BanEasyPrivacy.list
[2026-09-01 23:54:00] [INFO] Downloaded rule-provider BanEasyPrivacy -> ./public/rules/BanEasyPrivacy.yaml
[2026-09-01 23:54:00] [INFO] Updated rule-provider BanEasyPrivacy URL to https://cdn.honglin.ac.cn/statically/gh/flinhong/configs/public/rules/BanEasyPrivacy.yaml
[2026-09-01 23:54:00] [INFO] Downloading: https://raw.githubusercontent.com/ACL4SSR/ACL4SSR/refs/heads/master/Clash/GoogleCN.list
[2026-09-01 23:54:00] [INFO] Downloaded rule-provider GoogleCN -> ./public/rules/GoogleCN.yaml
[2026-09-01 23:54:00] [INFO] Updated rule-provider GoogleCN URL to https://cdn.honglin.ac.cn/statically/gh/flinhong/configs/public/rules/GoogleCN.yaml
[2026-09-01 23:54:00] [INFO] Downloading: https://raw.githubusercontent.com/ACL4SSR/ACL4SSR/refs/heads/master/Clash/Ruleset/SteamCN.list
[2026-09-01 23:54:00] [INFO] Downloaded rule-provider SteamCN -> ./public/rules/SteamCN.yaml
[2026-09-01 23:54:00] [INFO] Updated rule-provider SteamCN URL to https://cdn.honglin.ac.cn/statically/gh/flinhong/configs/public/rules/SteamCN.yaml
[2026-09-01 23:54:00] [INFO] Downloading: https://raw.githubusercontent.com/ACL4SSR/ACL4SSR/refs/heads/master/Clash/Microsoft.list
[2026-09-01 23:54:00] [INFO] Downloaded rule-provider Microsoft -> ./public/rules/Microsoft.yaml
[2026-09-01 23:54:00] [INFO] Updated rule-provider Microsoft URL to https://cdn.honglin.ac.cn/statically/gh/flinhong/configs/public/rules/Microsoft.yaml
[2026-09-01 23:54:00] [INFO] Downloading: https://raw.githubusercontent.com/ACL4SSR/ACL4SSR/refs/heads/master/Clash/Apple.list
[2026-09-01 23:54:00] [INFO] Downloaded rule-provider Apple -> ./public/rules/Apple.yaml
[2026-09-01 23:54:00] [INFO] Updated rule-provider Apple URL to https://cdn.honglin.ac.cn/statically/gh/flinhong/configs/public/rules/Apple.yaml
[2026-09-01 23:54:00] [INFO] Downloading: https://raw.githubusercontent.com/ACL4SSR/ACL4SSR/refs/heads/master/Clash/ProxyMedia.list
[2026-09-01 23:54:00] [INFO] Downloaded rule-provider ProxyMedia -> ./public/rules/ProxyMedia.yaml
[2026-09-01 23:54:00] [INFO] Updated rule-provider ProxyMedia URL to https://cdn.honglin.ac.cn/statically/gh/flinhong/configs/public/rules/ProxyMedia.yaml
[2026-09-01 23:54:00] [INFO] Downloading: https://raw.githubusercontent.com/ACL4SSR/ACL4SSR/refs/heads/master/Clash/Telegram.list
[2026-09-01 23:54:00] [INFO] Downloaded rule-provider Telegram -> ./public/rules/Telegram.yaml
[2026-09-01 23:54:00] [INFO] Updated rule-provider Telegram URL to https://cdn.honglin.ac.cn/statically/gh/flinhong/configs/public/rules/Telegram.yaml
[2026-09-01 23:54:00] [INFO] Downloading: https://raw.githubusercontent.com/ACL4SSR/ACL4SSR/refs/heads/master/Clash/ProxyLite.list
[2026-09-01 23:54:01] [INFO] Downloaded rule-provider ProxyLite -> ./public/rules/ProxyLite.yaml
[2026-09-01 23:54:01] [INFO] Updated rule-provider ProxyLite URL to https://cdn.honglin.ac.cn/statically/gh/flinhong/configs/public/rules/ProxyLite.yaml
[2026-09-01 23:54:01] [INFO] Downloading: https://raw.githubusercontent.com/ACL4SSR/ACL4SSR/refs/heads/master/Clash/ChinaDomain.list
[2026-09-01 23:54:01] [INFO] Downloaded rule-provider ChinaDomain -> ./public/rules/ChinaDomain.yaml
[2026-09-01 23:54:01] [INFO] Updated rule-provider ChinaDomain URL to https://cdn.honglin.ac.cn/statically/gh/flinhong/configs/public/rules/ChinaDomain.yaml
[2026-09-01 23:54:01] [INFO] Downloading: https://raw.githubusercontent.com/ACL4SSR/ACL4SSR/refs/heads/master/Clash/ChinaCompanyIp.list
[2026-09-01 23:54:01] [INFO] Downloaded rule-provider ChinaCompanyIp -> ./public/rules/ChinaCompanyIp.yaml
[2026-09-01 23:54:01] [INFO] Updated rule-provider ChinaCompanyIp URL to https://cdn.honglin.ac.cn/statically/gh/flinhong/configs/public/rules/ChinaCompanyIp.yaml
[2026-09-01 23:54:01] [INFO] Fetching extra proxies...
[2026-09-01 23:54:01] [INFO] All date-based sources have today's file available, using today
[2026-09-01 23:54:01] [INFO] Downloading: https://raw.githubusercontent.com/zhangkaiitugithub/passcro/main/speednodes.yaml
[2026-09-01 23:54:02] [INFO] Fetched 11 unique proxies for Load Balancer.
[2026-09-01 23:54:02] [INFO] Downloading: https://node.nodefree.me/2026/09/20260901.yaml
[2026-09-01 23:54:02] [INFO] Downloading: https://static.v2rayshare.net/2026/09/20260901.yaml
[2026-09-01 23:54:02] [INFO] Downloading: https://raw.githubusercontent.com/free18/v2ray/main/c.yaml
[2026-09-01 23:54:02] [WARNING] Filtered proxy 🇩🇪_DE_德国_2: reality-opts short-id '' missing or invalid
[2026-09-01 23:54:02] [WARNING] Filtered proxy 🇺🇸_US_美国: reality-opts short-id '' missing or invalid
[2026-09-01 23:54:02] [WARNING] Filtered proxy 🇩🇪_DE_德国_2: reality-opts short-id '' missing or invalid
[2026-09-01 23:54:02] [WARNING] Filtered proxy 🇺🇸_US_美国: reality-opts short-id '' missing or invalid
[2026-09-01 23:54:02] [INFO] Fetched 62 unique proxies for Auto Select.
[2026-09-01 23:54:02] [INFO] Filtered original proxies: 24 remaining
[2026-09-01 23:54:02] [INFO] Successfully wrote config to ./public/subscribe/clash.yml
[2026-09-02 10:21:17] [INFO] Downloading: https://www.ermao.net/sub/clash/ermao.net
[2026-09-02 10:21:17] [INFO] Main subscription fetched and parsed.
[2026-09-02 10:21:17] [INFO] Downloading rule-providers...
[2026-09-02 10:21:17] [INFO] Downloading: https://raw.githubusercontent.com/ACL4SSR/ACL4SSR/refs/heads/master/Clash/LocalAreaNetwork.list
[2026-09-02 10:21:18] [INFO] Downloaded rule-provider LocalAreaNetwork -> ./public/rules/LocalAreaNetwork.yaml
[2026-09-02 10:21:18] [INFO] Updated rule-provider LocalAreaNetwork URL to https://cdn.honglin.ac.cn/statically/gh/flinhong/configs/public/rules/LocalAreaNetwork.yaml
[2026-09-02 10:21:18] [INFO] Downloading: https://raw.githubusercontent.com/ACL4SSR/ACL4SSR/refs/heads/master/Clash/BanAD.list
[2026-09-02 10:21:18] [INFO] Downloaded rule-provider BanAD -> ./public/rules/BanAD.yaml
[2026-09-02 10:21:18] [INFO] Updated rule-provider BanAD URL to https://cdn.honglin.ac.cn/statically/gh/flinhong/configs/public/rules/BanAD.yaml
[2026-09-02 10:21:18] [INFO] Downloading: https://raw.githubusercontent.com/ACL4SSR/ACL4SSR/refs/heads/master/Clash/BanProgramAD.list
[2026-09-02 10:21:18] [INFO] Downloaded rule-provider BanProgramAD -> ./public/rules/BanProgramAD.yaml
[2026-09-02 10:21:18] [INFO] Updated rule-provider BanProgramAD URL to https://cdn.honglin.ac.cn/statically/gh/flinhong/configs/public/rules/BanProgramAD.yaml
[2026-09-02 10:21:18] [INFO] Downloading: https://raw.githubusercontent.com/ACL4SSR/ACL4SSR/refs/heads/master/Clash/BanEasyList.list
[2026-09-02 10:21:18] [INFO] Downloaded rule-provider BanEasyList -> ./public/rules/BanEasyList.yaml
[2026-09-02 10:21:18] [INFO] Updated rule-provider BanEasyList URL to https://cdn.honglin.ac.cn/statically/gh/flinhong/configs/public/rules/BanEasyList.yaml
[2026-09-02 10:21:18] [INFO] Downloading: https://raw.githubusercontent.com/ACL4SSR/ACL4SSR/refs/heads/master/Clash/BanEasyListChina.list
[2026-09-02 10:21:18] [INFO] Downloaded rule-provider BanEasyListChina -> ./public/rules/BanEasyListChina.yaml
[2026-09-02 10:21:18] [INFO] Updated rule-provider BanEasyListChina URL to https://cdn.honglin.ac.cn/statically/gh/flinhong/configs/public/rules/BanEasyListChina.yaml
[2026-09-02 10:21:18] [INFO] Downloading: https://raw.githubusercontent.com/ACL4SSR/ACL4SSR/refs/heads/master/Clash/BanEasyPrivacy.list
[2026-09-02 10:21:18] [INFO] Downloaded rule-provider BanEasyPrivacy -> ./public/rules/BanEasyPrivacy.yaml
[2026-09-02 10:21:18] [INFO] Updated rule-provider BanEasyPrivacy URL to https://cdn.honglin.ac.cn/statically/gh/flinhong/configs/public/rules/BanEasyPrivacy.yaml
[2026-09-02 10:21:18] [INFO] Downloading: https://raw.githubusercontent.com/ACL4SSR/ACL4SSR/refs/heads/master/Clash/GoogleCN.list
[2026-09-02 10:21:19] [INFO] Downloaded rule-provider GoogleCN -> ./public/rules/GoogleCN.yaml
[2026-09-02 10:21:19] [INFO] Updated rule-provider GoogleCN URL to https://cdn.honglin.ac.cn/statically/gh/flinhong/configs/public/rules/GoogleCN.yaml
[2026-09-02 10:21:19] [INFO] Downloading: https://raw.githubusercontent.com/ACL4SSR/ACL4SSR/refs/heads/master/Clash/Ruleset/SteamCN.list
[2026-09-02 10:21:19] [INFO] Downloaded rule-provider SteamCN -> ./public/rules/SteamCN.yaml
[2026-09-02 10:21:19] [INFO] Updated rule-provider SteamCN URL to https://cdn.honglin.ac.cn/statically/gh/flinhong/configs/public/rules/SteamCN.yaml
[2026-09-02 10:21:19] [INFO] Downloading: https://raw.githubusercontent.com/ACL4SSR/ACL4SSR/refs/heads/master/Clash/Microsoft.list
[2026-09-02 10:21:19] [INFO] Downloaded rule-provider Microsoft -> ./public/rules/Microsoft.yaml
[2026-09-02 10:21:19] [INFO] Updated rule-provider Microsoft URL to https://cdn.honglin.ac.cn/statically/gh/flinhong/configs/public/rules/Microsoft.yaml
[2026-09-02 10:21:19] [INFO] Downloading: https://raw.githubusercontent.com/ACL4SSR/ACL4SSR/refs/heads/master/Clash/Apple.list
[2026-09-02 10:21:19] [INFO] Downloaded rule-provider Apple -> ./public/rules/Apple.yaml
[2026-09-02 10:21:19] [INFO] Updated rule-provider Apple URL to https://cdn.honglin.ac.cn/statically/gh/flinhong/configs/public/rules/Apple.yaml
[2026-09-02 10:21:19] [INFO] Downloading: https://raw.githubusercontent.com/ACL4SSR/ACL4SSR/refs/heads/master/Clash/ProxyMedia.list
[2026-09-02 10:21:19] [INFO] Downloaded rule-provider ProxyMedia -> ./public/rules/ProxyMedia.yaml
[2026-09-02 10:21:19] [INFO] Updated rule-provider ProxyMedia URL to https://cdn.honglin.ac.cn/statically/gh/flinhong/configs/public/rules/ProxyMedia.yaml
[2026-09-02 10:21:19] [INFO] Downloading: https://raw.githubusercontent.com/ACL4SSR/ACL4SSR/refs/heads/master/Clash/Telegram.list
[2026-09-02 10:21:19] [INFO] Downloaded rule-provider Telegram -> ./public/rules/Telegram.yaml
[2026-09-02 10:21:19] [INFO] Updated rule-provider Telegram URL to https://cdn.honglin.ac.cn/statically/gh/flinhong/configs/public/rules/Telegram.yaml
[2026-09-02 10:21:19] [INFO] Downloading: https://raw.githubusercontent.com/ACL4SSR/ACL4SSR/refs/heads/master/Clash/ProxyLite.list
[2026-09-02 10:21:19] [INFO] Downloaded rule-provider ProxyLite -> ./public/rules/ProxyLite.yaml
[2026-09-02 10:21:19] [INFO] Updated rule-provider ProxyLite URL to https://cdn.honglin.ac.cn/statically/gh/flinhong/configs/public/rules/ProxyLite.yaml
[2026-09-02 10:21:19] [INFO] Downloading: https://raw.githubusercontent.com/ACL4SSR/ACL4SSR/refs/heads/master/Clash/ChinaDomain.list
[2026-09-02 10:21:19] [INFO] Downloaded rule-provider ChinaDomain -> ./public/rules/ChinaDomain.yaml
[2026-09-02 10:21:19] [INFO] Updated rule-provider ChinaDomain URL to https://cdn.honglin.ac.cn/statically/gh/flinhong/configs/public/rules/ChinaDomain.yaml
[2026-09-02 10:21:19] [INFO] Downloading: https://raw.githubusercontent.com/ACL4SSR/ACL4SSR/refs/heads/master/Clash/ChinaCompanyIp.list
[2026-09-02 10:21:19] [INFO] Downloaded rule-provider ChinaCompanyIp -> ./public/rules/ChinaCompanyIp.yaml
[2026-09-02 10:21:19] [INFO] Updated rule-provider ChinaCompanyIp URL to https://cdn.honglin.ac.cn/statically/gh/flinhong/configs/public/rules/ChinaCompanyIp.yaml
[2026-09-02 10:21:20] [INFO] Fetching extra proxies...
[2026-09-02 10:21:20] [INFO] All date-based sources have today's file available, using today
[2026-09-02 10:21:20] [INFO] Downloading: https://raw.githubusercontent.com/zhangkaiitugithub/passcro/main/speednodes.yaml
[2026-09-02 10:21:20] [INFO] Fetched 11 unique proxies for Load Balancer.
[2026-09-02 10:21:20] [INFO] Downloading: https://node.nodefree.me/2026/09/20260902.yaml
[2026-09-02 10:21:20] [INFO] Downloading: https://static.v2rayshare.net/2026/09/20260902.yaml
[2026-09-02 10:21:20] [INFO] Downloading: https://raw.githubusercontent.com/free18/v2ray/main/c.yaml
[2026-09-02 10:21:21] [WARNING] Filtered proxy 🇩🇪_DE_德国_2: reality-opts short-id '' missing or invalid
[2026-09-02 10:21:21] [WARNING] Filtered proxy 🇺🇸_US_美国: reality-opts short-id '' missing or invalid
[2026-09-02 10:21:22] [WARNING] Filtered proxy 🇩🇪_DE_德国_2: reality-opts short-id '' missing or invalid
[2026-09-02 10:21:22] [WARNING] Filtered proxy 🇺🇸_US_美国: reality-opts short-id '' missing or invalid
[2026-09-02 10:21:22] [INFO] Fetched 62 unique proxies for Auto Select.
[2026-09-02 10:21:22] [INFO] Filtered original proxies: 26 remaining
[2026-09-02 10:21:22] [INFO] Successfully wrote config to ./public/subscribe/clash.yml
[2026-09-02 23:46:43] [INFO] Downloading: https://www.ermao.net/sub/clash/ermao.net
[2026-09-02 23:46:43] [INFO] Main subscription fetched and parsed.
[2026-09-02 23:46:43] [INFO] Downloading rule-providers...
[2026-09-02 23:46:43] [INFO] Downloading: https://raw.githubusercontent.com/ACL4SSR/ACL4SSR/refs/heads/master/Clash/LocalAreaNetwork.list
[2026-09-02 23:46:44] [INFO] Downloaded rule-provider LocalAreaNetwork -> ./public/rules/LocalAreaNetwork.yaml
[2026-09-02 23:46:44] [INFO] Updated rule-provider LocalAreaNetwork URL to https://cdn.honglin.ac.cn/statically/gh/flinhong/configs/public/rules/LocalAreaNetwork.yaml
[2026-09-02 23:46:44] [INFO] Downloading: https://raw.githubusercontent.com/ACL4SSR/ACL4SSR/refs/heads/master/Clash/BanAD.list
[2026-09-02 23:46:44] [INFO] Downloaded rule-provider BanAD -> ./public/rules/BanAD.yaml
[2026-09-02 23:46:44] [INFO] Updated rule-provider BanAD URL to https://cdn.honglin.ac.cn/statically/gh/flinhong/configs/public/rules/BanAD.yaml
[2026-09-02 23:46:44] [INFO] Downloading: https://raw.githubusercontent.com/ACL4SSR/ACL4SSR/refs/heads/master/Clash/BanProgramAD.list
[2026-09-02 23:46:44] [INFO] Downloaded rule-provider BanProgramAD -> ./public/rules/BanProgramAD.yaml
[2026-09-02 23:46:44] [INFO] Updated rule-provider BanProgramAD URL to https://cdn.honglin.ac.cn/statically/gh/flinhong/configs/public/rules/BanProgramAD.yaml
[2026-09-02 23:46:44] [INFO] Downloading: https://raw.githubusercontent.com/ACL4SSR/ACL4SSR/refs/heads/master/Clash/BanEasyList.list
[2026-09-02 23:46:44] [INFO] Downloaded rule-provider BanEasyList -> ./public/rules/BanEasyList.yaml
[2026-09-02 23:46:44] [INFO] Updated rule-provider BanEasyList URL to https://cdn.honglin.ac.cn/statically/gh/flinhong/configs/public/rules/BanEasyList.yaml
[2026-09-02 23:46:44] [INFO] Downloading: https://raw.githubusercontent.com/ACL4SSR/ACL4SSR/refs/heads/master/Clash/BanEasyListChina.list
[2026-09-02 23:46:44] [INFO] Downloaded rule-provider BanEasyListChina -> ./public/rules/BanEasyListChina.yaml
[2026-09-02 23:46:44] [INFO] Updated rule-provider BanEasyListChina URL to https://cdn.honglin.ac.cn/statically/gh/flinhong/configs/public/rules/BanEasyListChina.yaml
[2026-09-02 23:46:44] [INFO] Downloading: https://raw.githubusercontent.com/ACL4SSR/ACL4SSR/refs/heads/master/Clash/BanEasyPrivacy.list
[2026-09-02 23:46:44] [INFO] Downloaded rule-provider BanEasyPrivacy -> ./public/rules/BanEasyPrivacy.yaml
[2026-09-02 23:46:44] [INFO] Updated rule-provider BanEasyPrivacy URL to https://cdn.honglin.ac.cn/statically/gh/flinhong/configs/public/rules/BanEasyPrivacy.yaml
[2026-09-02 23:46:44] [INFO] Downloading: https://raw.githubusercontent.com/ACL4SSR/ACL4SSR/refs/heads/master/Clash/GoogleCN.list
[2026-09-02 23:46:45] [INFO] Downloaded rule-provider GoogleCN -> ./public/rules/GoogleCN.yaml
[2026-09-02 23:46:45] [INFO] Updated rule-provider GoogleCN URL to https://cdn.honglin.ac.cn/statically/gh/flinhong/configs/public/rules/GoogleCN.yaml
[2026-09-02 23:46:45] [INFO] Downloading: https://raw.githubusercontent.com/ACL4SSR/ACL4SSR/refs/heads/master/Clash/Ruleset/SteamCN.list
[2026-09-02 23:46:45] [INFO] Downloaded rule-provider SteamCN -> ./public/rules/SteamCN.yaml
[2026-09-02 23:46:45] [INFO] Updated rule-provider SteamCN URL to https://cdn.honglin.ac.cn/statically/gh/flinhong/configs/public/rules/SteamCN.yaml
[2026-09-02 23:46:45] [INFO] Downloading: https://raw.githubusercontent.com/ACL4SSR/ACL4SSR/refs/heads/master/Clash/Microsoft.list
[2026-09-02 23:46:45] [INFO] Downloaded rule-provider Microsoft -> ./public/rules/Microsoft.yaml
[2026-09-02 23:46:45] [INFO] Updated rule-provider Microsoft URL to https://cdn.honglin.ac.cn/statically/gh/flinhong/configs/public/rules/Microsoft.yaml
[2026-09-02 23:46:45] [INFO] Downloading: https://raw.githubusercontent.com/ACL4SSR/ACL4SSR/refs/heads/master/Clash/Apple.list
[2026-09-02 23:46:45] [INFO] Downloaded rule-provider Apple -> ./public/rules/Apple.yaml
[2026-09-02 23:46:45] [INFO] Updated rule-provider Apple URL to https://cdn.honglin.ac.cn/statically/gh/flinhong/configs/public/rules/Apple.yaml
[2026-09-02 23:46:45] [INFO] Downloading: https://raw.githubusercontent.com/ACL4SSR/ACL4SSR/refs/heads/master/Clash/ProxyMedia.list
[2026-09-02 23:46:45] [INFO] Downloaded rule-provider ProxyMedia -> ./public/rules/ProxyMedia.yaml
[2026-09-02 23:46:45] [INFO] Updated rule-provider ProxyMedia URL to https://cdn.honglin.ac.cn/statically/gh/flinhong/configs/public/rules/ProxyMedia.yaml
[2026-09-02 23:46:45] [INFO] Downloading: https://raw.githubusercontent.com/ACL4SSR/ACL4SSR/refs/heads/master/Clash/Telegram.list
[2026-09-02 23:46:45] [INFO] Downloaded rule-provider Telegram -> ./public/rules/Telegram.yaml
[2026-09-02 23:46:45] [INFO] Updated rule-provider Telegram URL to https://cdn.honglin.ac.cn/statically/gh/flinhong/configs/public/rules/Telegram.yaml
[2026-09-02 23:46:45] [INFO] Downloading: https://raw.githubusercontent.com/ACL4SSR/ACL4SSR/refs/heads/master/Clash/ProxyLite.list
[2026-09-02 23:46:45] [INFO] Downloaded rule-provider ProxyLite -> ./public/rules/ProxyLite.yaml
[2026-09-02 23:46:45] [INFO] Updated rule-provider ProxyLite URL to https://cdn.honglin.ac.cn/statically/gh/flinhong/configs/public/rules/ProxyLite.yaml
[2026-09-02 23:46:45] [INFO] Downloading: https://raw.githubusercontent.com/ACL4SSR/ACL4SSR/refs/heads/master/Clash/ChinaDomain.list
[2026-09-02 23:46:46] [INFO] Downloaded rule-provider ChinaDomain -> ./public/rules/ChinaDomain.yaml
[2026-09-02 23:46:46] [INFO] Updated rule-provider ChinaDomain URL to https://cdn.honglin.ac.cn/statically/gh/flinhong/configs/public/rules/ChinaDomain.yaml
[2026-09-02 23:46:46] [INFO] Downloading: https://raw.githubusercontent.com/ACL4SSR/ACL4SSR/refs/heads/master/Clash/ChinaCompanyIp.list
[2026-09-02 23:46:46] [INFO] Downloaded rule-provider ChinaCompanyIp -> ./public/rules/ChinaCompanyIp.yaml
[2026-09-02 23:46:46] [INFO] Updated rule-provider ChinaCompanyIp URL to https://cdn.honglin.ac.cn/statically/gh/flinhong/configs/public/rules/ChinaCompanyIp.yaml
[2026-09-02 23:46:46] [INFO] Fetching extra proxies...
[2026-09-02 23:46:47] [INFO] All date-based sources have today's file available, using today
[2026-09-02 23:46:47] [INFO] Downloading: https://raw.githubusercontent.com/zhangkaiitugithub/passcro/main/speednodes.yaml
[2026-09-02 23:46:48] [INFO] Fetched 11 unique proxies for Load Balancer.
[2026-09-02 23:46:48] [INFO] Downloading: https://node.nodefree.me/2026/09/20260902.yaml
[2026-09-02 23:46:48] [INFO] Downloading: https://static.v2rayshare.net/2026/09/20260902.yaml
[2026-09-02 23:46:48] [INFO] Downloading: https://raw.githubusercontent.com/free18/v2ray/main/c.yaml
[2026-09-02 23:46:48] [WARNING] Filtered proxy 🇩🇪_DE_德国_2: reality-opts short-id '' missing or invalid
[2026-09-02 23:46:48] [WARNING] Filtered proxy 🇺🇸_US_美国: reality-opts short-id '' missing or invalid
[2026-09-02 23:46:49] [WARNING] Filtered proxy 🇩🇪_DE_德国_2: reality-opts short-id '' missing or invalid
[2026-09-02 23:46:49] [WARNING] Filtered proxy 🇺🇸_US_美国: reality-opts short-id '' missing or invalid
[2026-09-02 23:46:49] [INFO] Fetched 73 unique proxies for Auto Select.
[2026-09-02 23:46:49] [WARNING] Filtered proxy 🇭🇰_HK_中国香港_1: reality-opts short-id '' missing or invalid
[2026-09-02 23:46:49] [WARNING] Filtered proxy 🇭🇰_HK_中国香港_2: reality-opts short-id '' missing or invalid
[2026-09-02 23:46:49] [INFO] Filtered original proxies: 21 remaining
[2026-09-02 23:46:49] [INFO] Successfully wrote config to ./public/subscribe/clash.yml
[2026-09-03 10:28:25] [INFO] Downloading: https://www.ermao.net/sub/clash/ermao.net
[2026-09-03 10:28:25] [INFO] Main subscription fetched and parsed.
[2026-09-03 10:28:25] [INFO] Downloading rule-providers...
[2026-09-03 10:28:25] [INFO] Downloading: https://raw.githubusercontent.com/ACL4SSR/ACL4SSR/refs/heads/master/Clash/LocalAreaNetwork.list
[2026-09-03 10:28:25] [INFO] Downloaded rule-provider LocalAreaNetwork -> ./public/rules/LocalAreaNetwork.yaml
[2026-09-03 10:28:25] [INFO] Updated rule-provider LocalAreaNetwork URL to https://cdn.honglin.ac.cn/statically/gh/flinhong/configs/public/rules/LocalAreaNetwork.yaml
[2026-09-03 10:28:25] [INFO] Downloading: https://raw.githubusercontent.com/ACL4SSR/ACL4SSR/refs/heads/master/Clash/BanAD.list
[2026-09-03 10:28:26] [INFO] Downloaded rule-provider BanAD -> ./public/rules/BanAD.yaml
[2026-09-03 10:28:26] [INFO] Updated rule-provider BanAD URL to https://cdn.honglin.ac.cn/statically/gh/flinhong/configs/public/rules/BanAD.yaml
[2026-09-03 10:28:26] [INFO] Downloading: https://raw.githubusercontent.com/ACL4SSR/ACL4SSR/refs/heads/master/Clash/BanProgramAD.list
[2026-09-03 10:28:26] [INFO] Downloaded rule-provider BanProgramAD -> ./public/rules/BanProgramAD.yaml
[2026-09-03 10:28:26] [INFO] Updated rule-provider BanProgramAD URL to https://cdn.honglin.ac.cn/statically/gh/flinhong/configs/public/rules/BanProgramAD.yaml
[2026-09-03 10:28:26] [INFO] Downloading: https://raw.githubusercontent.com/ACL4SSR/ACL4SSR/refs/heads/master/Clash/BanEasyList.list
[2026-09-03 10:28:26] [INFO] Downloaded rule-provider BanEasyList -> ./public/rules/BanEasyList.yaml
[2026-09-03 10:28:26] [INFO] Updated rule-provider BanEasyList URL to https://cdn.honglin.ac.cn/statically/gh/flinhong/configs/public/rules/BanEasyList.yaml
[2026-09-03 10:28:26] [INFO] Downloading: https://raw.githubusercontent.com/ACL4SSR/ACL4SSR/refs/heads/master/Clash/BanEasyListChina.list
[2026-09-03 10:28:26] [INFO] Downloaded rule-provider BanEasyListChina -> ./public/rules/BanEasyListChina.yaml
[2026-09-03 10:28:26] [INFO] Updated rule-provider BanEasyListChina URL to https://cdn.honglin.ac.cn/statically/gh/flinhong/configs/public/rules/BanEasyListChina.yaml
[2026-09-03 10:28:26] [INFO] Downloading: https://raw.githubusercontent.com/ACL4SSR/ACL4SSR/refs/heads/master/Clash/BanEasyPrivacy.list
[2026-09-03 10:28:27] [INFO] Downloaded rule-provider BanEasyPrivacy -> ./public/rules/BanEasyPrivacy.yaml
[2026-09-03 10:28:27] [INFO] Updated rule-provider BanEasyPrivacy URL to https://cdn.honglin.ac.cn/statically/gh/flinhong/configs/public/rules/BanEasyPrivacy.yaml
[2026-09-03 10:28:27] [INFO] Downloading: https://raw.githubusercontent.com/ACL4SSR/ACL4SSR/refs/heads/master/Clash/GoogleCN.list
[2026-09-03 10:28:27] [INFO] Downloaded rule-provider GoogleCN -> ./public/rules/GoogleCN.yaml
[2026-09-03 10:28:27] [INFO] Updated rule-provider GoogleCN URL to https://cdn.honglin.ac.cn/statically/gh/flinhong/configs/public/rules/GoogleCN.yaml
[2026-09-03 10:28:27] [INFO] Downloading: https://raw.githubusercontent.com/ACL4SSR/ACL4SSR/refs/heads/master/Clash/Ruleset/SteamCN.list
[2026-09-03 10:28:27] [INFO] Downloaded rule-provider SteamCN -> ./public/rules/SteamCN.yaml
[2026-09-03 10:28:27] [INFO] Updated rule-provider SteamCN URL to https://cdn.honglin.ac.cn/statically/gh/flinhong/configs/public/rules/SteamCN.yaml
[2026-09-03 10:28:27] [INFO] Downloading: https://raw.githubusercontent.com/ACL4SSR/ACL4SSR/refs/heads/master/Clash/Microsoft.list
[2026-09-03 10:28:27] [INFO] Downloaded rule-provider Microsoft -> ./public/rules/Microsoft.yaml
[2026-09-03 10:28:27] [INFO] Updated rule-provider Microsoft URL to https://cdn.honglin.ac.cn/statically/gh/flinhong/configs/public/rules/Microsoft.yaml
[2026-09-03 10:28:27] [INFO] Downloading: https://raw.githubusercontent.com/ACL4SSR/ACL4SSR/refs/heads/master/Clash/Apple.list
[2026-09-03 10:28:27] [INFO] Downloaded rule-provider Apple -> ./public/rules/Apple.yaml
[2026-09-03 10:28:27] [INFO] Updated rule-provider Apple URL to https://cdn.honglin.ac.cn/statically/gh/flinhong/configs/public/rules/Apple.yaml
[2026-09-03 10:28:27] [INFO] Downloading: https://raw.githubusercontent.com/ACL4SSR/ACL4SSR/refs/heads/master/Clash/ProxyMedia.list
[2026-09-03 10:28:28] [INFO] Downloaded rule-provider ProxyMedia -> ./public/rules/ProxyMedia.yaml
[2026-09-03 10:28:28] [INFO] Updated rule-provider ProxyMedia URL to https://cdn.honglin.ac.cn/statically/gh/flinhong/configs/public/rules/ProxyMedia.yaml
[2026-09-03 10:28:28] [INFO] Downloading: https://raw.githubusercontent.com/ACL4SSR/ACL4SSR/refs/heads/master/Clash/Telegram.list
[2026-09-03 10:28:28] [INFO] Downloaded rule-provider Telegram -> ./public/rules/Telegram.yaml
[2026-09-03 10:28:28] [INFO] Updated rule-provider Telegram URL to https://cdn.honglin.ac.cn/statically/gh/flinhong/configs/public/rules/Telegram.yaml
[2026-09-03 10:28:28] [INFO] Downloading: https://raw.githubusercontent.com/ACL4SSR/ACL4SSR/refs/heads/master/Clash/ProxyLite.list
[2026-09-03 10:28:28] [INFO] Downloaded rule-provider ProxyLite -> ./public/rules/ProxyLite.yaml
[2026-09-03 10:28:28] [INFO] Updated rule-provider ProxyLite URL to https://cdn.honglin.ac.cn/statically/gh/flinhong/configs/public/rules/ProxyLite.yaml
[2026-09-03 10:28:28] [INFO] Downloading: https://raw.githubusercontent.com/ACL4SSR/ACL4SSR/refs/heads/master/Clash/ChinaDomain.list
[2026-09-03 10:28:28] [INFO] Downloaded rule-provider ChinaDomain -> ./public/rules/ChinaDomain.yaml
[2026-09-03 10:28:28] [INFO] Updated rule-provider ChinaDomain URL to https://cdn.honglin.ac.cn/statically/gh/flinhong/configs/public/rules/ChinaDomain.yaml
[2026-09-03 10:28:28] [INFO] Downloading: https://raw.githubusercontent.com/ACL4SSR/ACL4SSR/refs/heads/master/Clash/ChinaCompanyIp.list
[2026-09-03 10:28:28] [INFO] Downloaded rule-provider ChinaCompanyIp -> ./public/rules/ChinaCompanyIp.yaml
[2026-09-03 10:28:28] [INFO] Updated rule-provider ChinaCompanyIp URL to https://cdn.honglin.ac.cn/statically/gh/flinhong/configs/public/rules/ChinaCompanyIp.yaml
[2026-09-03 10:28:28] [INFO] Fetching extra proxies...
[2026-09-03 10:28:29] [INFO] All date-based sources have today's file available, using today
[2026-09-03 10:28:29] [INFO] Downloading: https://raw.githubusercontent.com/zhangkaiitugithub/passcro/main/speednodes.yaml
[2026-09-03 10:28:29] [INFO] Fetched 11 unique proxies for Load Balancer.
[2026-09-03 10:28:29] [INFO] Downloading: https://node.nodefree.me/2026/09/20260903.yaml
[2026-09-03 10:28:29] [INFO] Downloading: https://static.v2rayshare.net/2026/09/20260903.yaml
[2026-09-03 10:28:29] [INFO] Downloading: https://raw.githubusercontent.com/free18/v2ray/main/c.yaml
[2026-09-03 10:28:30] [WARNING] Filtered proxy 🇩🇪_DE_德国_2: reality-opts short-id '' missing or invalid
[2026-09-03 10:28:30] [WARNING] Filtered proxy 🇺🇸_US_美国: reality-opts short-id '' missing or invalid
[2026-09-03 10:28:30] [WARNING] Filtered proxy 🇩🇪_DE_德国_2: reality-opts short-id '' missing or invalid
[2026-09-03 10:28:30] [WARNING] Filtered proxy 🇺🇸_US_美国: reality-opts short-id '' missing or invalid
[2026-09-03 10:28:30] [INFO] Fetched 73 unique proxies for Auto Select.
[2026-09-03 10:28:30] [INFO] Filtered original proxies: 27 remaining
[2026-09-03 10:28:30] [INFO] Successfully wrote config to ./public/subscribe/clash.yml
[2026-09-03 23:36:01] [INFO] Downloading: https://www.ermao.net/sub/clash/ermao.net
[2026-09-03 23:36:02] [INFO] Main subscription fetched and parsed.
[2026-09-03 23:36:02] [INFO] Downloading rule-providers...
[2026-09-03 23:36:02] [INFO] Downloading: https://raw.githubusercontent.com/ACL4SSR/ACL4SSR/refs/heads/master/Clash/LocalAreaNetwork.list
[2026-09-03 23:36:02] [INFO] Downloaded rule-provider LocalAreaNetwork -> ./public/rules/LocalAreaNetwork.yaml
[2026-09-03 23:36:02] [INFO] Updated rule-provider LocalAreaNetwork URL to https://cdn.honglin.ac.cn/statically/gh/flinhong/configs/public/rules/LocalAreaNetwork.yaml
[2026-09-03 23:36:02] [INFO] Downloading: https://raw.githubusercontent.com/ACL4SSR/ACL4SSR/refs/heads/master/Clash/BanAD.list
[2026-09-03 23:36:02] [INFO] Downloaded rule-provider BanAD -> ./public/rules/BanAD.yaml
[2026-09-03 23:36:02] [INFO] Updated rule-provider BanAD URL to https://cdn.honglin.ac.cn/statically/gh/flinhong/configs/public/rules/BanAD.yaml
[2026-09-03 23:36:02] [INFO] Downloading: https://raw.githubusercontent.com/ACL4SSR/ACL4SSR/refs/heads/master/Clash/BanProgramAD.list
[2026-09-03 23:36:02] [INFO] Downloaded rule-provider BanProgramAD -> ./public/rules/BanProgramAD.yaml
[2026-09-03 23:36:02] [INFO] Updated rule-provider BanProgramAD URL to https://cdn.honglin.ac.cn/statically/gh/flinhong/configs/public/rules/BanProgramAD.yaml
[2026-09-03 23:36:02] [INFO] Downloading: https://raw.githubusercontent.com/ACL4SSR/ACL4SSR/refs/heads/master/Clash/BanEasyList.list
[2026-09-03 23:36:02] [INFO] Downloaded rule-provider BanEasyList -> ./public/rules/BanEasyList.yaml
[2026-09-03 23:36:02] [INFO] Updated rule-provider BanEasyList URL to https://cdn.honglin.ac.cn/statically/gh/flinhong/configs/public/rules/BanEasyList.yaml
[2026-09-03 23:36:02] [INFO] Downloading: https://raw.githubusercontent.com/ACL4SSR/ACL4SSR/refs/heads/master/Clash/BanEasyListChina.list
[2026-09-03 23:36:02] [INFO] Downloaded rule-provider BanEasyListChina -> ./public/rules/BanEasyListChina.yaml
[2026-09-03 23:36:02] [INFO] Updated rule-provider BanEasyListChina URL to https://cdn.honglin.ac.cn/statically/gh/flinhong/configs/public/rules/BanEasyListChina.yaml
[2026-09-03 23:36:02] [INFO] Downloading: https://raw.githubusercontent.com/ACL4SSR/ACL4SSR/refs/heads/master/Clash/BanEasyPrivacy.list
[2026-09-03 23:36:03] [INFO] Downloaded rule-provider BanEasyPrivacy -> ./public/rules/BanEasyPrivacy.yaml
[2026-09-03 23:36:03] [INFO] Updated rule-provider BanEasyPrivacy URL to https://cdn.honglin.ac.cn/statically/gh/flinhong/configs/public/rules/BanEasyPrivacy.yaml
[2026-09-03 23:36:03] [INFO] Downloading: https://raw.githubusercontent.com/ACL4SSR/ACL4SSR/refs/heads/master/Clash/GoogleCN.list
[2026-09-03 23:36:03] [INFO] Downloaded rule-provider GoogleCN -> ./public/rules/GoogleCN.yaml
[2026-09-03 23:36:03] [INFO] Updated rule-provider GoogleCN URL to https://cdn.honglin.ac.cn/statically/gh/flinhong/configs/public/rules/GoogleCN.yaml
[2026-09-03 23:36:03] [INFO] Downloading: https://raw.githubusercontent.com/ACL4SSR/ACL4SSR/refs/heads/master/Clash/Ruleset/SteamCN.list
[2026-09-03 23:36:03] [INFO] Downloaded rule-provider SteamCN -> ./public/rules/SteamCN.yaml
[2026-09-03 23:36:03] [INFO] Updated rule-provider SteamCN URL to https://cdn.honglin.ac.cn/statically/gh/flinhong/configs/public/rules/SteamCN.yaml
[2026-09-03 23:36:03] [INFO] Downloading: https://raw.githubusercontent.com/ACL4SSR/ACL4SSR/refs/heads/master/Clash/Microsoft.list
[2026-09-03 23:36:03] [INFO] Downloaded rule-provider Microsoft -> ./public/rules/Microsoft.yaml
[2026-09-03 23:36:03] [INFO] Updated rule-provider Microsoft URL to https://cdn.honglin.ac.cn/statically/gh/flinhong/configs/public/rules/Microsoft.yaml
[2026-09-03 23:36:03] [INFO] Downloading: https://raw.githubusercontent.com/ACL4SSR/ACL4SSR/refs/heads/master/Clash/Apple.list
[2026-09-03 23:36:03] [INFO] Downloaded rule-provider Apple -> ./public/rules/Apple.yaml
[2026-09-03 23:36:03] [INFO] Updated rule-provider Apple URL to https://cdn.honglin.ac.cn/statically/gh/flinhong/configs/public/rules/Apple.yaml
[2026-09-03 23:36:03] [INFO] Downloading: https://raw.githubusercontent.com/ACL4SSR/ACL4SSR/refs/heads/master/Clash/ProxyMedia.list
[2026-09-03 23:36:03] [INFO] Downloaded rule-provider ProxyMedia -> ./public/rules/ProxyMedia.yaml
[2026-09-03 23:36:03] [INFO] Updated rule-provider ProxyMedia URL to https://cdn.honglin.ac.cn/statically/gh/flinhong/configs/public/rules/ProxyMedia.yaml
[2026-09-03 23:36:03] [INFO] Downloading: https://raw.githubusercontent.com/ACL4SSR/ACL4SSR/refs/heads/master/Clash/Telegram.list
[2026-09-03 23:36:03] [INFO] Downloaded rule-provider Telegram -> ./public/rules/Telegram.yaml
[2026-09-03 23:36:03] [INFO] Updated rule-provider Telegram URL to https://cdn.honglin.ac.cn/statically/gh/flinhong/configs/public/rules/Telegram.yaml
[2026-09-03 23:36:03] [INFO] Downloading: https://raw.githubusercontent.com/ACL4SSR/ACL4SSR/refs/heads/master/Clash/ProxyLite.list
[2026-09-03 23:36:03] [INFO] Downloaded rule-provider ProxyLite -> ./public/rules/ProxyLite.yaml
[2026-09-03 23:36:03] [INFO] Updated rule-provider ProxyLite URL to https://cdn.honglin.ac.cn/statically/gh/flinhong/configs/public/rules/ProxyLite.yaml
[2026-09-03 23:36:03] [INFO] Downloading: https://raw.githubusercontent.com/ACL4SSR/ACL4SSR/refs/heads/master/Clash/ChinaDomain.list
[2026-09-03 23:36:03] [INFO] Downloaded rule-provider ChinaDomain -> ./public/rules/ChinaDomain.yaml
[2026-09-03 23:36:03] [INFO] Updated rule-provider ChinaDomain URL to https://cdn.honglin.ac.cn/statically/gh/flinhong/configs/public/rules/ChinaDomain.yaml
[2026-09-03 23:36:03] [INFO] Downloading: https://raw.githubusercontent.com/ACL4SSR/ACL4SSR/refs/heads/master/Clash/ChinaCompanyIp.list
[2026-09-03 23:36:03] [INFO] Downloaded rule-provider ChinaCompanyIp -> ./public/rules/ChinaCompanyIp.yaml
[2026-09-03 23:36:03] [INFO] Updated rule-provider ChinaCompanyIp URL to https://cdn.honglin.ac.cn/statically/gh/flinhong/configs/public/rules/ChinaCompanyIp.yaml
[2026-09-03 23:36:03] [INFO] Fetching extra proxies...
[2026-09-03 23:36:05] [INFO] All date-based sources have today's file available, using today
[2026-09-03 23:36:05] [INFO] Downloading: https://raw.githubusercontent.com/zhangkaiitugithub/passcro/main/speednodes.yaml
[2026-09-03 23:36:05] [INFO] Fetched 11 unique proxies for Load Balancer.
[2026-09-03 23:36:05] [INFO] Downloading: https://node.nodefree.me/2026/09/20260903.yaml
[2026-09-03 23:36:05] [INFO] Downloading: https://static.v2rayshare.net/2026/09/20260903.yaml
[2026-09-03 23:36:05] [INFO] Downloading: https://raw.githubusercontent.com/free18/v2ray/main/c.yaml
[2026-09-03 23:36:06] [WARNING] Filtered proxy 🇩🇪_DE_德国_2: reality-opts short-id '' missing or invalid
[2026-09-03 23:36:06] [WARNING] Filtered proxy 🇺🇸_US_美国: reality-opts short-id '' missing or invalid
[2026-09-03 23:36:06] [WARNING] Filtered proxy 🇩🇪_DE_德国_2: reality-opts short-id '' missing or invalid
[2026-09-03 23:36:06] [WARNING] Filtered proxy 🇺🇸_US_美国: reality-opts short-id '' missing or invalid
[2026-09-03 23:36:06] [INFO] Fetched 70 unique proxies for Auto Select.
[2026-09-03 23:36:06] [INFO] Filtered original proxies: 17 remaining
[2026-09-03 23:36:06] [INFO] Successfully wrote config to ./public/subscribe/clash.yml
[2026-09-04 10:24:16] [INFO] Downloading: https://www.ermao.net/sub/clash/ermao.net
[2026-09-04 10:24:16] [INFO] Main subscription fetched and parsed.
[2026-09-04 10:24:16] [INFO] Downloading rule-providers...
[2026-09-04 10:24:16] [INFO] Downloading: https://raw.githubusercontent.com/ACL4SSR/ACL4SSR/refs/heads/master/Clash/LocalAreaNetwork.list
[2026-09-04 10:24:16] [INFO] Downloaded rule-provider LocalAreaNetwork -> ./public/rules/LocalAreaNetwork.yaml
[2026-09-04 10:24:16] [INFO] Updated rule-provider LocalAreaNetwork URL to https://cdn.honglin.ac.cn/statically/gh/flinhong/configs/public/rules/LocalAreaNetwork.yaml
[2026-09-04 10:24:16] [INFO] Downloading: https://raw.githubusercontent.com/ACL4SSR/ACL4SSR/refs/heads/master/Clash/BanAD.list
[2026-09-04 10:24:17] [INFO] Downloaded rule-provider BanAD -> ./public/rules/BanAD.yaml
[2026-09-04 10:24:17] [INFO] Updated rule-provider BanAD URL to https://cdn.honglin.ac.cn/statically/gh/flinhong/configs/public/rules/BanAD.yaml
[2026-09-04 10:24:17] [INFO] Downloading: https://raw.githubusercontent.com/ACL4SSR/ACL4SSR/refs/heads/master/Clash/BanProgramAD.list
[2026-09-04 10:24:17] [INFO] Downloaded rule-provider BanProgramAD -> ./public/rules/BanProgramAD.yaml
[2026-09-04 10:24:17] [INFO] Updated rule-provider BanProgramAD URL to https://cdn.honglin.ac.cn/statically/gh/flinhong/configs/public/rules/BanProgramAD.yaml
[2026-09-04 10:24:17] [INFO] Downloading: https://raw.githubusercontent.com/ACL4SSR/ACL4SSR/refs/heads/master/Clash/BanEasyList.list
[2026-09-04 10:24:17] [INFO] Downloaded rule-provider BanEasyList -> ./public/rules/BanEasyList.yaml
[2026-09-04 10:24:17] [INFO] Updated rule-provider BanEasyList URL to https://cdn.honglin.ac.cn/statically/gh/flinhong/configs/public/rules/BanEasyList.yaml
[2026-09-04 10:24:17] [INFO] Downloading: https://raw.githubusercontent.com/ACL4SSR/ACL4SSR/refs/heads/master/Clash/BanEasyListChina.list
[2026-09-04 10:24:18] [INFO] Downloaded rule-provider BanEasyListChina -> ./public/rules/BanEasyListChina.yaml
[2026-09-04 10:24:18] [INFO] Updated rule-provider BanEasyListChina URL to https://cdn.honglin.ac.cn/statically/gh/flinhong/configs/public/rules/BanEasyListChina.yaml
[2026-09-04 10:24:18] [INFO] Downloading: https://raw.githubusercontent.com/ACL4SSR/ACL4SSR/refs/heads/master/Clash/BanEasyPrivacy.list
[2026-09-04 10:24:18] [INFO] Downloaded rule-provider BanEasyPrivacy -> ./public/rules/BanEasyPrivacy.yaml
[2026-09-04 10:24:18] [INFO] Updated rule-provider BanEasyPrivacy URL to https://cdn.honglin.ac.cn/statically/gh/flinhong/configs/public/rules/BanEasyPrivacy.yaml
[2026-09-04 10:24:18] [INFO] Downloading: https://raw.githubusercontent.com/ACL4SSR/ACL4SSR/refs/heads/master/Clash/GoogleCN.list
[2026-09-04 10:24:18] [INFO] Downloaded rule-provider GoogleCN -> ./public/rules/GoogleCN.yaml
[2026-09-04 10:24:18] [INFO] Updated rule-provider GoogleCN URL to https://cdn.honglin.ac.cn/statically/gh/flinhong/configs/public/rules/GoogleCN.yaml
[2026-09-04 10:24:18] [INFO] Downloading: https://raw.githubusercontent.com/ACL4SSR/ACL4SSR/refs/heads/master/Clash/Ruleset/SteamCN.list
[2026-09-04 10:24:19] [INFO] Downloaded rule-provider SteamCN -> ./public/rules/SteamCN.yaml
[2026-09-04 10:24:19] [INFO] Updated rule-provider SteamCN URL to https://cdn.honglin.ac.cn/statically/gh/flinhong/configs/public/rules/SteamCN.yaml
[2026-09-04 10:24:19] [INFO] Downloading: https://raw.githubusercontent.com/ACL4SSR/ACL4SSR/refs/heads/master/Clash/Microsoft.list
[2026-09-04 10:24:19] [INFO] Downloaded rule-provider Microsoft -> ./public/rules/Microsoft.yaml
[2026-09-04 10:24:19] [INFO] Updated rule-provider Microsoft URL to https://cdn.honglin.ac.cn/statically/gh/flinhong/configs/public/rules/Microsoft.yaml
[2026-09-04 10:24:19] [INFO] Downloading: https://raw.githubusercontent.com/ACL4SSR/ACL4SSR/refs/heads/master/Clash/Apple.list
[2026-09-04 10:24:19] [INFO] Downloaded rule-provider Apple -> ./public/rules/Apple.yaml
[2026-09-04 10:24:19] [INFO] Updated rule-provider Apple URL to https://cdn.honglin.ac.cn/statically/gh/flinhong/configs/public/rules/Apple.yaml
[2026-09-04 10:24:19] [INFO] Downloading: https://raw.githubusercontent.com/ACL4SSR/ACL4SSR/refs/heads/master/Clash/ProxyMedia.list
[2026-09-04 10:24:19] [INFO] Downloaded rule-provider ProxyMedia -> ./public/rules/ProxyMedia.yaml
[2026-09-04 10:24:19] [INFO] Updated rule-provider ProxyMedia URL to https://cdn.honglin.ac.cn/statically/gh/flinhong/configs/public/rules/ProxyMedia.yaml
[2026-09-04 10:24:19] [INFO] Downloading: https://raw.githubusercontent.com/ACL4SSR/ACL4SSR/refs/heads/master/Clash/Telegram.list
[2026-09-04 10:24:19] [INFO] Downloaded rule-provider Telegram -> ./public/rules/Telegram.yaml
[2026-09-04 10:24:19] [INFO] Updated rule-provider Telegram URL to https://cdn.honglin.ac.cn/statically/gh/flinhong/configs/public/rules/Telegram.yaml
[2026-09-04 10:24:19] [INFO] Downloading: https://raw.githubusercontent.com/ACL4SSR/ACL4SSR/refs/heads/master/Clash/ProxyLite.list
[2026-09-04 10:24:20] [INFO] Downloaded rule-provider ProxyLite -> ./public/rules/ProxyLite.yaml
[2026-09-04 10:24:20] [INFO] Updated rule-provider ProxyLite URL to https://cdn.honglin.ac.cn/statically/gh/flinhong/configs/public/rules/ProxyLite.yaml
[2026-09-04 10:24:20] [INFO] Downloading: https://raw.githubusercontent.com/ACL4SSR/ACL4SSR/refs/heads/master/Clash/ChinaDomain.list
[2026-09-04 10:24:20] [INFO] Downloaded rule-provider ChinaDomain -> ./public/rules/ChinaDomain.yaml
[2026-09-04 10:24:20] [INFO] Updated rule-provider ChinaDomain URL to https://cdn.honglin.ac.cn/statically/gh/flinhong/configs/public/rules/ChinaDomain.yaml
[2026-09-04 10:24:20] [INFO] Downloading: https://raw.githubusercontent.com/ACL4SSR/ACL4SSR/refs/heads/master/Clash/ChinaCompanyIp.list
[2026-09-04 10:24:20] [INFO] Downloaded rule-provider ChinaCompanyIp -> ./public/rules/ChinaCompanyIp.yaml
[2026-09-04 10:24:20] [INFO] Updated rule-provider ChinaCompanyIp URL to https://cdn.honglin.ac.cn/statically/gh/flinhong/configs/public/rules/ChinaCompanyIp.yaml
[2026-09-04 10:24:20] [INFO] Fetching extra proxies...
[2026-09-04 10:24:21] [INFO] All date-based sources have today's file available, using today
[2026-09-04 10:24:21] [INFO] Downloading: https://raw.githubusercontent.com/zhangkaiitugithub/passcro/main/speednodes.yaml
[2026-09-04 10:24:21] [INFO] Fetched 11 unique proxies for Load Balancer.
[2026-09-04 10:24:21] [INFO] Downloading: https://node.nodefree.me/2026/09/20260904.yaml
[2026-09-04 10:24:21] [INFO] Downloading: https://static.v2rayshare.net/2026/09/20260904.yaml
[2026-09-04 10:24:21] [INFO] Downloading: https://raw.githubusercontent.com/free18/v2ray/main/c.yaml
[2026-09-04 10:24:22] [WARNING] Filtered proxy 🇩🇪_DE_德国_2: reality-opts short-id '' missing or invalid
[2026-09-04 10:24:22] [WARNING] Filtered proxy 🇺🇸_US_美国: reality-opts short-id '' missing or invalid
[2026-09-04 10:24:22] [WARNING] Filtered proxy 🇩🇪_DE_德国_2: reality-opts short-id '' missing or invalid
[2026-09-04 10:24:22] [WARNING] Filtered proxy 🇺🇸_US_美国: reality-opts short-id '' missing or invalid
[2026-09-04 10:24:22] [INFO] Fetched 70 unique proxies for Auto Select.
[2026-09-04 10:24:22] [INFO] Filtered original proxies: 25 remaining
[2026-09-04 10:24:22] [INFO] Successfully wrote config to ./public/subscribe/clash.yml
[2026-09-04 23:34:32] [INFO] Downloading: https://www.ermao.net/sub/clash/ermao.net
[2026-09-04 23:34:33] [INFO] Main subscription fetched and parsed.
[2026-09-04 23:34:33] [INFO] Downloading rule-providers...
[2026-09-04 23:34:33] [INFO] Downloading: https://raw.githubusercontent.com/ACL4SSR/ACL4SSR/refs/heads/master/Clash/LocalAreaNetwork.list
[2026-09-04 23:34:33] [INFO] Downloaded rule-provider LocalAreaNetwork -> ./public/rules/LocalAreaNetwork.yaml
[2026-09-04 23:34:33] [INFO] Updated rule-provider LocalAreaNetwork URL to https://cdn.honglin.ac.cn/statically/gh/flinhong/configs/public/rules/LocalAreaNetwork.yaml
[2026-09-04 23:34:33] [INFO] Downloading: https://raw.githubusercontent.com/ACL4SSR/ACL4SSR/refs/heads/master/Clash/BanAD.list
[2026-09-04 23:34:33] [INFO] Downloaded rule-provider BanAD -> ./public/rules/BanAD.yaml
[2026-09-04 23:34:33] [INFO] Updated rule-provider BanAD URL to https://cdn.honglin.ac.cn/statically/gh/flinhong/configs/public/rules/BanAD.yaml
[2026-09-04 23:34:33] [INFO] Downloading: https://raw.githubusercontent.com/ACL4SSR/ACL4SSR/refs/heads/master/Clash/BanProgramAD.list
[2026-09-04 23:34:33] [INFO] Downloaded rule-provider BanProgramAD -> ./public/rules/BanProgramAD.yaml
[2026-09-04 23:34:33] [INFO] Updated rule-provider BanProgramAD URL to https://cdn.honglin.ac.cn/statically/gh/flinhong/configs/public/rules/BanProgramAD.yaml
[2026-09-04 23:34:33] [INFO] Downloading: https://raw.githubusercontent.com/ACL4SSR/ACL4SSR/refs/heads/master/Clash/BanEasyList.list
[2026-09-04 23:34:33] [INFO] Downloaded rule-provider BanEasyList -> ./public/rules/BanEasyList.yaml
[2026-09-04 23:34:33] [INFO] Updated rule-provider BanEasyList URL to https://cdn.honglin.ac.cn/statically/gh/flinhong/configs/public/rules/BanEasyList.yaml
[2026-09-04 23:34:33] [INFO] Downloading: https://raw.githubusercontent.com/ACL4SSR/ACL4SSR/refs/heads/master/Clash/BanEasyListChina.list
[2026-09-04 23:34:33] [INFO] Downloaded rule-provider BanEasyListChina -> ./public/rules/BanEasyListChina.yaml
[2026-09-04 23:34:33] [INFO] Updated rule-provider BanEasyListChina URL to https://cdn.honglin.ac.cn/statically/gh/flinhong/configs/public/rules/BanEasyListChina.yaml
[2026-09-04 23:34:33] [INFO] Downloading: https://raw.githubusercontent.com/ACL4SSR/ACL4SSR/refs/heads/master/Clash/BanEasyPrivacy.list
[2026-09-04 23:34:34] [INFO] Downloaded rule-provider BanEasyPrivacy -> ./public/rules/BanEasyPrivacy.yaml
[2026-09-04 23:34:34] [INFO] Updated rule-provider BanEasyPrivacy URL to https://cdn.honglin.ac.cn/statically/gh/flinhong/configs/public/rules/BanEasyPrivacy.yaml
[2026-09-04 23:34:34] [INFO] Downloading: https://raw.githubusercontent.com/ACL4SSR/ACL4SSR/refs/heads/master/Clash/GoogleCN.list
[2026-09-04 23:34:34] [INFO] Downloaded rule-provider GoogleCN -> ./public/rules/GoogleCN.yaml
[2026-09-04 23:34:34] [INFO] Updated rule-provider GoogleCN URL to https://cdn.honglin.ac.cn/statically/gh/flinhong/configs/public/rules/GoogleCN.yaml
[2026-09-04 23:34:34] [INFO] Downloading: https://raw.githubusercontent.com/ACL4SSR/ACL4SSR/refs/heads/master/Clash/Ruleset/SteamCN.list
[2026-09-04 23:34:34] [INFO] Downloaded rule-provider SteamCN -> ./public/rules/SteamCN.yaml
[2026-09-04 23:34:34] [INFO] Updated rule-provider SteamCN URL to https://cdn.honglin.ac.cn/statically/gh/flinhong/configs/public/rules/SteamCN.yaml
[2026-09-04 23:34:34] [INFO] Downloading: https://raw.githubusercontent.com/ACL4SSR/ACL4SSR/refs/heads/master/Clash/Microsoft.list
[2026-09-04 23:34:34] [INFO] Downloaded rule-provider Microsoft -> ./public/rules/Microsoft.yaml
[2026-09-04 23:34:34] [INFO] Updated rule-provider Microsoft URL to https://cdn.honglin.ac.cn/statically/gh/flinhong/configs/public/rules/Microsoft.yaml
[2026-09-04 23:34:34] [INFO] Downloading: https://raw.githubusercontent.com/ACL4SSR/ACL4SSR/refs/heads/master/Clash/Apple.list
[2026-09-04 23:34:34] [INFO] Downloaded rule-provider Apple -> ./public/rules/Apple.yaml
[2026-09-04 23:34:34] [INFO] Updated rule-provider Apple URL to https://cdn.honglin.ac.cn/statically/gh/flinhong/configs/public/rules/Apple.yaml
[2026-09-04 23:34:34] [INFO] Downloading: https://raw.githubusercontent.com/ACL4SSR/ACL4SSR/refs/heads/master/Clash/ProxyMedia.list
[2026-09-04 23:34:34] [INFO] Downloaded rule-provider ProxyMedia -> ./public/rules/ProxyMedia.yaml
[2026-09-04 23:34:34] [INFO] Updated rule-provider ProxyMedia URL to https://cdn.honglin.ac.cn/statically/gh/flinhong/configs/public/rules/ProxyMedia.yaml
[2026-09-04 23:34:34] [INFO] Downloading: https://raw.githubusercontent.com/ACL4SSR/ACL4SSR/refs/heads/master/Clash/Telegram.list
[2026-09-04 23:34:34] [INFO] Downloaded rule-provider Telegram -> ./public/rules/Telegram.yaml
[2026-09-04 23:34:34] [INFO] Updated rule-provider Telegram URL to https://cdn.honglin.ac.cn/statically/gh/flinhong/configs/public/rules/Telegram.yaml
[2026-09-04 23:34:34] [INFO] Downloading: https://raw.githubusercontent.com/ACL4SSR/ACL4SSR/refs/heads/master/Clash/ProxyLite.list
[2026-09-04 23:34:34] [INFO] Downloaded rule-provider ProxyLite -> ./public/rules/ProxyLite.yaml
[2026-09-04 23:34:34] [INFO] Updated rule-provider ProxyLite URL to https://cdn.honglin.ac.cn/statically/gh/flinhong/configs/public/rules/ProxyLite.yaml
[2026-09-04 23:34:34] [INFO] Downloading: https://raw.githubusercontent.com/ACL4SSR/ACL4SSR/refs/heads/master/Clash/ChinaDomain.list
[2026-09-04 23:34:34] [INFO] Downloaded rule-provider ChinaDomain -> ./public/rules/ChinaDomain.yaml
[2026-09-04 23:34:34] [INFO] Updated rule-provider ChinaDomain URL to https://cdn.honglin.ac.cn/statically/gh/flinhong/configs/public/rules/ChinaDomain.yaml
[2026-09-04 23:34:34] [INFO] Downloading: https://raw.githubusercontent.com/ACL4SSR/ACL4SSR/refs/heads/master/Clash/ChinaCompanyIp.list
[2026-09-04 23:34:34] [INFO] Downloaded rule-provider ChinaCompanyIp -> ./public/rules/ChinaCompanyIp.yaml
[2026-09-04 23:34:34] [INFO] Updated rule-provider ChinaCompanyIp URL to https://cdn.honglin.ac.cn/statically/gh/flinhong/configs/public/rules/ChinaCompanyIp.yaml
[2026-09-04 23:34:34] [INFO] Fetching extra proxies...
[2026-09-04 23:34:35] [INFO] All date-based sources have today's file available, using today
[2026-09-04 23:34:35] [INFO] Downloading: https://raw.githubusercontent.com/zhangkaiitugithub/passcro/main/speednodes.yaml
[2026-09-04 23:34:35] [INFO] Fetched 11 unique proxies for Load Balancer.
[2026-09-04 23:34:35] [INFO] Downloading: https://node.nodefree.me/2026/09/20260904.yaml
[2026-09-04 23:34:35] [INFO] Downloading: https://static.v2rayshare.net/2026/09/20260904.yaml
[2026-09-04 23:34:35] [INFO] Downloading: https://raw.githubusercontent.com/free18/v2ray/main/c.yaml
[2026-09-04 23:34:36] [WARNING] Filtered proxy 🇩🇪_DE_德国_2: reality-opts short-id '' missing or invalid
[2026-09-04 23:34:36] [WARNING] Filtered proxy 🇺🇸_US_美国: reality-opts short-id '' missing or invalid
[2026-09-04 23:34:36] [WARNING] Filtered proxy 🇩🇪_DE_德国_2: reality-opts short-id '' missing or invalid
[2026-09-04 23:34:36] [WARNING] Filtered proxy 🇺🇸_US_美国: reality-opts short-id '' missing or invalid
[2026-09-04 23:34:36] [INFO] Fetched 81 unique proxies for Auto Select.
[2026-09-04 23:34:36] [INFO] Filtered original proxies: 15 remaining
[2026-09-04 23:34:36] [INFO] Successfully wrote config to ./public/subscribe/clash.yml
[2026-09-05 10:25:13] [INFO] Downloading: https://www.ermao.net/sub/clash/ermao.net
[2026-09-05 10:25:13] [INFO] Main subscription fetched and parsed.
[2026-09-05 10:25:13] [INFO] Downloading rule-providers...
[2026-09-05 10:25:13] [INFO] Downloading: https://raw.githubusercontent.com/ACL4SSR/ACL4SSR/refs/heads/master/Clash/LocalAreaNetwork.list
[2026-09-05 10:25:13] [INFO] Downloaded rule-provider LocalAreaNetwork -> ./public/rules/LocalAreaNetwork.yaml
[2026-09-05 10:25:13] [INFO] Updated rule-provider LocalAreaNetwork URL to https://cdn.honglin.ac.cn/statically/gh/flinhong/configs/public/rules/LocalAreaNetwork.yaml
[2026-09-05 10:25:13] [INFO] Downloading: https://raw.githubusercontent.com/ACL4SSR/ACL4SSR/refs/heads/master/Clash/BanAD.list
[2026-09-05 10:25:13] [INFO] Downloaded rule-provider BanAD -> ./public/rules/BanAD.yaml
[2026-09-05 10:25:13] [INFO] Updated rule-provider BanAD URL to https://cdn.honglin.ac.cn/statically/gh/flinhong/configs/public/rules/BanAD.yaml
[2026-09-05 10:25:13] [INFO] Downloading: https://raw.githubusercontent.com/ACL4SSR/ACL4SSR/refs/heads/master/Clash/BanProgramAD.list
[2026-09-05 10:25:13] [INFO] Downloaded rule-provider BanProgramAD -> ./public/rules/BanProgramAD.yaml
[2026-09-05 10:25:13] [INFO] Updated rule-provider BanProgramAD URL to https://cdn.honglin.ac.cn/statically/gh/flinhong/configs/public/rules/BanProgramAD.yaml
[2026-09-05 10:25:13] [INFO] Downloading: https://raw.githubusercontent.com/ACL4SSR/ACL4SSR/refs/heads/master/Clash/BanEasyList.list
[2026-09-05 10:25:14] [INFO] Downloaded rule-provider BanEasyList -> ./public/rules/BanEasyList.yaml
[2026-09-05 10:25:14] [INFO] Updated rule-provider BanEasyList URL to https://cdn.honglin.ac.cn/statically/gh/flinhong/configs/public/rules/BanEasyList.yaml
[2026-09-05 10:25:14] [INFO] Downloading: https://raw.githubusercontent.com/ACL4SSR/ACL4SSR/refs/heads/master/Clash/BanEasyListChina.list
[2026-09-05 10:25:14] [INFO] Downloaded rule-provider BanEasyListChina -> ./public/rules/BanEasyListChina.yaml
[2026-09-05 10:25:14] [INFO] Updated rule-provider BanEasyListChina URL to https://cdn.honglin.ac.cn/statically/gh/flinhong/configs/public/rules/BanEasyListChina.yaml
[2026-09-05 10:25:14] [INFO] Downloading: https://raw.githubusercontent.com/ACL4SSR/ACL4SSR/refs/heads/master/Clash/BanEasyPrivacy.list
[2026-09-05 10:25:14] [INFO] Downloaded rule-provider BanEasyPrivacy -> ./public/rules/BanEasyPrivacy.yaml
[2026-09-05 10:25:14] [INFO] Updated rule-provider BanEasyPrivacy URL to https://cdn.honglin.ac.cn/statically/gh/flinhong/configs/public/rules/BanEasyPrivacy.yaml
[2026-09-05 10:25:14] [INFO] Downloading: https://raw.githubusercontent.com/ACL4SSR/ACL4SSR/refs/heads/master/Clash/GoogleCN.list
[2026-09-05 10:25:14] [INFO] Downloaded rule-provider GoogleCN -> ./public/rules/GoogleCN.yaml
[2026-09-05 10:25:14] [INFO] Updated rule-provider GoogleCN URL to https://cdn.honglin.ac.cn/statically/gh/flinhong/configs/public/rules/GoogleCN.yaml
[2026-09-05 10:25:14] [INFO] Downloading: https://raw.githubusercontent.com/ACL4SSR/ACL4SSR/refs/heads/master/Clash/Ruleset/SteamCN.list
[2026-09-05 10:25:14] [INFO] Downloaded rule-provider SteamCN -> ./public/rules/SteamCN.yaml
[2026-09-05 10:25:14] [INFO] Updated rule-provider SteamCN URL to https://cdn.honglin.ac.cn/statically/gh/flinhong/configs/public/rules/SteamCN.yaml
[2026-09-05 10:25:14] [INFO] Downloading: https://raw.githubusercontent.com/ACL4SSR/ACL4SSR/refs/heads/master/Clash/Microsoft.list
[2026-09-05 10:25:14] [INFO] Downloaded rule-provider Microsoft -> ./public/rules/Microsoft.yaml
[2026-09-05 10:25:14] [INFO] Updated rule-provider Microsoft URL to https://cdn.honglin.ac.cn/statically/gh/flinhong/configs/public/rules/Microsoft.yaml
[2026-09-05 10:25:14] [INFO] Downloading: https://raw.githubusercontent.com/ACL4SSR/ACL4SSR/refs/heads/master/Clash/Apple.list
[2026-09-05 10:25:14] [INFO] Downloaded rule-provider Apple -> ./public/rules/Apple.yaml
[2026-09-05 10:25:14] [INFO] Updated rule-provider Apple URL to https://cdn.honglin.ac.cn/statically/gh/flinhong/configs/public/rules/Apple.yaml
[2026-09-05 10:25:14] [INFO] Downloading: https://raw.githubusercontent.com/ACL4SSR/ACL4SSR/refs/heads/master/Clash/ProxyMedia.list
[2026-09-05 10:25:15] [INFO] Downloaded rule-provider ProxyMedia -> ./public/rules/ProxyMedia.yaml
[2026-09-05 10:25:15] [INFO] Updated rule-provider ProxyMedia URL to https://cdn.honglin.ac.cn/statically/gh/flinhong/configs/public/rules/ProxyMedia.yaml
[2026-09-05 10:25:15] [INFO] Downloading: https://raw.githubusercontent.com/ACL4SSR/ACL4SSR/refs/heads/master/Clash/Telegram.list
[2026-09-05 10:25:15] [INFO] Downloaded rule-provider Telegram -> ./public/rules/Telegram.yaml
[2026-09-05 10:25:15] [INFO] Updated rule-provider Telegram URL to https://cdn.honglin.ac.cn/statically/gh/flinhong/configs/public/rules/Telegram.yaml
[2026-09-05 10:25:15] [INFO] Downloading: https://raw.githubusercontent.com/ACL4SSR/ACL4SSR/refs/heads/master/Clash/ProxyLite.list
[2026-09-05 10:25:15] [INFO] Downloaded rule-provider ProxyLite -> ./public/rules/ProxyLite.yaml
[2026-09-05 10:25:15] [INFO] Updated rule-provider ProxyLite URL to https://cdn.honglin.ac.cn/statically/gh/flinhong/configs/public/rules/ProxyLite.yaml
[2026-09-05 10:25:15] [INFO] Downloading: https://raw.githubusercontent.com/ACL4SSR/ACL4SSR/refs/heads/master/Clash/ChinaDomain.list
[2026-09-05 10:25:15] [INFO] Downloaded rule-provider ChinaDomain -> ./public/rules/ChinaDomain.yaml
[2026-09-05 10:25:15] [INFO] Updated rule-provider ChinaDomain URL to https://cdn.honglin.ac.cn/statically/gh/flinhong/configs/public/rules/ChinaDomain.yaml
[2026-09-05 10:25:15] [INFO] Downloading: https://raw.githubusercontent.com/ACL4SSR/ACL4SSR/refs/heads/master/Clash/ChinaCompanyIp.list
[2026-09-05 10:25:15] [INFO] Downloaded rule-provider ChinaCompanyIp -> ./public/rules/ChinaCompanyIp.yaml
[2026-09-05 10:25:15] [INFO] Updated rule-provider ChinaCompanyIp URL to https://cdn.honglin.ac.cn/statically/gh/flinhong/configs/public/rules/ChinaCompanyIp.yaml
[2026-09-05 10:25:15] [INFO] Fetching extra proxies...
[2026-09-05 10:25:16] [INFO] All date-based sources have today's file available, using today
[2026-09-05 10:25:16] [INFO] Downloading: https://raw.githubusercontent.com/zhangkaiitugithub/passcro/main/speednodes.yaml
[2026-09-05 10:25:16] [INFO] Fetched 11 unique proxies for Load Balancer.
[2026-09-05 10:25:16] [INFO] Downloading: https://node.nodefree.me/2026/09/20260905.yaml
[2026-09-05 10:25:16] [INFO] Downloading: https://static.v2rayshare.net/2026/09/20260905.yaml
[2026-09-05 10:25:16] [INFO] Downloading: https://raw.githubusercontent.com/free18/v2ray/main/c.yaml
[2026-09-05 10:25:17] [WARNING] Filtered proxy 🇩🇪_DE_德国_2: reality-opts short-id '' missing or invalid
[2026-09-05 10:25:17] [WARNING] Filtered proxy 🇺🇸_US_美国: reality-opts short-id '' missing or invalid
[2026-09-05 10:25:17] [WARNING] Filtered proxy 🇩🇪_DE_德国_2: reality-opts short-id '' missing or invalid
[2026-09-05 10:25:17] [WARNING] Filtered proxy 🇺🇸_US_美国: reality-opts short-id '' missing or invalid
[2026-09-05 10:25:17] [INFO] Fetched 81 unique proxies for Auto Select.
[2026-09-05 10:25:17] [WARNING] Filtered proxy 🇩🇪_DE_德国_1: reality-opts short-id '' missing or invalid
[2026-09-05 10:25:17] [WARNING] Filtered proxy 🇸🇪_SE_瑞典: reality-opts short-id '' missing or invalid
[2026-09-05 10:25:17] [INFO] Filtered original proxies: 22 remaining
[2026-09-05 10:25:17] [INFO] Successfully wrote config to ./public/subscribe/clash.yml
[2026-09-05 22:22:17] [INFO] Downloading: https://www.ermao.net/sub/clash/ermao.net
[2026-09-05 22:22:18] [INFO] Main subscription fetched and parsed.
[2026-09-05 22:22:18] [INFO] Downloading rule-providers...
[2026-09-05 22:22:18] [INFO] Downloading: https://raw.githubusercontent.com/ACL4SSR/ACL4SSR/refs/heads/master/Clash/LocalAreaNetwork.list
[2026-09-05 22:22:18] [INFO] Downloaded rule-provider LocalAreaNetwork -> ./public/rules/LocalAreaNetwork.yaml
[2026-09-05 22:22:18] [INFO] Updated rule-provider LocalAreaNetwork URL to https://cdn.honglin.ac.cn/statically/gh/flinhong/configs/public/rules/LocalAreaNetwork.yaml
[2026-09-05 22:22:18] [INFO] Downloading: https://raw.githubusercontent.com/ACL4SSR/ACL4SSR/refs/heads/master/Clash/BanAD.list
[2026-09-05 22:22:18] [INFO] Downloaded rule-provider BanAD -> ./public/rules/BanAD.yaml
[2026-09-05 22:22:18] [INFO] Updated rule-provider BanAD URL to https://cdn.honglin.ac.cn/statically/gh/flinhong/configs/public/rules/BanAD.yaml
[2026-09-05 22:22:18] [INFO] Downloading: https://raw.githubusercontent.com/ACL4SSR/ACL4SSR/refs/heads/master/Clash/BanProgramAD.list
[2026-09-05 22:22:18] [INFO] Downloaded rule-provider BanProgramAD -> ./public/rules/BanProgramAD.yaml
[2026-09-05 22:22:18] [INFO] Updated rule-provider BanProgramAD URL to https://cdn.honglin.ac.cn/statically/gh/flinhong/configs/public/rules/BanProgramAD.yaml
[2026-09-05 22:22:18] [INFO] Downloading: https://raw.githubusercontent.com/ACL4SSR/ACL4SSR/refs/heads/master/Clash/BanEasyList.list
[2026-09-05 22:22:18] [INFO] Downloaded rule-provider BanEasyList -> ./public/rules/BanEasyList.yaml
[2026-09-05 22:22:18] [INFO] Updated rule-provider BanEasyList URL to https://cdn.honglin.ac.cn/statically/gh/flinhong/configs/public/rules/BanEasyList.yaml
[2026-09-05 22:22:18] [INFO] Downloading: https://raw.githubusercontent.com/ACL4SSR/ACL4SSR/refs/heads/master/Clash/BanEasyListChina.list
[2026-09-05 22:22:19] [INFO] Downloaded rule-provider BanEasyListChina -> ./public/rules/BanEasyListChina.yaml
[2026-09-05 22:22:19] [INFO] Updated rule-provider BanEasyListChina URL to https://cdn.honglin.ac.cn/statically/gh/flinhong/configs/public/rules/BanEasyListChina.yaml
[2026-09-05 22:22:19] [INFO] Downloading: https://raw.githubusercontent.com/ACL4SSR/ACL4SSR/refs/heads/master/Clash/BanEasyPrivacy.list
[2026-09-05 22:22:19] [INFO] Downloaded rule-provider BanEasyPrivacy -> ./public/rules/BanEasyPrivacy.yaml
[2026-09-05 22:22:19] [INFO] Updated rule-provider BanEasyPrivacy URL to https://cdn.honglin.ac.cn/statically/gh/flinhong/configs/public/rules/BanEasyPrivacy.yaml
[2026-09-05 22:22:19] [INFO] Downloading: https://raw.githubusercontent.com/ACL4SSR/ACL4SSR/refs/heads/master/Clash/GoogleCN.list
[2026-09-05 22:22:19] [INFO] Downloaded rule-provider GoogleCN -> ./public/rules/GoogleCN.yaml
[2026-09-05 22:22:19] [INFO] Updated rule-provider GoogleCN URL to https://cdn.honglin.ac.cn/statically/gh/flinhong/configs/public/rules/GoogleCN.yaml
[2026-09-05 22:22:19] [INFO] Downloading: https://raw.githubusercontent.com/ACL4SSR/ACL4SSR/refs/heads/master/Clash/Ruleset/SteamCN.list
[2026-09-05 22:22:19] [INFO] Downloaded rule-provider SteamCN -> ./public/rules/SteamCN.yaml
[2026-09-05 22:22:19] [INFO] Updated rule-provider SteamCN URL to https://cdn.honglin.ac.cn/statically/gh/flinhong/configs/public/rules/SteamCN.yaml
[2026-09-05 22:22:19] [INFO] Downloading: https://raw.githubusercontent.com/ACL4SSR/ACL4SSR/refs/heads/master/Clash/Microsoft.list
[2026-09-05 22:22:19] [INFO] Downloaded rule-provider Microsoft -> ./public/rules/Microsoft.yaml
[2026-09-05 22:22:19] [INFO] Updated rule-provider Microsoft URL to https://cdn.honglin.ac.cn/statically/gh/flinhong/configs/public/rules/Microsoft.yaml
[2026-09-05 22:22:19] [INFO] Downloading: https://raw.githubusercontent.com/ACL4SSR/ACL4SSR/refs/heads/master/Clash/Apple.list
[2026-09-05 22:22:20] [INFO] Downloaded rule-provider Apple -> ./public/rules/Apple.yaml
[2026-09-05 22:22:20] [INFO] Updated rule-provider Apple URL to https://cdn.honglin.ac.cn/statically/gh/flinhong/configs/public/rules/Apple.yaml
[2026-09-05 22:22:20] [INFO] Downloading: https://raw.githubusercontent.com/ACL4SSR/ACL4SSR/refs/heads/master/Clash/ProxyMedia.list
[2026-09-05 22:22:20] [INFO] Downloaded rule-provider ProxyMedia -> ./public/rules/ProxyMedia.yaml
[2026-09-05 22:22:20] [INFO] Updated rule-provider ProxyMedia URL to https://cdn.honglin.ac.cn/statically/gh/flinhong/configs/public/rules/ProxyMedia.yaml
[2026-09-05 22:22:20] [INFO] Downloading: https://raw.githubusercontent.com/ACL4SSR/ACL4SSR/refs/heads/master/Clash/Telegram.list
[2026-09-05 22:22:20] [INFO] Downloaded rule-provider Telegram -> ./public/rules/Telegram.yaml
[2026-09-05 22:22:20] [INFO] Updated rule-provider Telegram URL to https://cdn.honglin.ac.cn/statically/gh/flinhong/configs/public/rules/Telegram.yaml
[2026-09-05 22:22:20] [INFO] Downloading: https://raw.githubusercontent.com/ACL4SSR/ACL4SSR/refs/heads/master/Clash/ProxyLite.list
[2026-09-05 22:22:20] [INFO] Downloaded rule-provider ProxyLite -> ./public/rules/ProxyLite.yaml
[2026-09-05 22:22:20] [INFO] Updated rule-provider ProxyLite URL to https://cdn.honglin.ac.cn/statically/gh/flinhong/configs/public/rules/ProxyLite.yaml
[2026-09-05 22:22:20] [INFO] Downloading: https://raw.githubusercontent.com/ACL4SSR/ACL4SSR/refs/heads/master/Clash/ChinaDomain.list
[2026-09-05 22:22:20] [INFO] Downloaded rule-provider ChinaDomain -> ./public/rules/ChinaDomain.yaml
[2026-09-05 22:22:20] [INFO] Updated rule-provider ChinaDomain URL to https://cdn.honglin.ac.cn/statically/gh/flinhong/configs/public/rules/ChinaDomain.yaml
[2026-09-05 22:22:20] [INFO] Downloading: https://raw.githubusercontent.com/ACL4SSR/ACL4SSR/refs/heads/master/Clash/ChinaCompanyIp.list
[2026-09-05 22:22:20] [INFO] Downloaded rule-provider ChinaCompanyIp -> ./public/rules/ChinaCompanyIp.yaml
[2026-09-05 22:22:20] [INFO] Updated rule-provider ChinaCompanyIp URL to https://cdn.honglin.ac.cn/statically/gh/flinhong/configs/public/rules/ChinaCompanyIp.yaml
[2026-09-05 22:22:20] [INFO] Fetching extra proxies...
[2026-09-05 22:22:21] [INFO] All date-based sources have today's file available, using today
[2026-09-05 22:22:21] [INFO] Downloading: https://raw.githubusercontent.com/zhangkaiitugithub/passcro/main/speednodes.yaml
[2026-09-05 22:22:21] [INFO] Fetched 11 unique proxies for Load Balancer.
[2026-09-05 22:22:21] [INFO] Downloading: https://node.nodefree.me/2026/09/20260905.yaml
[2026-09-05 22:22:21] [INFO] Downloading: https://static.v2rayshare.net/2026/09/20260905.yaml
[2026-09-05 22:22:21] [INFO] Downloading: https://raw.githubusercontent.com/free18/v2ray/main/c.yaml
[2026-09-05 22:22:21] [WARNING] Filtered proxy 🇩🇪_德国_14: reality-opts short-id '' missing or invalid
[2026-09-05 22:22:21] [WARNING] Filtered proxy 🇩🇪_DE_德国_2: reality-opts short-id '' missing or invalid
[2026-09-05 22:22:21] [WARNING] Filtered proxy 🇺🇸_US_美国: reality-opts short-id '' missing or invalid
[2026-09-05 22:22:21] [WARNING] Filtered proxy 🇩🇪_DE_德国_2: reality-opts short-id '' missing or invalid
[2026-09-05 22:22:21] [WARNING] Filtered proxy 🇺🇸_US_美国: reality-opts short-id '' missing or invalid
[2026-09-05 22:22:21] [INFO] Fetched 72 unique proxies for Auto Select.
[2026-09-05 22:22:21] [WARNING] Filtered proxy 🇩🇪_DE_德国_2: reality-opts short-id '' missing or invalid
[2026-09-05 22:22:21] [INFO] Filtered original proxies: 20 remaining
[2026-09-05 22:22:21] [INFO] Successfully wrote config to ./public/subscribe/clash.yml
[2026-09-06 10:21:16] [INFO] Downloading: https://www.ermao.net/sub/clash/ermao.net
[2026-09-06 10:21:16] [INFO] Main subscription fetched and parsed.
[2026-09-06 10:21:16] [INFO] Downloading rule-providers...
[2026-09-06 10:21:16] [INFO] Downloading: https://raw.githubusercontent.com/ACL4SSR/ACL4SSR/refs/heads/master/Clash/LocalAreaNetwork.list
[2026-09-06 10:21:16] [INFO] Downloaded rule-provider LocalAreaNetwork -> ./public/rules/LocalAreaNetwork.yaml
[2026-09-06 10:21:16] [INFO] Updated rule-provider LocalAreaNetwork URL to https://cdn.honglin.ac.cn/statically/gh/flinhong/configs/public/rules/LocalAreaNetwork.yaml
[2026-09-06 10:21:16] [INFO] Downloading: https://raw.githubusercontent.com/ACL4SSR/ACL4SSR/refs/heads/master/Clash/BanAD.list
[2026-09-06 10:21:16] [INFO] Downloaded rule-provider BanAD -> ./public/rules/BanAD.yaml
[2026-09-06 10:21:16] [INFO] Updated rule-provider BanAD URL to https://cdn.honglin.ac.cn/statically/gh/flinhong/configs/public/rules/BanAD.yaml
[2026-09-06 10:21:16] [INFO] Downloading: https://raw.githubusercontent.com/ACL4SSR/ACL4SSR/refs/heads/master/Clash/BanProgramAD.list
[2026-09-06 10:21:17] [INFO] Downloaded rule-provider BanProgramAD -> ./public/rules/BanProgramAD.yaml
[2026-09-06 10:21:17] [INFO] Updated rule-provider BanProgramAD URL to https://cdn.honglin.ac.cn/statically/gh/flinhong/configs/public/rules/BanProgramAD.yaml
[2026-09-06 10:21:17] [INFO] Downloading: https://raw.githubusercontent.com/ACL4SSR/ACL4SSR/refs/heads/master/Clash/BanEasyList.list
[2026-09-06 10:21:17] [INFO] Downloaded rule-provider BanEasyList -> ./public/rules/BanEasyList.yaml
[2026-09-06 10:21:17] [INFO] Updated rule-provider BanEasyList URL to https://cdn.honglin.ac.cn/statically/gh/flinhong/configs/public/rules/BanEasyList.yaml
[2026-09-06 10:21:17] [INFO] Downloading: https://raw.githubusercontent.com/ACL4SSR/ACL4SSR/refs/heads/master/Clash/BanEasyListChina.list
[2026-09-06 10:21:17] [INFO] Downloaded rule-provider BanEasyListChina -> ./public/rules/BanEasyListChina.yaml
[2026-09-06 10:21:17] [INFO] Updated rule-provider BanEasyListChina URL to https://cdn.honglin.ac.cn/statically/gh/flinhong/configs/public/rules/BanEasyListChina.yaml
[2026-09-06 10:21:17] [INFO] Downloading: https://raw.githubusercontent.com/ACL4SSR/ACL4SSR/refs/heads/master/Clash/BanEasyPrivacy.list
[2026-09-06 10:21:17] [INFO] Downloaded rule-provider BanEasyPrivacy -> ./public/rules/BanEasyPrivacy.yaml
[2026-09-06 10:21:17] [INFO] Updated rule-provider BanEasyPrivacy URL to https://cdn.honglin.ac.cn/statically/gh/flinhong/configs/public/rules/BanEasyPrivacy.yaml
[2026-09-06 10:21:17] [INFO] Downloading: https://raw.githubusercontent.com/ACL4SSR/ACL4SSR/refs/heads/master/Clash/GoogleCN.list
[2026-09-06 10:21:17] [INFO] Downloaded rule-provider GoogleCN -> ./public/rules/GoogleCN.yaml
[2026-09-06 10:21:17] [INFO] Updated rule-provider GoogleCN URL to https://cdn.honglin.ac.cn/statically/gh/flinhong/configs/public/rules/GoogleCN.yaml
[2026-09-06 10:21:17] [INFO] Downloading: https://raw.githubusercontent.com/ACL4SSR/ACL4SSR/refs/heads/master/Clash/Ruleset/SteamCN.list
[2026-09-06 10:21:17] [INFO] Downloaded rule-provider SteamCN -> ./public/rules/SteamCN.yaml
[2026-09-06 10:21:17] [INFO] Updated rule-provider SteamCN URL to https://cdn.honglin.ac.cn/statically/gh/flinhong/configs/public/rules/SteamCN.yaml
[2026-09-06 10:21:17] [INFO] Downloading: https://raw.githubusercontent.com/ACL4SSR/ACL4SSR/refs/heads/master/Clash/Microsoft.list
[2026-09-06 10:21:18] [INFO] Downloaded rule-provider Microsoft -> ./public/rules/Microsoft.yaml
[2026-09-06 10:21:18] [INFO] Updated rule-provider Microsoft URL to https://cdn.honglin.ac.cn/statically/gh/flinhong/configs/public/rules/Microsoft.yaml
[2026-09-06 10:21:18] [INFO] Downloading: https://raw.githubusercontent.com/ACL4SSR/ACL4SSR/refs/heads/master/Clash/Apple.list
[2026-09-06 10:21:18] [INFO] Downloaded rule-provider Apple -> ./public/rules/Apple.yaml
[2026-09-06 10:21:18] [INFO] Updated rule-provider Apple URL to https://cdn.honglin.ac.cn/statically/gh/flinhong/configs/public/rules/Apple.yaml
[2026-09-06 10:21:18] [INFO] Downloading: https://raw.githubusercontent.com/ACL4SSR/ACL4SSR/refs/heads/master/Clash/ProxyMedia.list
[2026-09-06 10:21:18] [INFO] Downloaded rule-provider ProxyMedia -> ./public/rules/ProxyMedia.yaml
[2026-09-06 10:21:18] [INFO] Updated rule-provider ProxyMedia URL to https://cdn.honglin.ac.cn/statically/gh/flinhong/configs/public/rules/ProxyMedia.yaml
[2026-09-06 10:21:18] [INFO] Downloading: https://raw.githubusercontent.com/ACL4SSR/ACL4SSR/refs/heads/master/Clash/Telegram.list
[2026-09-06 10:21:18] [INFO] Downloaded rule-provider Telegram -> ./public/rules/Telegram.yaml
[2026-09-06 10:21:18] [INFO] Updated rule-provider Telegram URL to https://cdn.honglin.ac.cn/statically/gh/flinhong/configs/public/rules/Telegram.yaml
[2026-09-06 10:21:18] [INFO] Downloading: https://raw.githubusercontent.com/ACL4SSR/ACL4SSR/refs/heads/master/Clash/ProxyLite.list
[2026-09-06 10:21:18] [INFO] Downloaded rule-provider ProxyLite -> ./public/rules/ProxyLite.yaml
[2026-09-06 10:21:18] [INFO] Updated rule-provider ProxyLite URL to https://cdn.honglin.ac.cn/statically/gh/flinhong/configs/public/rules/ProxyLite.yaml
[2026-09-06 10:21:18] [INFO] Downloading: https://raw.githubusercontent.com/ACL4SSR/ACL4SSR/refs/heads/master/Clash/ChinaDomain.list
[2026-09-06 10:21:18] [INFO] Downloaded rule-provider ChinaDomain -> ./public/rules/ChinaDomain.yaml
[2026-09-06 10:21:18] [INFO] Updated rule-provider ChinaDomain URL to https://cdn.honglin.ac.cn/statically/gh/flinhong/configs/public/rules/ChinaDomain.yaml
[2026-09-06 10:21:18] [INFO] Downloading: https://raw.githubusercontent.com/ACL4SSR/ACL4SSR/refs/heads/master/Clash/ChinaCompanyIp.list
[2026-09-06 10:21:19] [INFO] Downloaded rule-provider ChinaCompanyIp -> ./public/rules/ChinaCompanyIp.yaml
[2026-09-06 10:21:19] [INFO] Updated rule-provider ChinaCompanyIp URL to https://cdn.honglin.ac.cn/statically/gh/flinhong/configs/public/rules/ChinaCompanyIp.yaml
[2026-09-06 10:21:19] [INFO] Fetching extra proxies...
[2026-09-06 10:21:19] [INFO] All date-based sources have today's file available, using today
[2026-09-06 10:21:19] [INFO] Downloading: https://raw.githubusercontent.com/zhangkaiitugithub/passcro/main/speednodes.yaml
[2026-09-06 10:21:19] [INFO] Fetched 11 unique proxies for Load Balancer.
[2026-09-06 10:21:19] [INFO] Downloading: https://node.nodefree.me/2026/09/20260906.yaml
[2026-09-06 10:21:19] [INFO] Downloading: https://static.v2rayshare.net/2026/09/20260906.yaml
[2026-09-06 10:21:19] [INFO] Downloading: https://raw.githubusercontent.com/free18/v2ray/main/c.yaml
[2026-09-06 10:21:20] [WARNING] Filtered proxy 🇩🇪_德国_14: reality-opts short-id '' missing or invalid
[2026-09-06 10:21:20] [WARNING] Filtered proxy 🇩🇪_DE_德国_2: reality-opts short-id '' missing or invalid
[2026-09-06 10:21:20] [WARNING] Filtered proxy 🇺🇸_US_美国: reality-opts short-id '' missing or invalid
[2026-09-06 10:21:20] [WARNING] Filtered proxy 🇩🇪_DE_德国_2: reality-opts short-id '' missing or invalid
[2026-09-06 10:21:20] [WARNING] Filtered proxy 🇺🇸_US_美国: reality-opts short-id '' missing or invalid
[2026-09-06 10:21:20] [INFO] Fetched 72 unique proxies for Auto Select.
[2026-09-06 10:21:20] [INFO] Filtered original proxies: 29 remaining
[2026-09-06 10:21:20] [INFO] Successfully wrote config to ./public/subscribe/clash.yml
[2026-09-06 22:44:33] [INFO] Downloading: https://www.ermao.net/sub/clash/ermao.net
[2026-09-06 22:44:33] [INFO] Main subscription fetched and parsed.
[2026-09-06 22:44:33] [INFO] Downloading rule-providers...
[2026-09-06 22:44:33] [INFO] Downloading: https://raw.githubusercontent.com/ACL4SSR/ACL4SSR/refs/heads/master/Clash/LocalAreaNetwork.list
[2026-09-06 22:44:33] [INFO] Downloaded rule-provider LocalAreaNetwork -> ./public/rules/LocalAreaNetwork.yaml
[2026-09-06 22:44:33] [INFO] Updated rule-provider LocalAreaNetwork URL to https://cdn.honglin.ac.cn/statically/gh/flinhong/configs/public/rules/LocalAreaNetwork.yaml
[2026-09-06 22:44:33] [INFO] Downloading: https://raw.githubusercontent.com/ACL4SSR/ACL4SSR/refs/heads/master/Clash/BanAD.list
[2026-09-06 22:44:34] [INFO] Downloaded rule-provider BanAD -> ./public/rules/BanAD.yaml
[2026-09-06 22:44:34] [INFO] Updated rule-provider BanAD URL to https://cdn.honglin.ac.cn/statically/gh/flinhong/configs/public/rules/BanAD.yaml
[2026-09-06 22:44:34] [INFO] Downloading: https://raw.githubusercontent.com/ACL4SSR/ACL4SSR/refs/heads/master/Clash/BanProgramAD.list
[2026-09-06 22:44:34] [INFO] Downloaded rule-provider BanProgramAD -> ./public/rules/BanProgramAD.yaml
[2026-09-06 22:44:34] [INFO] Updated rule-provider BanProgramAD URL to https://cdn.honglin.ac.cn/statically/gh/flinhong/configs/public/rules/BanProgramAD.yaml
[2026-09-06 22:44:34] [INFO] Downloading: https://raw.githubusercontent.com/ACL4SSR/ACL4SSR/refs/heads/master/Clash/BanEasyList.list
[2026-09-06 22:44:34] [INFO] Downloaded rule-provider BanEasyList -> ./public/rules/BanEasyList.yaml
[2026-09-06 22:44:34] [INFO] Updated rule-provider BanEasyList URL to https://cdn.honglin.ac.cn/statically/gh/flinhong/configs/public/rules/BanEasyList.yaml
[2026-09-06 22:44:34] [INFO] Downloading: https://raw.githubusercontent.com/ACL4SSR/ACL4SSR/refs/heads/master/Clash/BanEasyListChina.list
[2026-09-06 22:44:34] [INFO] Downloaded rule-provider BanEasyListChina -> ./public/rules/BanEasyListChina.yaml
[2026-09-06 22:44:34] [INFO] Updated rule-provider BanEasyListChina URL to https://cdn.honglin.ac.cn/statically/gh/flinhong/configs/public/rules/BanEasyListChina.yaml
[2026-09-06 22:44:34] [INFO] Downloading: https://raw.githubusercontent.com/ACL4SSR/ACL4SSR/refs/heads/master/Clash/BanEasyPrivacy.list
[2026-09-06 22:44:35] [INFO] Downloaded rule-provider BanEasyPrivacy -> ./public/rules/BanEasyPrivacy.yaml
[2026-09-06 22:44:35] [INFO] Updated rule-provider BanEasyPrivacy URL to https://cdn.honglin.ac.cn/statically/gh/flinhong/configs/public/rules/BanEasyPrivacy.yaml
[2026-09-06 22:44:35] [INFO] Downloading: https://raw.githubusercontent.com/ACL4SSR/ACL4SSR/refs/heads/master/Clash/GoogleCN.list
[2026-09-06 22:44:35] [INFO] Downloaded rule-provider GoogleCN -> ./public/rules/GoogleCN.yaml
[2026-09-06 22:44:35] [INFO] Updated rule-provider GoogleCN URL to https://cdn.honglin.ac.cn/statically/gh/flinhong/configs/public/rules/GoogleCN.yaml
[2026-09-06 22:44:35] [INFO] Downloading: https://raw.githubusercontent.com/ACL4SSR/ACL4SSR/refs/heads/master/Clash/Ruleset/SteamCN.list
[2026-09-06 22:44:35] [INFO] Downloaded rule-provider SteamCN -> ./public/rules/SteamCN.yaml
[2026-09-06 22:44:35] [INFO] Updated rule-provider SteamCN URL to https://cdn.honglin.ac.cn/statically/gh/flinhong/configs/public/rules/SteamCN.yaml
[2026-09-06 22:44:35] [INFO] Downloading: https://raw.githubusercontent.com/ACL4SSR/ACL4SSR/refs/heads/master/Clash/Microsoft.list
[2026-09-06 22:44:35] [INFO] Downloaded rule-provider Microsoft -> ./public/rules/Microsoft.yaml
[2026-09-06 22:44:35] [INFO] Updated rule-provider Microsoft URL to https://cdn.honglin.ac.cn/statically/gh/flinhong/configs/public/rules/Microsoft.yaml
[2026-09-06 22:44:35] [INFO] Downloading: https://raw.githubusercontent.com/ACL4SSR/ACL4SSR/refs/heads/master/Clash/Apple.list
[2026-09-06 22:44:35] [INFO] Downloaded rule-provider Apple -> ./public/rules/Apple.yaml
[2026-09-06 22:44:35] [INFO] Updated rule-provider Apple URL to https://cdn.honglin.ac.cn/statically/gh/flinhong/configs/public/rules/Apple.yaml
[2026-09-06 22:44:35] [INFO] Downloading: https://raw.githubusercontent.com/ACL4SSR/ACL4SSR/refs/heads/master/Clash/ProxyMedia.list
[2026-09-06 22:44:35] [INFO] Downloaded rule-provider ProxyMedia -> ./public/rules/ProxyMedia.yaml
[2026-09-06 22:44:35] [INFO] Updated rule-provider ProxyMedia URL to https://cdn.honglin.ac.cn/statically/gh/flinhong/configs/public/rules/ProxyMedia.yaml
[2026-09-06 22:44:35] [INFO] Downloading: https://raw.githubusercontent.com/ACL4SSR/ACL4SSR/refs/heads/master/Clash/Telegram.list
[2026-09-06 22:44:35] [INFO] Downloaded rule-provider Telegram -> ./public/rules/Telegram.yaml
[2026-09-06 22:44:35] [INFO] Updated rule-provider Telegram URL to https://cdn.honglin.ac.cn/statically/gh/flinhong/configs/public/rules/Telegram.yaml
[2026-09-06 22:44:35] [INFO] Downloading: https://raw.githubusercontent.com/ACL4SSR/ACL4SSR/refs/heads/master/Clash/ProxyLite.list
[2026-09-06 22:44:35] [INFO] Downloaded rule-provider ProxyLite -> ./public/rules/ProxyLite.yaml
[2026-09-06 22:44:35] [INFO] Updated rule-provider ProxyLite URL to https://cdn.honglin.ac.cn/statically/gh/flinhong/configs/public/rules/ProxyLite.yaml
[2026-09-06 22:44:35] [INFO] Downloading: https://raw.githubusercontent.com/ACL4SSR/ACL4SSR/refs/heads/master/Clash/ChinaDomain.list
[2026-09-06 22:44:35] [INFO] Downloaded rule-provider ChinaDomain -> ./public/rules/ChinaDomain.yaml
[2026-09-06 22:44:35] [INFO] Updated rule-provider ChinaDomain URL to https://cdn.honglin.ac.cn/statically/gh/flinhong/configs/public/rules/ChinaDomain.yaml
[2026-09-06 22:44:35] [INFO] Downloading: https://raw.githubusercontent.com/ACL4SSR/ACL4SSR/refs/heads/master/Clash/ChinaCompanyIp.list
[2026-09-06 22:44:36] [INFO] Downloaded rule-provider ChinaCompanyIp -> ./public/rules/ChinaCompanyIp.yaml
[2026-09-06 22:44:36] [INFO] Updated rule-provider ChinaCompanyIp URL to https://cdn.honglin.ac.cn/statically/gh/flinhong/configs/public/rules/ChinaCompanyIp.yaml
[2026-09-06 22:44:36] [INFO] Fetching extra proxies...
[2026-09-06 22:44:36] [INFO] All date-based sources have today's file available, using today
[2026-09-06 22:44:36] [INFO] Downloading: https://raw.githubusercontent.com/zhangkaiitugithub/passcro/main/speednodes.yaml
[2026-09-06 22:44:36] [INFO] Fetched 11 unique proxies for Load Balancer.
[2026-09-06 22:44:36] [INFO] Downloading: https://node.nodefree.me/2026/09/20260906.yaml
[2026-09-06 22:44:36] [INFO] Downloading: https://static.v2rayshare.net/2026/09/20260906.yaml
[2026-09-06 22:44:36] [INFO] Downloading: https://raw.githubusercontent.com/free18/v2ray/main/c.yaml
[2026-09-06 22:44:37] [WARNING] Filtered proxy 🇺🇸_美国_11: reality-opts short-id '' missing or invalid
[2026-09-06 22:44:37] [WARNING] Filtered proxy 🇺🇸_美国_32: reality-opts short-id '' missing or invalid
[2026-09-06 22:44:37] [WARNING] Filtered proxy 🇵🇱_波兰_34: reality-opts short-id '' missing or invalid
[2026-09-06 22:44:37] [WARNING] Filtered proxy 🇺🇸_美国_38: reality-opts short-id '' missing or invalid
[2026-09-06 22:44:37] [WARNING] Filtered proxy 🇩🇪_德国_57: reality-opts short-id '' missing or invalid
[2026-09-06 22:44:37] [WARNING] Filtered proxy 🇩🇪_DE_德国_2: reality-opts short-id '' missing or invalid
[2026-09-06 22:44:37] [WARNING] Filtered proxy 🇺🇸_US_美国: reality-opts short-id '' missing or invalid
[2026-09-06 22:44:37] [WARNING] Filtered proxy 🇩🇪_DE_德国_2: reality-opts short-id '' missing or invalid
[2026-09-06 22:44:37] [WARNING] Filtered proxy 🇺🇸_US_美国: reality-opts short-id '' missing or invalid
[2026-09-06 22:44:37] [INFO] Fetched 111 unique proxies for Auto Select.
[2026-09-06 22:44:37] [WARNING] Filtered proxy 🇫🇷_FR_法国->🇵🇱_PL_波兰: reality-opts short-id '' missing or invalid
[2026-09-06 22:44:37] [WARNING] Filtered proxy 🇫🇷_FR_法国->🇵🇱_PL_波兰_1: reality-opts short-id '' missing or invalid
[2026-09-06 22:44:37] [INFO] Filtered original proxies: 21 remaining
[2026-09-06 22:44:37] [INFO] Successfully wrote config to ./public/subscribe/clash.yml
[2026-09-07 10:18:13] [INFO] Downloading: https://www.ermao.net/sub/clash/ermao.net
[2026-09-07 10:18:14] [INFO] Main subscription fetched and parsed.
[2026-09-07 10:18:14] [INFO] Downloading rule-providers...
[2026-09-07 10:18:14] [INFO] Downloading: https://raw.githubusercontent.com/ACL4SSR/ACL4SSR/refs/heads/master/Clash/LocalAreaNetwork.list
[2026-09-07 10:18:14] [INFO] Downloaded rule-provider LocalAreaNetwork -> ./public/rules/LocalAreaNetwork.yaml
[2026-09-07 10:18:14] [INFO] Updated rule-provider LocalAreaNetwork URL to https://cdn.honglin.ac.cn/statically/gh/flinhong/configs/public/rules/LocalAreaNetwork.yaml
[2026-09-07 10:18:14] [INFO] Downloading: https://raw.githubusercontent.com/ACL4SSR/ACL4SSR/refs/heads/master/Clash/BanAD.list
[2026-09-07 10:18:14] [INFO] Downloaded rule-provider BanAD -> ./public/rules/BanAD.yaml
[2026-09-07 10:18:14] [INFO] Updated rule-provider BanAD URL to https://cdn.honglin.ac.cn/statically/gh/flinhong/configs/public/rules/BanAD.yaml
[2026-09-07 10:18:14] [INFO] Downloading: https://raw.githubusercontent.com/ACL4SSR/ACL4SSR/refs/heads/master/Clash/BanProgramAD.list
[2026-09-07 10:18:15] [INFO] Downloaded rule-provider BanProgramAD -> ./public/rules/BanProgramAD.yaml
[2026-09-07 10:18:15] [INFO] Updated rule-provider BanProgramAD URL to https://cdn.honglin.ac.cn/statically/gh/flinhong/configs/public/rules/BanProgramAD.yaml
[2026-09-07 10:18:15] [INFO] Downloading: https://raw.githubusercontent.com/ACL4SSR/ACL4SSR/refs/heads/master/Clash/BanEasyList.list
[2026-09-07 10:18:15] [INFO] Downloaded rule-provider BanEasyList -> ./public/rules/BanEasyList.yaml
[2026-09-07 10:18:15] [INFO] Updated rule-provider BanEasyList URL to https://cdn.honglin.ac.cn/statically/gh/flinhong/configs/public/rules/BanEasyList.yaml
[2026-09-07 10:18:15] [INFO] Downloading: https://raw.githubusercontent.com/ACL4SSR/ACL4SSR/refs/heads/master/Clash/BanEasyListChina.list
[2026-09-07 10:18:15] [INFO] Downloaded rule-provider BanEasyListChina -> ./public/rules/BanEasyListChina.yaml
[2026-09-07 10:18:15] [INFO] Updated rule-provider BanEasyListChina URL to https://cdn.honglin.ac.cn/statically/gh/flinhong/configs/public/rules/BanEasyListChina.yaml
[2026-09-07 10:18:15] [INFO] Downloading: https://raw.githubusercontent.com/ACL4SSR/ACL4SSR/refs/heads/master/Clash/BanEasyPrivacy.list
[2026-09-07 10:18:16] [INFO] Downloaded rule-provider BanEasyPrivacy -> ./public/rules/BanEasyPrivacy.yaml
[2026-09-07 10:18:16] [INFO] Updated rule-provider BanEasyPrivacy URL to https://cdn.honglin.ac.cn/statically/gh/flinhong/configs/public/rules/BanEasyPrivacy.yaml
[2026-09-07 10:18:16] [INFO] Downloading: https://raw.githubusercontent.com/ACL4SSR/ACL4SSR/refs/heads/master/Clash/GoogleCN.list
[2026-09-07 10:18:16] [INFO] Downloaded rule-provider GoogleCN -> ./public/rules/GoogleCN.yaml
[2026-09-07 10:18:16] [INFO] Updated rule-provider GoogleCN URL to https://cdn.honglin.ac.cn/statically/gh/flinhong/configs/public/rules/GoogleCN.yaml
[2026-09-07 10:18:16] [INFO] Downloading: https://raw.githubusercontent.com/ACL4SSR/ACL4SSR/refs/heads/master/Clash/Ruleset/SteamCN.list
[2026-09-07 10:18:16] [INFO] Downloaded rule-provider SteamCN -> ./public/rules/SteamCN.yaml
[2026-09-07 10:18:16] [INFO] Updated rule-provider SteamCN URL to https://cdn.honglin.ac.cn/statically/gh/flinhong/configs/public/rules/SteamCN.yaml
[2026-09-07 10:18:16] [INFO] Downloading: https://raw.githubusercontent.com/ACL4SSR/ACL4SSR/refs/heads/master/Clash/Microsoft.list
[2026-09-07 10:18:16] [INFO] Downloaded rule-provider Microsoft -> ./public/rules/Microsoft.yaml
[2026-09-07 10:18:16] [INFO] Updated rule-provider Microsoft URL to https://cdn.honglin.ac.cn/statically/gh/flinhong/configs/public/rules/Microsoft.yaml
[2026-09-07 10:18:16] [INFO] Downloading: https://raw.githubusercontent.com/ACL4SSR/ACL4SSR/refs/heads/master/Clash/Apple.list
[2026-09-07 10:18:16] [INFO] Downloaded rule-provider Apple -> ./public/rules/Apple.yaml
[2026-09-07 10:18:16] [INFO] Updated rule-provider Apple URL to https://cdn.honglin.ac.cn/statically/gh/flinhong/configs/public/rules/Apple.yaml
[2026-09-07 10:18:16] [INFO] Downloading: https://raw.githubusercontent.com/ACL4SSR/ACL4SSR/refs/heads/master/Clash/ProxyMedia.list
[2026-09-07 10:18:16] [INFO] Downloaded rule-provider ProxyMedia -> ./public/rules/ProxyMedia.yaml
[2026-09-07 10:18:16] [INFO] Updated rule-provider ProxyMedia URL to https://cdn.honglin.ac.cn/statically/gh/flinhong/configs/public/rules/ProxyMedia.yaml
[2026-09-07 10:18:16] [INFO] Downloading: https://raw.githubusercontent.com/ACL4SSR/ACL4SSR/refs/heads/master/Clash/Telegram.list
[2026-09-07 10:18:17] [INFO] Downloaded rule-provider Telegram -> ./public/rules/Telegram.yaml
[2026-09-07 10:18:17] [INFO] Updated rule-provider Telegram URL to https://cdn.honglin.ac.cn/statically/gh/flinhong/configs/public/rules/Telegram.yaml
[2026-09-07 10:18:17] [INFO] Downloading: https://raw.githubusercontent.com/ACL4SSR/ACL4SSR/refs/heads/master/Clash/ProxyLite.list
[2026-09-07 10:18:17] [INFO] Downloaded rule-provider ProxyLite -> ./public/rules/ProxyLite.yaml
[2026-09-07 10:18:17] [INFO] Updated rule-provider ProxyLite URL to https://cdn.honglin.ac.cn/statically/gh/flinhong/configs/public/rules/ProxyLite.yaml
[2026-09-07 10:18:17] [INFO] Downloading: https://raw.githubusercontent.com/ACL4SSR/ACL4SSR/refs/heads/master/Clash/ChinaDomain.list
[2026-09-07 10:18:17] [INFO] Downloaded rule-provider ChinaDomain -> ./public/rules/ChinaDomain.yaml
[2026-09-07 10:18:17] [INFO] Updated rule-provider ChinaDomain URL to https://cdn.honglin.ac.cn/statically/gh/flinhong/configs/public/rules/ChinaDomain.yaml
[2026-09-07 10:18:17] [INFO] Downloading: https://raw.githubusercontent.com/ACL4SSR/ACL4SSR/refs/heads/master/Clash/ChinaCompanyIp.list
[2026-09-07 10:18:17] [INFO] Downloaded rule-provider ChinaCompanyIp -> ./public/rules/ChinaCompanyIp.yaml
[2026-09-07 10:18:17] [INFO] Updated rule-provider ChinaCompanyIp URL to https://cdn.honglin.ac.cn/statically/gh/flinhong/configs/public/rules/ChinaCompanyIp.yaml
[2026-09-07 10:18:17] [INFO] Fetching extra proxies...
[2026-09-07 10:18:18] [INFO] All date-based sources have today's file available, using today
[2026-09-07 10:18:18] [INFO] Downloading: https://raw.githubusercontent.com/zhangkaiitugithub/passcro/main/speednodes.yaml
[2026-09-07 10:18:18] [INFO] Fetched 11 unique proxies for Load Balancer.
[2026-09-07 10:18:18] [INFO] Downloading: https://node.nodefree.me/2026/09/20260907.yaml
[2026-09-07 10:18:18] [INFO] Downloading: https://static.v2rayshare.net/2026/09/20260907.yaml
[2026-09-07 10:18:18] [INFO] Downloading: https://raw.githubusercontent.com/free18/v2ray/main/c.yaml
[2026-09-07 10:18:18] [WARNING] Filtered proxy 🇺🇸_美国_11: reality-opts short-id '' missing or invalid
[2026-09-07 10:18:18] [WARNING] Filtered proxy 🇺🇸_美国_32: reality-opts short-id '' missing or invalid
[2026-09-07 10:18:18] [WARNING] Filtered proxy 🇵🇱_波兰_34: reality-opts short-id '' missing or invalid
[2026-09-07 10:18:18] [WARNING] Filtered proxy 🇺🇸_美国_38: reality-opts short-id '' missing or invalid
[2026-09-07 10:18:18] [WARNING] Filtered proxy 🇩🇪_德国_57: reality-opts short-id '' missing or invalid
[2026-09-07 10:18:18] [WARNING] Filtered proxy 🇩🇪_DE_德国_2: reality-opts short-id '' missing or invalid
[2026-09-07 10:18:18] [WARNING] Filtered proxy 🇺🇸_US_美国: reality-opts short-id '' missing or invalid
[2026-09-07 10:18:18] [WARNING] Filtered proxy 🇩🇪_DE_德国_2: reality-opts short-id '' missing or invalid
[2026-09-07 10:18:18] [WARNING] Filtered proxy 🇺🇸_US_美国: reality-opts short-id '' missing or invalid
[2026-09-07 10:18:18] [INFO] Fetched 111 unique proxies for Auto Select.
[2026-09-07 10:18:18] [WARNING] Filtered proxy 🇩🇪_DE_德国: reality-opts short-id '' missing or invalid
[2026-09-07 10:18:18] [INFO] Filtered original proxies: 20 remaining
[2026-09-07 10:18:18] [INFO] Successfully wrote config to ./public/subscribe/clash.yml
[2026-09-08 01:01:00] [INFO] Downloading: https://www.ermao.net/sub/clash/ermao.net
[2026-09-08 01:01:00] [INFO] Main subscription fetched and parsed.
[2026-09-08 01:01:00] [INFO] Downloading rule-providers...
[2026-09-08 01:01:00] [INFO] Downloading: https://raw.githubusercontent.com/ACL4SSR/ACL4SSR/refs/heads/master/Clash/LocalAreaNetwork.list
[2026-09-08 01:01:00] [INFO] Downloaded rule-provider LocalAreaNetwork -> ./public/rules/LocalAreaNetwork.yaml
[2026-09-08 01:01:00] [INFO] Updated rule-provider LocalAreaNetwork URL to https://cdn.honglin.ac.cn/statically/gh/flinhong/configs/public/rules/LocalAreaNetwork.yaml
[2026-09-08 01:01:00] [INFO] Downloading: https://raw.githubusercontent.com/ACL4SSR/ACL4SSR/refs/heads/master/Clash/BanAD.list
[2026-09-08 01:01:00] [INFO] Downloaded rule-provider BanAD -> ./public/rules/BanAD.yaml
[2026-09-08 01:01:00] [INFO] Updated rule-provider BanAD URL to https://cdn.honglin.ac.cn/statically/gh/flinhong/configs/public/rules/BanAD.yaml
[2026-09-08 01:01:00] [INFO] Downloading: https://raw.githubusercontent.com/ACL4SSR/ACL4SSR/refs/heads/master/Clash/BanProgramAD.list
[2026-09-08 01:01:01] [INFO] Downloaded rule-provider BanProgramAD -> ./public/rules/BanProgramAD.yaml
[2026-09-08 01:01:01] [INFO] Updated rule-provider BanProgramAD URL to https://cdn.honglin.ac.cn/statically/gh/flinhong/configs/public/rules/BanProgramAD.yaml
[2026-09-08 01:01:01] [INFO] Downloading: https://raw.githubusercontent.com/ACL4SSR/ACL4SSR/refs/heads/master/Clash/BanEasyList.list
[2026-09-08 01:01:01] [INFO] Downloaded rule-provider BanEasyList -> ./public/rules/BanEasyList.yaml
[2026-09-08 01:01:01] [INFO] Updated rule-provider BanEasyList URL to https://cdn.honglin.ac.cn/statically/gh/flinhong/configs/public/rules/BanEasyList.yaml
[2026-09-08 01:01:01] [INFO] Downloading: https://raw.githubusercontent.com/ACL4SSR/ACL4SSR/refs/heads/master/Clash/BanEasyListChina.list
[2026-09-08 01:01:01] [INFO] Downloaded rule-provider BanEasyListChina -> ./public/rules/BanEasyListChina.yaml
[2026-09-08 01:01:01] [INFO] Updated rule-provider BanEasyListChina URL to https://cdn.honglin.ac.cn/statically/gh/flinhong/configs/public/rules/BanEasyListChina.yaml
[2026-09-08 01:01:01] [INFO] Downloading: https://raw.githubusercontent.com/ACL4SSR/ACL4SSR/refs/heads/master/Clash/BanEasyPrivacy.list
[2026-09-08 01:01:02] [INFO] Downloaded rule-provider BanEasyPrivacy -> ./public/rules/BanEasyPrivacy.yaml
[2026-09-08 01:01:02] [INFO] Updated rule-provider BanEasyPrivacy URL to https://cdn.honglin.ac.cn/statically/gh/flinhong/configs/public/rules/BanEasyPrivacy.yaml
[2026-09-08 01:01:02] [INFO] Downloading: https://raw.githubusercontent.com/ACL4SSR/ACL4SSR/refs/heads/master/Clash/GoogleCN.list
[2026-09-08 01:01:02] [INFO] Downloaded rule-provider GoogleCN -> ./public/rules/GoogleCN.yaml
[2026-09-08 01:01:02] [INFO] Updated rule-provider GoogleCN URL to https://cdn.honglin.ac.cn/statically/gh/flinhong/configs/public/rules/GoogleCN.yaml
[2026-09-08 01:01:02] [INFO] Downloading: https://raw.githubusercontent.com/ACL4SSR/ACL4SSR/refs/heads/master/Clash/Ruleset/SteamCN.list
[2026-09-08 01:01:02] [INFO] Downloaded rule-provider SteamCN -> ./public/rules/SteamCN.yaml
[2026-09-08 01:01:02] [INFO] Updated rule-provider SteamCN URL to https://cdn.honglin.ac.cn/statically/gh/flinhong/configs/public/rules/SteamCN.yaml
[2026-09-08 01:01:02] [INFO] Downloading: https://raw.githubusercontent.com/ACL4SSR/ACL4SSR/refs/heads/master/Clash/Microsoft.list
[2026-09-08 01:01:02] [INFO] Downloaded rule-provider Microsoft -> ./public/rules/Microsoft.yaml
[2026-09-08 01:01:02] [INFO] Updated rule-provider Microsoft URL to https://cdn.honglin.ac.cn/statically/gh/flinhong/configs/public/rules/Microsoft.yaml
[2026-09-08 01:01:02] [INFO] Downloading: https://raw.githubusercontent.com/ACL4SSR/ACL4SSR/refs/heads/master/Clash/Apple.list
[2026-09-08 01:01:03] [INFO] Downloaded rule-provider Apple -> ./public/rules/Apple.yaml
[2026-09-08 01:01:03] [INFO] Updated rule-provider Apple URL to https://cdn.honglin.ac.cn/statically/gh/flinhong/configs/public/rules/Apple.yaml
[2026-09-08 01:01:03] [INFO] Downloading: https://raw.githubusercontent.com/ACL4SSR/ACL4SSR/refs/heads/master/Clash/ProxyMedia.list
[2026-09-08 01:01:03] [INFO] Downloaded rule-provider ProxyMedia -> ./public/rules/ProxyMedia.yaml
[2026-09-08 01:01:03] [INFO] Updated rule-provider ProxyMedia URL to https://cdn.honglin.ac.cn/statically/gh/flinhong/configs/public/rules/ProxyMedia.yaml
[2026-09-08 01:01:03] [INFO] Downloading: https://raw.githubusercontent.com/ACL4SSR/ACL4SSR/refs/heads/master/Clash/Telegram.list
[2026-09-08 01:01:03] [INFO] Downloaded rule-provider Telegram -> ./public/rules/Telegram.yaml
[2026-09-08 01:01:03] [INFO] Updated rule-provider Telegram URL to https://cdn.honglin.ac.cn/statically/gh/flinhong/configs/public/rules/Telegram.yaml
[2026-09-08 01:01:03] [INFO] Downloading: https://raw.githubusercontent.com/ACL4SSR/ACL4SSR/refs/heads/master/Clash/ProxyLite.list
[2026-09-08 01:01:03] [INFO] Downloaded rule-provider ProxyLite -> ./public/rules/ProxyLite.yaml
[2026-09-08 01:01:03] [INFO] Updated rule-provider ProxyLite URL to https://cdn.honglin.ac.cn/statically/gh/flinhong/configs/public/rules/ProxyLite.yaml
[2026-09-08 01:01:03] [INFO] Downloading: https://raw.githubusercontent.com/ACL4SSR/ACL4SSR/refs/heads/master/Clash/ChinaDomain.list
[2026-09-08 01:01:03] [INFO] Downloaded rule-provider ChinaDomain -> ./public/rules/ChinaDomain.yaml
[2026-09-08 01:01:03] [INFO] Updated rule-provider ChinaDomain URL to https://cdn.honglin.ac.cn/statically/gh/flinhong/configs/public/rules/ChinaDomain.yaml
[2026-09-08 01:01:03] [INFO] Downloading: https://raw.githubusercontent.com/ACL4SSR/ACL4SSR/refs/heads/master/Clash/ChinaCompanyIp.list
[2026-09-08 01:01:03] [INFO] Downloaded rule-provider ChinaCompanyIp -> ./public/rules/ChinaCompanyIp.yaml
[2026-09-08 01:01:03] [INFO] Updated rule-provider ChinaCompanyIp URL to https://cdn.honglin.ac.cn/statically/gh/flinhong/configs/public/rules/ChinaCompanyIp.yaml
[2026-09-08 01:01:03] [INFO] Fetching extra proxies...
[2026-09-08 01:01:04] [INFO] All date-based sources have today's file available, using today
[2026-09-08 01:01:04] [INFO] Downloading: https://raw.githubusercontent.com/zhangkaiitugithub/passcro/main/speednodes.yaml
[2026-09-08 01:01:04] [INFO] Fetched 11 unique proxies for Load Balancer.
[2026-09-08 01:01:04] [INFO] Downloading: https://node.nodefree.me/2026/09/20260908.yaml
[2026-09-08 01:01:04] [INFO] Downloading: https://static.v2rayshare.net/2026/09/20260908.yaml
[2026-09-08 01:01:04] [INFO] Downloading: https://raw.githubusercontent.com/free18/v2ray/main/c.yaml
[2026-09-08 01:01:05] [WARNING] Filtered proxy 🇷🇺_俄罗斯_31: reality-opts short-id '' missing or invalid
[2026-09-08 01:01:05] [WARNING] Filtered proxy 🇷🇺_俄罗斯_32: reality-opts short-id '' missing or invalid
[2026-09-08 01:01:05] [WARNING] Filtered proxy 🇷🇺_俄罗斯_34: reality-opts short-id '' missing or invalid
[2026-09-08 01:01:05] [WARNING] Filtered proxy 🇷🇺_俄罗斯_35: reality-opts short-id '' missing or invalid
[2026-09-08 01:01:05] [WARNING] Filtered proxy 🇷🇺_俄罗斯_36: reality-opts short-id '' missing or invalid
[2026-09-08 01:01:05] [WARNING] Filtered proxy 🇩🇪_德国_38: reality-opts short-id '' missing or invalid
[2026-09-08 01:01:05] [WARNING] Filtered proxy 🇩🇪_德国_41: reality-opts short-id '' missing or invalid
[2026-09-08 01:01:05] [WARNING] Filtered proxy 🇩🇪_DE_德国_2: reality-opts short-id '' missing or invalid
[2026-09-08 01:01:05] [WARNING] Filtered proxy 🇺🇸_US_美国: reality-opts short-id '' missing or invalid
[2026-09-08 01:01:05] [WARNING] Filtered proxy 🇩🇪_DE_德国_2: reality-opts short-id '' missing or invalid
[2026-09-08 01:01:05] [WARNING] Filtered proxy 🇺🇸_US_美国: reality-opts short-id '' missing or invalid
[2026-09-08 01:01:05] [INFO] Fetched 90 unique proxies for Auto Select.
[2026-09-08 01:01:05] [WARNING] Filtered proxy 🇩🇪_DE_德国_2: reality-opts short-id '' missing or invalid
[2026-09-08 01:01:05] [WARNING] Filtered proxy 🇩🇪_DE_德国_3: reality-opts short-id '' missing or invalid
[2026-09-08 01:01:05] [INFO] Filtered original proxies: 22 remaining
[2026-09-08 01:01:05] [INFO] Successfully wrote config to ./public/subscribe/clash.yml
[2026-09-08 10:30:37] [INFO] Downloading: https://www.ermao.net/sub/clash/ermao.net
[2026-09-08 10:30:37] [INFO] Main subscription fetched and parsed.
[2026-09-08 10:30:37] [INFO] Downloading rule-providers...
[2026-09-08 10:30:37] [INFO] Downloading: https://raw.githubusercontent.com/ACL4SSR/ACL4SSR/refs/heads/master/Clash/LocalAreaNetwork.list
[2026-09-08 10:30:38] [INFO] Downloaded rule-provider LocalAreaNetwork -> ./public/rules/LocalAreaNetwork.yaml
[2026-09-08 10:30:38] [INFO] Updated rule-provider LocalAreaNetwork URL to https://cdn.honglin.ac.cn/statically/gh/flinhong/configs/public/rules/LocalAreaNetwork.yaml
[2026-09-08 10:30:38] [INFO] Downloading: https://raw.githubusercontent.com/ACL4SSR/ACL4SSR/refs/heads/master/Clash/BanAD.list
[2026-09-08 10:30:38] [INFO] Downloaded rule-provider BanAD -> ./public/rules/BanAD.yaml
[2026-09-08 10:30:38] [INFO] Updated rule-provider BanAD URL to https://cdn.honglin.ac.cn/statically/gh/flinhong/configs/public/rules/BanAD.yaml
[2026-09-08 10:30:38] [INFO] Downloading: https://raw.githubusercontent.com/ACL4SSR/ACL4SSR/refs/heads/master/Clash/BanProgramAD.list
[2026-09-08 10:30:38] [INFO] Downloaded rule-provider BanProgramAD -> ./public/rules/BanProgramAD.yaml
[2026-09-08 10:30:38] [INFO] Updated rule-provider BanProgramAD URL to https://cdn.honglin.ac.cn/statically/gh/flinhong/configs/public/rules/BanProgramAD.yaml
[2026-09-08 10:30:38] [INFO] Downloading: https://raw.githubusercontent.com/ACL4SSR/ACL4SSR/refs/heads/master/Clash/BanEasyList.list
[2026-09-08 10:30:38] [INFO] Downloaded rule-provider BanEasyList -> ./public/rules/BanEasyList.yaml
[2026-09-08 10:30:38] [INFO] Updated rule-provider BanEasyList URL to https://cdn.honglin.ac.cn/statically/gh/flinhong/configs/public/rules/BanEasyList.yaml
[2026-09-08 10:30:38] [INFO] Downloading: https://raw.githubusercontent.com/ACL4SSR/ACL4SSR/refs/heads/master/Clash/BanEasyListChina.list
[2026-09-08 10:30:38] [INFO] Downloaded rule-provider BanEasyListChina -> ./public/rules/BanEasyListChina.yaml
[2026-09-08 10:30:38] [INFO] Updated rule-provider BanEasyListChina URL to https://cdn.honglin.ac.cn/statically/gh/flinhong/configs/public/rules/BanEasyListChina.yaml
[2026-09-08 10:30:38] [INFO] Downloading: https://raw.githubusercontent.com/ACL4SSR/ACL4SSR/refs/heads/master/Clash/BanEasyPrivacy.list
[2026-09-08 10:30:38] [INFO] Downloaded rule-provider BanEasyPrivacy -> ./public/rules/BanEasyPrivacy.yaml
[2026-09-08 10:30:38] [INFO] Updated rule-provider BanEasyPrivacy URL to https://cdn.honglin.ac.cn/statically/gh/flinhong/configs/public/rules/BanEasyPrivacy.yaml
[2026-09-08 10:30:38] [INFO] Downloading: https://raw.githubusercontent.com/ACL4SSR/ACL4SSR/refs/heads/master/Clash/GoogleCN.list
[2026-09-08 10:30:38] [INFO] Downloaded rule-provider GoogleCN -> ./public/rules/GoogleCN.yaml
[2026-09-08 10:30:38] [INFO] Updated rule-provider GoogleCN URL to https://cdn.honglin.ac.cn/statically/gh/flinhong/configs/public/rules/GoogleCN.yaml
[2026-09-08 10:30:38] [INFO] Downloading: https://raw.githubusercontent.com/ACL4SSR/ACL4SSR/refs/heads/master/Clash/Ruleset/SteamCN.list
[2026-09-08 10:30:38] [INFO] Downloaded rule-provider SteamCN -> ./public/rules/SteamCN.yaml
[2026-09-08 10:30:38] [INFO] Updated rule-provider SteamCN URL to https://cdn.honglin.ac.cn/statically/gh/flinhong/configs/public/rules/SteamCN.yaml
[2026-09-08 10:30:38] [INFO] Downloading: https://raw.githubusercontent.com/ACL4SSR/ACL4SSR/refs/heads/master/Clash/Microsoft.list
[2026-09-08 10:30:39] [INFO] Downloaded rule-provider Microsoft -> ./public/rules/Microsoft.yaml
[2026-09-08 10:30:39] [INFO] Updated rule-provider Microsoft URL to https://cdn.honglin.ac.cn/statically/gh/flinhong/configs/public/rules/Microsoft.yaml
[2026-09-08 10:30:39] [INFO] Downloading: https://raw.githubusercontent.com/ACL4SSR/ACL4SSR/refs/heads/master/Clash/Apple.list
[2026-09-08 10:30:39] [INFO] Downloaded rule-provider Apple -> ./public/rules/Apple.yaml
[2026-09-08 10:30:39] [INFO] Updated rule-provider Apple URL to https://cdn.honglin.ac.cn/statically/gh/flinhong/configs/public/rules/Apple.yaml
[2026-09-08 10:30:39] [INFO] Downloading: https://raw.githubusercontent.com/ACL4SSR/ACL4SSR/refs/heads/master/Clash/ProxyMedia.list
[2026-09-08 10:30:39] [INFO] Downloaded rule-provider ProxyMedia -> ./public/rules/ProxyMedia.yaml
[2026-09-08 10:30:39] [INFO] Updated rule-provider ProxyMedia URL to https://cdn.honglin.ac.cn/statically/gh/flinhong/configs/public/rules/ProxyMedia.yaml
[2026-09-08 10:30:39] [INFO] Downloading: https://raw.githubusercontent.com/ACL4SSR/ACL4SSR/refs/heads/master/Clash/Telegram.list
[2026-09-08 10:30:39] [INFO] Downloaded rule-provider Telegram -> ./public/rules/Telegram.yaml
[2026-09-08 10:30:39] [INFO] Updated rule-provider Telegram URL to https://cdn.honglin.ac.cn/statically/gh/flinhong/configs/public/rules/Telegram.yaml
[2026-09-08 10:30:39] [INFO] Downloading: https://raw.githubusercontent.com/ACL4SSR/ACL4SSR/refs/heads/master/Clash/ProxyLite.list
[2026-09-08 10:30:39] [INFO] Downloaded rule-provider ProxyLite -> ./public/rules/ProxyLite.yaml
[2026-09-08 10:30:39] [INFO] Updated rule-provider ProxyLite URL to https://cdn.honglin.ac.cn/statically/gh/flinhong/configs/public/rules/ProxyLite.yaml
[2026-09-08 10:30:39] [INFO] Downloading: https://raw.githubusercontent.com/ACL4SSR/ACL4SSR/refs/heads/master/Clash/ChinaDomain.list
[2026-09-08 10:30:39] [INFO] Downloaded rule-provider ChinaDomain -> ./public/rules/ChinaDomain.yaml
[2026-09-08 10:30:39] [INFO] Updated rule-provider ChinaDomain URL to https://cdn.honglin.ac.cn/statically/gh/flinhong/configs/public/rules/ChinaDomain.yaml
[2026-09-08 10:30:39] [INFO] Downloading: https://raw.githubusercontent.com/ACL4SSR/ACL4SSR/refs/heads/master/Clash/ChinaCompanyIp.list
[2026-09-08 10:30:40] [INFO] Downloaded rule-provider ChinaCompanyIp -> ./public/rules/ChinaCompanyIp.yaml
[2026-09-08 10:30:40] [INFO] Updated rule-provider ChinaCompanyIp URL to https://cdn.honglin.ac.cn/statically/gh/flinhong/configs/public/rules/ChinaCompanyIp.yaml
[2026-09-08 10:30:40] [INFO] Fetching extra proxies...
[2026-09-08 10:30:40] [INFO] All date-based sources have today's file available, using today
[2026-09-08 10:30:40] [INFO] Downloading: https://raw.githubusercontent.com/zhangkaiitugithub/passcro/main/speednodes.yaml
[2026-09-08 10:30:40] [INFO] Fetched 11 unique proxies for Load Balancer.
[2026-09-08 10:30:40] [INFO] Downloading: https://node.nodefree.me/2026/09/20260908.yaml
[2026-09-08 10:30:40] [INFO] Downloading: https://static.v2rayshare.net/2026/09/20260908.yaml
[2026-09-08 10:30:40] [INFO] Downloading: https://raw.githubusercontent.com/free18/v2ray/main/c.yaml
[2026-09-08 10:30:41] [WARNING] Filtered proxy 🇷🇺_俄罗斯_31: reality-opts short-id '' missing or invalid
[2026-09-08 10:30:41] [WARNING] Filtered proxy 🇷🇺_俄罗斯_32: reality-opts short-id '' missing or invalid
[2026-09-08 10:30:41] [WARNING] Filtered proxy 🇷🇺_俄罗斯_34: reality-opts short-id '' missing or invalid
[2026-09-08 10:30:41] [WARNING] Filtered proxy 🇷🇺_俄罗斯_35: reality-opts short-id '' missing or invalid
[2026-09-08 10:30:41] [WARNING] Filtered proxy 🇷🇺_俄罗斯_36: reality-opts short-id '' missing or invalid
[2026-09-08 10:30:41] [WARNING] Filtered proxy 🇩🇪_德国_38: reality-opts short-id '' missing or invalid
[2026-09-08 10:30:41] [WARNING] Filtered proxy 🇩🇪_德国_41: reality-opts short-id '' missing or invalid
[2026-09-08 10:30:41] [WARNING] Filtered proxy 🇩🇪_DE_德国_2: reality-opts short-id '' missing or invalid
[2026-09-08 10:30:41] [WARNING] Filtered proxy 🇺🇸_US_美国: reality-opts short-id '' missing or invalid
[2026-09-08 10:30:41] [WARNING] Filtered proxy 🇩🇪_DE_德国_2: reality-opts short-id '' missing or invalid
[2026-09-08 10:30:41] [WARNING] Filtered proxy 🇺🇸_US_美国: reality-opts short-id '' missing or invalid
[2026-09-08 10:30:41] [INFO] Fetched 90 unique proxies for Auto Select.
[2026-09-08 10:30:41] [WARNING] Filtered proxy 🇩🇪_DE_德国: reality-opts short-id '' missing or invalid
[2026-09-08 10:30:41] [WARNING] Filtered proxy 🇩🇪_DE_德国_1: reality-opts short-id '' missing or invalid
[2026-09-08 10:30:41] [WARNING] Filtered proxy 🇺🇸_US_美国->🇯🇵_JP_日本: reality-opts short-id '' missing or invalid
[2026-09-08 10:30:41] [WARNING] Filtered proxy 🇹🇼_TW_中国台湾->🇫🇮_FI_芬兰: reality-opts short-id '' missing or invalid
[2026-09-08 10:30:41] [WARNING] Filtered proxy 🇬🇧GB_2|3.4MB/s: reality-opts short-id '' missing or invalid
[2026-09-08 10:30:41] [WARNING] Filtered proxy 🇬🇧GB_7|2.3MB/s: reality-opts short-id '' missing or invalid
[2026-09-08 10:30:41] [WARNING] Filtered proxy 🇬🇧GB_8|2.4MB/s: reality-opts short-id '' missing or invalid
[2026-09-08 10:30:41] [WARNING] Filtered proxy 🇬🇧GB_9|3.4MB/s: reality-opts short-id '' missing or invalid
[2026-09-08 10:30:41] [WARNING] Filtered proxy 🇬🇧GB_10|3.9MB/s: reality-opts short-id '' missing or invalid
[2026-09-08 10:30:41] [WARNING] Filtered proxy 🇬🇧GB_11|3.6MB/s: reality-opts short-id '' missing or invalid
[2026-09-08 10:30:41] [WARNING] Filtered proxy 🇬🇧GB_12|4.0MB/s: reality-opts short-id '' missing or invalid
[2026-09-08 10:30:41] [WARNING] Filtered proxy 🇬🇧GB_15|3.2MB/s: reality-opts short-id '' missing or invalid
[2026-09-08 10:30:41] [WARNING] Filtered proxy 🇬🇧GB_16|3.0MB/s: reality-opts short-id '' missing or invalid
[2026-09-08 10:30:41] [WARNING] Filtered proxy 🇩🇪 德国 | DEU 4: reality-opts short-id '' missing or invalid
[2026-09-08 10:30:41] [WARNING] Filtered proxy 🇫🇷 法国 | FRA 12: reality-opts short-id '' missing or invalid
[2026-09-08 10:30:41] [INFO] Filtered original proxies: 455 remaining
[2026-09-08 10:30:41] [INFO] Successfully wrote config to ./public/subscribe/clash.yml
[2026-09-08 23:48:07] [INFO] Downloading: https://www.ermao.net/sub/clash/ermao.net
[2026-09-08 23:48:08] [INFO] Main subscription fetched and parsed.
[2026-09-08 23:48:08] [INFO] Downloading rule-providers...
[2026-09-08 23:48:08] [INFO] Downloading: https://raw.githubusercontent.com/ACL4SSR/ACL4SSR/refs/heads/master/Clash/LocalAreaNetwork.list
[2026-09-08 23:48:08] [INFO] Downloaded rule-provider LocalAreaNetwork -> ./public/rules/LocalAreaNetwork.yaml
[2026-09-08 23:48:08] [INFO] Updated rule-provider LocalAreaNetwork URL to https://cdn.honglin.ac.cn/statically/gh/flinhong/configs/public/rules/LocalAreaNetwork.yaml
[2026-09-08 23:48:08] [INFO] Downloading: https://raw.githubusercontent.com/ACL4SSR/ACL4SSR/refs/heads/master/Clash/BanAD.list
[2026-09-08 23:48:08] [INFO] Downloaded rule-provider BanAD -> ./public/rules/BanAD.yaml
[2026-09-08 23:48:08] [INFO] Updated rule-provider BanAD URL to https://cdn.honglin.ac.cn/statically/gh/flinhong/configs/public/rules/BanAD.yaml
[2026-09-08 23:48:08] [INFO] Downloading: https://raw.githubusercontent.com/ACL4SSR/ACL4SSR/refs/heads/master/Clash/BanProgramAD.list
[2026-09-08 23:48:08] [INFO] Downloaded rule-provider BanProgramAD -> ./public/rules/BanProgramAD.yaml
[2026-09-08 23:48:08] [INFO] Updated rule-provider BanProgramAD URL to https://cdn.honglin.ac.cn/statically/gh/flinhong/configs/public/rules/BanProgramAD.yaml
[2026-09-08 23:48:08] [INFO] Downloading: https://raw.githubusercontent.com/ACL4SSR/ACL4SSR/refs/heads/master/Clash/BanEasyList.list
[2026-09-08 23:48:08] [INFO] Downloaded rule-provider BanEasyList -> ./public/rules/BanEasyList.yaml
[2026-09-08 23:48:08] [INFO] Updated rule-provider BanEasyList URL to https://cdn.honglin.ac.cn/statically/gh/flinhong/configs/public/rules/BanEasyList.yaml
[2026-09-08 23:48:08] [INFO] Downloading: https://raw.githubusercontent.com/ACL4SSR/ACL4SSR/refs/heads/master/Clash/BanEasyListChina.list
[2026-09-08 23:48:09] [INFO] Downloaded rule-provider BanEasyListChina -> ./public/rules/BanEasyListChina.yaml
[2026-09-08 23:48:09] [INFO] Updated rule-provider BanEasyListChina URL to https://cdn.honglin.ac.cn/statically/gh/flinhong/configs/public/rules/BanEasyListChina.yaml
[2026-09-08 23:48:09] [INFO] Downloading: https://raw.githubusercontent.com/ACL4SSR/ACL4SSR/refs/heads/master/Clash/BanEasyPrivacy.list
[2026-09-08 23:48:09] [INFO] Downloaded rule-provider BanEasyPrivacy -> ./public/rules/BanEasyPrivacy.yaml
[2026-09-08 23:48:09] [INFO] Updated rule-provider BanEasyPrivacy URL to https://cdn.honglin.ac.cn/statically/gh/flinhong/configs/public/rules/BanEasyPrivacy.yaml
[2026-09-08 23:48:09] [INFO] Downloading: https://raw.githubusercontent.com/ACL4SSR/ACL4SSR/refs/heads/master/Clash/GoogleCN.list
[2026-09-08 23:48:10] [INFO] Downloaded rule-provider GoogleCN -> ./public/rules/GoogleCN.yaml
[2026-09-08 23:48:10] [INFO] Updated rule-provider GoogleCN URL to https://cdn.honglin.ac.cn/statically/gh/flinhong/configs/public/rules/GoogleCN.yaml
[2026-09-08 23:48:10] [INFO] Downloading: https://raw.githubusercontent.com/ACL4SSR/ACL4SSR/refs/heads/master/Clash/Ruleset/SteamCN.list
[2026-09-08 23:48:10] [INFO] Downloaded rule-provider SteamCN -> ./public/rules/SteamCN.yaml
[2026-09-08 23:48:10] [INFO] Updated rule-provider SteamCN URL to https://cdn.honglin.ac.cn/statically/gh/flinhong/configs/public/rules/SteamCN.yaml
[2026-09-08 23:48:10] [INFO] Downloading: https://raw.githubusercontent.com/ACL4SSR/ACL4SSR/refs/heads/master/Clash/Microsoft.list
[2026-09-08 23:48:10] [INFO] Downloaded rule-provider Microsoft -> ./public/rules/Microsoft.yaml
[2026-09-08 23:48:10] [INFO] Updated rule-provider Microsoft URL to https://cdn.honglin.ac.cn/statically/gh/flinhong/configs/public/rules/Microsoft.yaml
[2026-09-08 23:48:10] [INFO] Downloading: https://raw.githubusercontent.com/ACL4SSR/ACL4SSR/refs/heads/master/Clash/Apple.list
[2026-09-08 23:48:10] [INFO] Downloaded rule-provider Apple -> ./public/rules/Apple.yaml
[2026-09-08 23:48:10] [INFO] Updated rule-provider Apple URL to https://cdn.honglin.ac.cn/statically/gh/flinhong/configs/public/rules/Apple.yaml
[2026-09-08 23:48:10] [INFO] Downloading: https://raw.githubusercontent.com/ACL4SSR/ACL4SSR/refs/heads/master/Clash/ProxyMedia.list
[2026-09-08 23:48:10] [INFO] Downloaded rule-provider ProxyMedia -> ./public/rules/ProxyMedia.yaml
[2026-09-08 23:48:10] [INFO] Updated rule-provider ProxyMedia URL to https://cdn.honglin.ac.cn/statically/gh/flinhong/configs/public/rules/ProxyMedia.yaml
[2026-09-08 23:48:10] [INFO] Downloading: https://raw.githubusercontent.com/ACL4SSR/ACL4SSR/refs/heads/master/Clash/Telegram.list
[2026-09-08 23:48:10] [INFO] Downloaded rule-provider Telegram -> ./public/rules/Telegram.yaml
[2026-09-08 23:48:10] [INFO] Updated rule-provider Telegram URL to https://cdn.honglin.ac.cn/statically/gh/flinhong/configs/public/rules/Telegram.yaml
[2026-09-08 23:48:10] [INFO] Downloading: https://raw.githubusercontent.com/ACL4SSR/ACL4SSR/refs/heads/master/Clash/ProxyLite.list
[2026-09-08 23:48:10] [INFO] Downloaded rule-provider ProxyLite -> ./public/rules/ProxyLite.yaml
[2026-09-08 23:48:10] [INFO] Updated rule-provider ProxyLite URL to https://cdn.honglin.ac.cn/statically/gh/flinhong/configs/public/rules/ProxyLite.yaml
[2026-09-08 23:48:10] [INFO] Downloading: https://raw.githubusercontent.com/ACL4SSR/ACL4SSR/refs/heads/master/Clash/ChinaDomain.list
[2026-09-08 23:48:11] [INFO] Downloaded rule-provider ChinaDomain -> ./public/rules/ChinaDomain.yaml
[2026-09-08 23:48:11] [INFO] Updated rule-provider ChinaDomain URL to https://cdn.honglin.ac.cn/statically/gh/flinhong/configs/public/rules/ChinaDomain.yaml
[2026-09-08 23:48:11] [INFO] Downloading: https://raw.githubusercontent.com/ACL4SSR/ACL4SSR/refs/heads/master/Clash/ChinaCompanyIp.list
[2026-09-08 23:48:11] [INFO] Downloaded rule-provider ChinaCompanyIp -> ./public/rules/ChinaCompanyIp.yaml
[2026-09-08 23:48:11] [INFO] Updated rule-provider ChinaCompanyIp URL to https://cdn.honglin.ac.cn/statically/gh/flinhong/configs/public/rules/ChinaCompanyIp.yaml
[2026-09-08 23:48:11] [INFO] Fetching extra proxies...
[2026-09-08 23:48:11] [INFO] All date-based sources have today's file available, using today
[2026-09-08 23:48:11] [INFO] Downloading: https://raw.githubusercontent.com/zhangkaiitugithub/passcro/main/speednodes.yaml
[2026-09-08 23:48:11] [INFO] Fetched 11 unique proxies for Load Balancer.
[2026-09-08 23:48:11] [INFO] Downloading: https://node.nodefree.me/2026/09/20260908.yaml
[2026-09-08 23:48:11] [INFO] Downloading: https://static.v2rayshare.net/2026/09/20260908.yaml
[2026-09-08 23:48:11] [INFO] Downloading: https://raw.githubusercontent.com/free18/v2ray/main/c.yaml
[2026-09-08 23:48:12] [WARNING] Filtered proxy 每天更新，请加电报群防止失联: reality-opts short-id '' missing or invalid
[2026-09-08 23:48:12] [WARNING] Filtered proxy 电报群：https://t.me/vvkj11: reality-opts short-id '' missing or invalid
[2026-09-08 23:48:12] [WARNING] Filtered proxy 日期：09-08: reality-opts short-id '' missing or invalid
[2026-09-08 23:48:12] [WARNING] Filtered proxy 🇹🇼_台湾_5: reality-opts short-id '' missing or invalid
[2026-09-08 23:48:12] [WARNING] Filtered proxy 🇺🇸_美国_6: reality-opts short-id '' missing or invalid
[2026-09-08 23:48:12] [WARNING] Filtered proxy 🇺🇸_美国_11: reality-opts short-id '' missing or invalid
[2026-09-08 23:48:12] [WARNING] Filtered proxy 🇺🇸_美国_20: reality-opts short-id '' missing or invalid
[2026-09-08 23:48:12] [WARNING] Filtered proxy 🇩🇪_德国_21: reality-opts short-id '' missing or invalid
[2026-09-08 23:48:12] [WARNING] Filtered proxy 🇩🇪_德国_29: reality-opts short-id '' missing or invalid
[2026-09-08 23:48:12] [WARNING] Filtered proxy 🇹🇼_台湾_30: reality-opts short-id '' missing or invalid
[2026-09-08 23:48:12] [WARNING] Filtered proxy 🇩🇪_DE_德国_2: reality-opts short-id '' missing or invalid
[2026-09-08 23:48:12] [WARNING] Filtered proxy 🇺🇸_US_美国: reality-opts short-id '' missing or invalid
[2026-09-08 23:48:12] [WARNING] Filtered proxy 🇩🇪_DE_德国_2: reality-opts short-id '' missing or invalid
[2026-09-08 23:48:12] [WARNING] Filtered proxy 🇺🇸_US_美国: reality-opts short-id '' missing or invalid
[2026-09-08 23:48:12] [INFO] Fetched 73 unique proxies for Auto Select.
[2026-09-08 23:48:12] [WARNING] Filtered proxy 🇹🇼_TW_中国台湾->🇫🇮_FI_芬兰: reality-opts short-id '' missing or invalid
[2026-09-08 23:48:12] [WARNING] Filtered proxy 🇺🇸_US_美国->🇯🇵_JP_日本: reality-opts short-id '' missing or invalid
[2026-09-08 23:48:12] [WARNING] Filtered proxy 🇩🇪_DE_德国_1: reality-opts short-id '' missing or invalid
[2026-09-08 23:48:12] [WARNING] Filtered proxy 🇩🇪_DE_德国_2: reality-opts short-id '' missing or invalid
[2026-09-08 23:48:12] [WARNING] Filtered proxy 🇺🇸_US_美国->🇯🇵_JP_日本_1: reality-opts short-id '' missing or invalid
[2026-09-08 23:48:12] [WARNING] Filtered proxy 🇮🇹 意大利 | ITA: reality-opts short-id '' missing or invalid
[2026-09-08 23:48:12] [WARNING] Filtered proxy 🇯🇵 日本 | JPN 2: reality-opts short-id '' missing or invalid
[2026-09-08 23:48:12] [INFO] Filtered original proxies: 413 remaining
[2026-09-08 23:48:12] [INFO] Successfully wrote config to ./public/subscribe/clash.yml
[2026-09-09 10:32:11] [INFO] Downloading: https://www.ermao.net/sub/clash/ermao.net
[2026-09-09 10:32:12] [INFO] Main subscription fetched and parsed.
[2026-09-09 10:32:12] [INFO] Downloading rule-providers...
[2026-09-09 10:32:12] [INFO] Downloading: https://raw.githubusercontent.com/ACL4SSR/ACL4SSR/refs/heads/master/Clash/LocalAreaNetwork.list
[2026-09-09 10:32:13] [INFO] Downloaded rule-provider LocalAreaNetwork -> ./public/rules/LocalAreaNetwork.yaml
[2026-09-09 10:32:13] [INFO] Updated rule-provider LocalAreaNetwork URL to https://cdn.honglin.ac.cn/statically/gh/flinhong/configs/public/rules/LocalAreaNetwork.yaml
[2026-09-09 10:32:13] [INFO] Downloading: https://raw.githubusercontent.com/ACL4SSR/ACL4SSR/refs/heads/master/Clash/BanAD.list
[2026-09-09 10:32:13] [INFO] Downloaded rule-provider BanAD -> ./public/rules/BanAD.yaml
[2026-09-09 10:32:13] [INFO] Updated rule-provider BanAD URL to https://cdn.honglin.ac.cn/statically/gh/flinhong/configs/public/rules/BanAD.yaml
[2026-09-09 10:32:13] [INFO] Downloading: https://raw.githubusercontent.com/ACL4SSR/ACL4SSR/refs/heads/master/Clash/BanProgramAD.list
[2026-09-09 10:32:13] [INFO] Downloaded rule-provider BanProgramAD -> ./public/rules/BanProgramAD.yaml
[2026-09-09 10:32:13] [INFO] Updated rule-provider BanProgramAD URL to https://cdn.honglin.ac.cn/statically/gh/flinhong/configs/public/rules/BanProgramAD.yaml
[2026-09-09 10:32:13] [INFO] Downloading: https://raw.githubusercontent.com/ACL4SSR/ACL4SSR/refs/heads/master/Clash/BanEasyList.list
[2026-09-09 10:32:14] [INFO] Downloaded rule-provider BanEasyList -> ./public/rules/BanEasyList.yaml
[2026-09-09 10:32:14] [INFO] Updated rule-provider BanEasyList URL to https://cdn.honglin.ac.cn/statically/gh/flinhong/configs/public/rules/BanEasyList.yaml
[2026-09-09 10:32:14] [INFO] Downloading: https://raw.githubusercontent.com/ACL4SSR/ACL4SSR/refs/heads/master/Clash/BanEasyListChina.list
[2026-09-09 10:32:14] [INFO] Downloaded rule-provider BanEasyListChina -> ./public/rules/BanEasyListChina.yaml
[2026-09-09 10:32:14] [INFO] Updated rule-provider BanEasyListChina URL to https://cdn.honglin.ac.cn/statically/gh/flinhong/configs/public/rules/BanEasyListChina.yaml
[2026-09-09 10:32:14] [INFO] Downloading: https://raw.githubusercontent.com/ACL4SSR/ACL4SSR/refs/heads/master/Clash/BanEasyPrivacy.list
[2026-09-09 10:32:14] [INFO] Downloaded rule-provider BanEasyPrivacy -> ./public/rules/BanEasyPrivacy.yaml
[2026-09-09 10:32:14] [INFO] Updated rule-provider BanEasyPrivacy URL to https://cdn.honglin.ac.cn/statically/gh/flinhong/configs/public/rules/BanEasyPrivacy.yaml
[2026-09-09 10:32:14] [INFO] Downloading: https://raw.githubusercontent.com/ACL4SSR/ACL4SSR/refs/heads/master/Clash/GoogleCN.list
[2026-09-09 10:32:14] [INFO] Downloaded rule-provider GoogleCN -> ./public/rules/GoogleCN.yaml
[2026-09-09 10:32:14] [INFO] Updated rule-provider GoogleCN URL to https://cdn.honglin.ac.cn/statically/gh/flinhong/configs/public/rules/GoogleCN.yaml
[2026-09-09 10:32:14] [INFO] Downloading: https://raw.githubusercontent.com/ACL4SSR/ACL4SSR/refs/heads/master/Clash/Ruleset/SteamCN.list
[2026-09-09 10:32:15] [INFO] Downloaded rule-provider SteamCN -> ./public/rules/SteamCN.yaml
[2026-09-09 10:32:15] [INFO] Updated rule-provider SteamCN URL to https://cdn.honglin.ac.cn/statically/gh/flinhong/configs/public/rules/SteamCN.yaml
[2026-09-09 10:32:15] [INFO] Downloading: https://raw.githubusercontent.com/ACL4SSR/ACL4SSR/refs/heads/master/Clash/Microsoft.list
[2026-09-09 10:32:15] [INFO] Downloaded rule-provider Microsoft -> ./public/rules/Microsoft.yaml
[2026-09-09 10:32:15] [INFO] Updated rule-provider Microsoft URL to https://cdn.honglin.ac.cn/statically/gh/flinhong/configs/public/rules/Microsoft.yaml
[2026-09-09 10:32:15] [INFO] Downloading: https://raw.githubusercontent.com/ACL4SSR/ACL4SSR/refs/heads/master/Clash/Apple.list
[2026-09-09 10:32:15] [INFO] Downloaded rule-provider Apple -> ./public/rules/Apple.yaml
[2026-09-09 10:32:15] [INFO] Updated rule-provider Apple URL to https://cdn.honglin.ac.cn/statically/gh/flinhong/configs/public/rules/Apple.yaml
[2026-09-09 10:32:15] [INFO] Downloading: https://raw.githubusercontent.com/ACL4SSR/ACL4SSR/refs/heads/master/Clash/ProxyMedia.list
[2026-09-09 10:32:15] [INFO] Downloaded rule-provider ProxyMedia -> ./public/rules/ProxyMedia.yaml
[2026-09-09 10:32:15] [INFO] Updated rule-provider ProxyMedia URL to https://cdn.honglin.ac.cn/statically/gh/flinhong/configs/public/rules/ProxyMedia.yaml
[2026-09-09 10:32:15] [INFO] Downloading: https://raw.githubusercontent.com/ACL4SSR/ACL4SSR/refs/heads/master/Clash/Telegram.list
[2026-09-09 10:32:15] [INFO] Downloaded rule-provider Telegram -> ./public/rules/Telegram.yaml
[2026-09-09 10:32:15] [INFO] Updated rule-provider Telegram URL to https://cdn.honglin.ac.cn/statically/gh/flinhong/configs/public/rules/Telegram.yaml
[2026-09-09 10:32:15] [INFO] Downloading: https://raw.githubusercontent.com/ACL4SSR/ACL4SSR/refs/heads/master/Clash/ProxyLite.list
[2026-09-09 10:32:16] [INFO] Downloaded rule-provider ProxyLite -> ./public/rules/ProxyLite.yaml
[2026-09-09 10:32:16] [INFO] Updated rule-provider ProxyLite URL to https://cdn.honglin.ac.cn/statically/gh/flinhong/configs/public/rules/ProxyLite.yaml
[2026-09-09 10:32:16] [INFO] Downloading: https://raw.githubusercontent.com/ACL4SSR/ACL4SSR/refs/heads/master/Clash/ChinaDomain.list
[2026-09-09 10:32:16] [INFO] Downloaded rule-provider ChinaDomain -> ./public/rules/ChinaDomain.yaml
[2026-09-09 10:32:16] [INFO] Updated rule-provider ChinaDomain URL to https://cdn.honglin.ac.cn/statically/gh/flinhong/configs/public/rules/ChinaDomain.yaml
[2026-09-09 10:32:16] [INFO] Downloading: https://raw.githubusercontent.com/ACL4SSR/ACL4SSR/refs/heads/master/Clash/ChinaCompanyIp.list
[2026-09-09 10:32:16] [INFO] Downloaded rule-provider ChinaCompanyIp -> ./public/rules/ChinaCompanyIp.yaml
[2026-09-09 10:32:16] [INFO] Updated rule-provider ChinaCompanyIp URL to https://cdn.honglin.ac.cn/statically/gh/flinhong/configs/public/rules/ChinaCompanyIp.yaml
[2026-09-09 10:32:16] [INFO] Fetching extra proxies...
[2026-09-09 10:32:17] [INFO] All date-based sources have today's file available, using today
[2026-09-09 10:32:17] [INFO] Downloading: https://raw.githubusercontent.com/zhangkaiitugithub/passcro/main/speednodes.yaml
[2026-09-09 10:32:17] [INFO] Fetched 11 unique proxies for Load Balancer.
[2026-09-09 10:32:17] [INFO] Downloading: https://node.nodefree.me/2026/09/20260909.yaml
[2026-09-09 10:32:17] [INFO] Downloading: https://static.v2rayshare.net/2026/09/20260909.yaml
[2026-09-09 10:32:17] [INFO] Downloading: https://raw.githubusercontent.com/free18/v2ray/main/c.yaml
[2026-09-09 10:32:17] [WARNING] Filtered proxy 🇩🇪_DE_德国_2: reality-opts short-id '' missing or invalid
[2026-09-09 10:32:17] [WARNING] Filtered proxy 🇺🇸_US_美国: reality-opts short-id '' missing or invalid
[2026-09-09 10:32:17] [WARNING] Filtered proxy 🇩🇪_DE_德国_2: reality-opts short-id '' missing or invalid
[2026-09-09 10:32:17] [WARNING] Filtered proxy 🇺🇸_US_美国: reality-opts short-id '' missing or invalid
[2026-09-09 10:32:18] [WARNING] Filtered proxy 每天更新，请加电报群防止失联: reality-opts short-id '' missing or invalid
[2026-09-09 10:32:18] [WARNING] Filtered proxy 电报群：https://t.me/vvkj11: reality-opts short-id '' missing or invalid
[2026-09-09 10:32:18] [WARNING] Filtered proxy 日期：09-08: reality-opts short-id '' missing or invalid
[2026-09-09 10:32:18] [WARNING] Filtered proxy 🇹🇼_台湾_5: reality-opts short-id '' missing or invalid
[2026-09-09 10:32:18] [WARNING] Filtered proxy 🇺🇸_美国_6: reality-opts short-id '' missing or invalid
[2026-09-09 10:32:18] [WARNING] Filtered proxy 🇺🇸_美国_11: reality-opts short-id '' missing or invalid
[2026-09-09 10:32:18] [WARNING] Filtered proxy 🇺🇸_美国_20: reality-opts short-id '' missing or invalid
[2026-09-09 10:32:18] [WARNING] Filtered proxy 🇩🇪_德国_21: reality-opts short-id '' missing or invalid
[2026-09-09 10:32:18] [WARNING] Filtered proxy 🇩🇪_德国_29: reality-opts short-id '' missing or invalid
[2026-09-09 10:32:18] [WARNING] Filtered proxy 🇹🇼_台湾_30: reality-opts short-id '' missing or invalid
[2026-09-09 10:32:18] [INFO] Fetched 73 unique proxies for Auto Select.
[2026-09-09 10:32:18] [WARNING] Filtered proxy 🇹🇼_TW_中国台湾->🇫🇮_FI_芬兰: reality-opts short-id '' missing or invalid
[2026-09-09 10:32:18] [WARNING] Filtered proxy 🇺🇸_US_美国->🇯🇵_JP_日本: reality-opts short-id '' missing or invalid
[2026-09-09 10:32:18] [WARNING] Filtered proxy 🇩🇪_DE_德国_1: reality-opts short-id '' missing or invalid
[2026-09-09 10:32:18] [WARNING] Filtered proxy 🇩🇪_DE_德国_2: reality-opts short-id '' missing or invalid
[2026-09-09 10:32:18] [WARNING] Filtered proxy 🇺🇸_US_美国->🇯🇵_JP_日本_1: reality-opts short-id '' missing or invalid
[2026-09-09 10:32:18] [WARNING] Filtered proxy 🇮🇹 意大利 | ITA: reality-opts short-id '' missing or invalid
[2026-09-09 10:32:18] [WARNING] Filtered proxy 🇯🇵 日本 | JPN 2: reality-opts short-id '' missing or invalid
[2026-09-09 10:32:18] [INFO] Filtered original proxies: 413 remaining
[2026-09-09 10:32:18] [INFO] Successfully wrote config to ./public/subscribe/clash.yml
[2026-09-09 23:44:08] [INFO] Downloading: https://www.ermao.net/sub/clash/ermao.net
[2026-09-09 23:44:09] [INFO] Main subscription fetched and parsed.
[2026-09-09 23:44:09] [INFO] Downloading rule-providers...
[2026-09-09 23:44:09] [INFO] Downloading: https://raw.githubusercontent.com/ACL4SSR/ACL4SSR/refs/heads/master/Clash/LocalAreaNetwork.list
[2026-09-09 23:44:09] [INFO] Downloaded rule-provider LocalAreaNetwork -> ./public/rules/LocalAreaNetwork.yaml
[2026-09-09 23:44:09] [INFO] Updated rule-provider LocalAreaNetwork URL to https://cdn.honglin.ac.cn/statically/gh/flinhong/configs/public/rules/LocalAreaNetwork.yaml
[2026-09-09 23:44:09] [INFO] Downloading: https://raw.githubusercontent.com/ACL4SSR/ACL4SSR/refs/heads/master/Clash/BanAD.list
[2026-09-09 23:44:09] [INFO] Downloaded rule-provider BanAD -> ./public/rules/BanAD.yaml
[2026-09-09 23:44:09] [INFO] Updated rule-provider BanAD URL to https://cdn.honglin.ac.cn/statically/gh/flinhong/configs/public/rules/BanAD.yaml
[2026-09-09 23:44:09] [INFO] Downloading: https://raw.githubusercontent.com/ACL4SSR/ACL4SSR/refs/heads/master/Clash/BanProgramAD.list
[2026-09-09 23:44:10] [INFO] Downloaded rule-provider BanProgramAD -> ./public/rules/BanProgramAD.yaml
[2026-09-09 23:44:10] [INFO] Updated rule-provider BanProgramAD URL to https://cdn.honglin.ac.cn/statically/gh/flinhong/configs/public/rules/BanProgramAD.yaml
[2026-09-09 23:44:10] [INFO] Downloading: https://raw.githubusercontent.com/ACL4SSR/ACL4SSR/refs/heads/master/Clash/BanEasyList.list
[2026-09-09 23:44:11] [INFO] Downloaded rule-provider BanEasyList -> ./public/rules/BanEasyList.yaml
[2026-09-09 23:44:11] [INFO] Updated rule-provider BanEasyList URL to https://cdn.honglin.ac.cn/statically/gh/flinhong/configs/public/rules/BanEasyList.yaml
[2026-09-09 23:44:11] [INFO] Downloading: https://raw.githubusercontent.com/ACL4SSR/ACL4SSR/refs/heads/master/Clash/BanEasyListChina.list
[2026-09-09 23:44:11] [INFO] Downloaded rule-provider BanEasyListChina -> ./public/rules/BanEasyListChina.yaml
[2026-09-09 23:44:11] [INFO] Updated rule-provider BanEasyListChina URL to https://cdn.honglin.ac.cn/statically/gh/flinhong/configs/public/rules/BanEasyListChina.yaml
[2026-09-09 23:44:11] [INFO] Downloading: https://raw.githubusercontent.com/ACL4SSR/ACL4SSR/refs/heads/master/Clash/BanEasyPrivacy.list
[2026-09-09 23:44:11] [INFO] Downloaded rule-provider BanEasyPrivacy -> ./public/rules/BanEasyPrivacy.yaml
[2026-09-09 23:44:11] [INFO] Updated rule-provider BanEasyPrivacy URL to https://cdn.honglin.ac.cn/statically/gh/flinhong/configs/public/rules/BanEasyPrivacy.yaml
[2026-09-09 23:44:11] [INFO] Downloading: https://raw.githubusercontent.com/ACL4SSR/ACL4SSR/refs/heads/master/Clash/GoogleCN.list
[2026-09-09 23:44:11] [INFO] Downloaded rule-provider GoogleCN -> ./public/rules/GoogleCN.yaml
[2026-09-09 23:44:11] [INFO] Updated rule-provider GoogleCN URL to https://cdn.honglin.ac.cn/statically/gh/flinhong/configs/public/rules/GoogleCN.yaml
[2026-09-09 23:44:11] [INFO] Downloading: https://raw.githubusercontent.com/ACL4SSR/ACL4SSR/refs/heads/master/Clash/Ruleset/SteamCN.list
[2026-09-09 23:44:12] [INFO] Downloaded rule-provider SteamCN -> ./public/rules/SteamCN.yaml
[2026-09-09 23:44:12] [INFO] Updated rule-provider SteamCN URL to https://cdn.honglin.ac.cn/statically/gh/flinhong/configs/public/rules/SteamCN.yaml
[2026-09-09 23:44:12] [INFO] Downloading: https://raw.githubusercontent.com/ACL4SSR/ACL4SSR/refs/heads/master/Clash/Microsoft.list
[2026-09-09 23:44:12] [INFO] Downloaded rule-provider Microsoft -> ./public/rules/Microsoft.yaml
[2026-09-09 23:44:12] [INFO] Updated rule-provider Microsoft URL to https://cdn.honglin.ac.cn/statically/gh/flinhong/configs/public/rules/Microsoft.yaml
[2026-09-09 23:44:12] [INFO] Downloading: https://raw.githubusercontent.com/ACL4SSR/ACL4SSR/refs/heads/master/Clash/Apple.list
[2026-09-09 23:44:12] [INFO] Downloaded rule-provider Apple -> ./public/rules/Apple.yaml
[2026-09-09 23:44:12] [INFO] Updated rule-provider Apple URL to https://cdn.honglin.ac.cn/statically/gh/flinhong/configs/public/rules/Apple.yaml
[2026-09-09 23:44:12] [INFO] Downloading: https://raw.githubusercontent.com/ACL4SSR/ACL4SSR/refs/heads/master/Clash/ProxyMedia.list
[2026-09-09 23:44:12] [INFO] Downloaded rule-provider ProxyMedia -> ./public/rules/ProxyMedia.yaml
[2026-09-09 23:44:12] [INFO] Updated rule-provider ProxyMedia URL to https://cdn.honglin.ac.cn/statically/gh/flinhong/configs/public/rules/ProxyMedia.yaml
[2026-09-09 23:44:12] [INFO] Downloading: https://raw.githubusercontent.com/ACL4SSR/ACL4SSR/refs/heads/master/Clash/Telegram.list
[2026-09-09 23:44:12] [INFO] Downloaded rule-provider Telegram -> ./public/rules/Telegram.yaml
[2026-09-09 23:44:12] [INFO] Updated rule-provider Telegram URL to https://cdn.honglin.ac.cn/statically/gh/flinhong/configs/public/rules/Telegram.yaml
[2026-09-09 23:44:12] [INFO] Downloading: https://raw.githubusercontent.com/ACL4SSR/ACL4SSR/refs/heads/master/Clash/ProxyLite.list
[2026-09-09 23:44:12] [INFO] Downloaded rule-provider ProxyLite -> ./public/rules/ProxyLite.yaml
[2026-09-09 23:44:12] [INFO] Updated rule-provider ProxyLite URL to https://cdn.honglin.ac.cn/statically/gh/flinhong/configs/public/rules/ProxyLite.yaml
[2026-09-09 23:44:12] [INFO] Downloading: https://raw.githubusercontent.com/ACL4SSR/ACL4SSR/refs/heads/master/Clash/ChinaDomain.list
[2026-09-09 23:44:13] [INFO] Downloaded rule-provider ChinaDomain -> ./public/rules/ChinaDomain.yaml
[2026-09-09 23:44:13] [INFO] Updated rule-provider ChinaDomain URL to https://cdn.honglin.ac.cn/statically/gh/flinhong/configs/public/rules/ChinaDomain.yaml
[2026-09-09 23:44:13] [INFO] Downloading: https://raw.githubusercontent.com/ACL4SSR/ACL4SSR/refs/heads/master/Clash/ChinaCompanyIp.list
[2026-09-09 23:44:13] [INFO] Downloaded rule-provider ChinaCompanyIp -> ./public/rules/ChinaCompanyIp.yaml
[2026-09-09 23:44:13] [INFO] Updated rule-provider ChinaCompanyIp URL to https://cdn.honglin.ac.cn/statically/gh/flinhong/configs/public/rules/ChinaCompanyIp.yaml
[2026-09-09 23:44:13] [INFO] Fetching extra proxies...
[2026-09-09 23:44:14] [INFO] All date-based sources have today's file available, using today
[2026-09-09 23:44:14] [INFO] Downloading: https://raw.githubusercontent.com/zhangkaiitugithub/passcro/main/speednodes.yaml
[2026-09-09 23:44:14] [INFO] Fetched 11 unique proxies for Load Balancer.
[2026-09-09 23:44:14] [INFO] Downloading: https://node.nodefree.me/2026/09/20260909.yaml
[2026-09-09 23:44:14] [INFO] Downloading: https://static.v2rayshare.net/2026/09/20260909.yaml
[2026-09-09 23:44:14] [INFO] Downloading: https://raw.githubusercontent.com/free18/v2ray/main/c.yaml
[2026-09-09 23:44:15] [WARNING] Filtered proxy 🇩🇪_DE_德国_2: reality-opts short-id '' missing or invalid
[2026-09-09 23:44:15] [WARNING] Filtered proxy 🇺🇸_US_美国: reality-opts short-id '' missing or invalid
[2026-09-09 23:44:15] [WARNING] Filtered proxy 🇩🇪_DE_德国_2: reality-opts short-id '' missing or invalid
[2026-09-09 23:44:15] [WARNING] Filtered proxy 🇺🇸_US_美国: reality-opts short-id '' missing or invalid
[2026-09-09 23:44:16] [WARNING] Filtered proxy 每天更新，请加电报群防止失联: reality-opts short-id '' missing or invalid
[2026-09-09 23:44:16] [WARNING] Filtered proxy 电报群：https://t.me/vvkj11: reality-opts short-id '' missing or invalid
[2026-09-09 23:44:16] [WARNING] Filtered proxy 🇺🇸_美国_5: reality-opts short-id '' missing or invalid
[2026-09-09 23:44:16] [WARNING] Filtered proxy 🇸🇪_瑞典_8: reality-opts short-id '' missing or invalid
[2026-09-09 23:44:16] [WARNING] Filtered proxy 🇺🇸_美国_12: reality-opts short-id '' missing or invalid
[2026-09-09 23:44:16] [WARNING] Filtered proxy 🇵🇱_波兰_13: reality-opts short-id '' missing or invalid
[2026-09-09 23:44:16] [WARNING] Filtered proxy 🇺🇸_美国_14: reality-opts short-id '' missing or invalid
[2026-09-09 23:44:16] [WARNING] Filtered proxy 🇺🇸_美国_24: reality-opts short-id '' missing or invalid
[2026-09-09 23:44:16] [WARNING] Filtered proxy 🇺🇸_美国_29: reality-opts short-id '' missing or invalid
[2026-09-09 23:44:16] [WARNING] Filtered proxy 🇺🇸_美国_30: reality-opts short-id '' missing or invalid
[2026-09-09 23:44:16] [WARNING] Filtered proxy 🇺🇸_美国_33: reality-opts short-id '' missing or invalid
[2026-09-09 23:44:16] [WARNING] Filtered proxy 🇵🇱_波兰_34: reality-opts short-id '' missing or invalid
[2026-09-09 23:44:16] [WARNING] Filtered proxy 🇺🇸_美国_35: reality-opts short-id '' missing or invalid
[2026-09-09 23:44:16] [WARNING] Filtered proxy 🇺🇸_美国_36: reality-opts short-id '' missing or invalid
[2026-09-09 23:44:16] [WARNING] Filtered proxy 🇩🇪_德国_38: reality-opts short-id '' missing or invalid
[2026-09-09 23:44:16] [WARNING] Filtered proxy 🇺🇸_美国_40: reality-opts short-id '' missing or invalid
[2026-09-09 23:44:16] [INFO] Fetched 71 unique proxies for Auto Select.
[2026-09-09 23:44:16] [WARNING] Filtered proxy 🇹🇼_TW_中国台湾->🇫🇮_FI_芬兰: reality-opts short-id '' missing or invalid
[2026-09-09 23:44:16] [WARNING] Filtered proxy 🇺🇸_US_美国->🇯🇵_JP_日本: reality-opts short-id '' missing or invalid
[2026-09-09 23:44:16] [WARNING] Filtered proxy 🇺🇸_US_美国->🇯🇵_JP_日本_1: reality-opts short-id '' missing or invalid
[2026-09-09 23:44:16] [WARNING] Filtered proxy 🇩🇪_DE_德国: reality-opts short-id '' missing or invalid
[2026-09-09 23:44:16] [WARNING] Filtered proxy 🇩🇪_DE_德国_1: reality-opts short-id '' missing or invalid
[2026-09-09 23:44:16] [WARNING] Filtered proxy 🇺🇸_US_美国->🇯🇵_JP_日本_2: reality-opts short-id '' missing or invalid
[2026-09-09 23:44:16] [WARNING] Filtered proxy 🇩🇪 德国 | DEU 4: reality-opts short-id '' missing or invalid
[2026-09-09 23:44:16] [INFO] Filtered original proxies: 411 remaining
[2026-09-09 23:44:16] [INFO] Successfully wrote config to ./public/subscribe/clash.yml
[2026-09-10 10:33:18] [INFO] Downloading: https://www.ermao.net/sub/clash/ermao.net
[2026-09-10 10:33:19] [INFO] Main subscription fetched and parsed.
[2026-09-10 10:33:19] [INFO] Downloading rule-providers...
[2026-09-10 10:33:19] [INFO] Downloading: https://raw.githubusercontent.com/ACL4SSR/ACL4SSR/refs/heads/master/Clash/LocalAreaNetwork.list
[2026-09-10 10:33:19] [INFO] Downloaded rule-provider LocalAreaNetwork -> ./public/rules/LocalAreaNetwork.yaml
[2026-09-10 10:33:19] [INFO] Updated rule-provider LocalAreaNetwork URL to https://cdn.honglin.ac.cn/statically/gh/flinhong/configs/public/rules/LocalAreaNetwork.yaml
[2026-09-10 10:33:19] [INFO] Downloading: https://raw.githubusercontent.com/ACL4SSR/ACL4SSR/refs/heads/master/Clash/BanAD.list
[2026-09-10 10:33:19] [INFO] Downloaded rule-provider BanAD -> ./public/rules/BanAD.yaml
[2026-09-10 10:33:19] [INFO] Updated rule-provider BanAD URL to https://cdn.honglin.ac.cn/statically/gh/flinhong/configs/public/rules/BanAD.yaml
[2026-09-10 10:33:19] [INFO] Downloading: https://raw.githubusercontent.com/ACL4SSR/ACL4SSR/refs/heads/master/Clash/BanProgramAD.list
[2026-09-10 10:33:19] [INFO] Downloaded rule-provider BanProgramAD -> ./public/rules/BanProgramAD.yaml
[2026-09-10 10:33:19] [INFO] Updated rule-provider BanProgramAD URL to https://cdn.honglin.ac.cn/statically/gh/flinhong/configs/public/rules/BanProgramAD.yaml
[2026-09-10 10:33:19] [INFO] Downloading: https://raw.githubusercontent.com/ACL4SSR/ACL4SSR/refs/heads/master/Clash/BanEasyList.list
[2026-09-10 10:33:19] [INFO] Downloaded rule-provider BanEasyList -> ./public/rules/BanEasyList.yaml
[2026-09-10 10:33:19] [INFO] Updated rule-provider BanEasyList URL to https://cdn.honglin.ac.cn/statically/gh/flinhong/configs/public/rules/BanEasyList.yaml
[2026-09-10 10:33:19] [INFO] Downloading: https://raw.githubusercontent.com/ACL4SSR/ACL4SSR/refs/heads/master/Clash/BanEasyListChina.list
[2026-09-10 10:33:19] [INFO] Downloaded rule-provider BanEasyListChina -> ./public/rules/BanEasyListChina.yaml
[2026-09-10 10:33:19] [INFO] Updated rule-provider BanEasyListChina URL to https://cdn.honglin.ac.cn/statically/gh/flinhong/configs/public/rules/BanEasyListChina.yaml
[2026-09-10 10:33:19] [INFO] Downloading: https://raw.githubusercontent.com/ACL4SSR/ACL4SSR/refs/heads/master/Clash/BanEasyPrivacy.list
[2026-09-10 10:33:20] [INFO] Downloaded rule-provider BanEasyPrivacy -> ./public/rules/BanEasyPrivacy.yaml
[2026-09-10 10:33:20] [INFO] Updated rule-provider BanEasyPrivacy URL to https://cdn.honglin.ac.cn/statically/gh/flinhong/configs/public/rules/BanEasyPrivacy.yaml
[2026-09-10 10:33:20] [INFO] Downloading: https://raw.githubusercontent.com/ACL4SSR/ACL4SSR/refs/heads/master/Clash/GoogleCN.list
[2026-09-10 10:33:20] [INFO] Downloaded rule-provider GoogleCN -> ./public/rules/GoogleCN.yaml
[2026-09-10 10:33:20] [INFO] Updated rule-provider GoogleCN URL to https://cdn.honglin.ac.cn/statically/gh/flinhong/configs/public/rules/GoogleCN.yaml
[2026-09-10 10:33:20] [INFO] Downloading: https://raw.githubusercontent.com/ACL4SSR/ACL4SSR/refs/heads/master/Clash/Ruleset/SteamCN.list
[2026-09-10 10:33:20] [INFO] Downloaded rule-provider SteamCN -> ./public/rules/SteamCN.yaml
[2026-09-10 10:33:20] [INFO] Updated rule-provider SteamCN URL to https://cdn.honglin.ac.cn/statically/gh/flinhong/configs/public/rules/SteamCN.yaml
[2026-09-10 10:33:20] [INFO] Downloading: https://raw.githubusercontent.com/ACL4SSR/ACL4SSR/refs/heads/master/Clash/Microsoft.list
[2026-09-10 10:33:20] [INFO] Downloaded rule-provider Microsoft -> ./public/rules/Microsoft.yaml
[2026-09-10 10:33:20] [INFO] Updated rule-provider Microsoft URL to https://cdn.honglin.ac.cn/statically/gh/flinhong/configs/public/rules/Microsoft.yaml
[2026-09-10 10:33:20] [INFO] Downloading: https://raw.githubusercontent.com/ACL4SSR/ACL4SSR/refs/heads/master/Clash/Apple.list
[2026-09-10 10:33:20] [INFO] Downloaded rule-provider Apple -> ./public/rules/Apple.yaml
[2026-09-10 10:33:20] [INFO] Updated rule-provider Apple URL to https://cdn.honglin.ac.cn/statically/gh/flinhong/configs/public/rules/Apple.yaml
[2026-09-10 10:33:20] [INFO] Downloading: https://raw.githubusercontent.com/ACL4SSR/ACL4SSR/refs/heads/master/Clash/ProxyMedia.list
[2026-09-10 10:33:20] [INFO] Downloaded rule-provider ProxyMedia -> ./public/rules/ProxyMedia.yaml
[2026-09-10 10:33:20] [INFO] Updated rule-provider ProxyMedia URL to https://cdn.honglin.ac.cn/statically/gh/flinhong/configs/public/rules/ProxyMedia.yaml
[2026-09-10 10:33:20] [INFO] Downloading: https://raw.githubusercontent.com/ACL4SSR/ACL4SSR/refs/heads/master/Clash/Telegram.list
[2026-09-10 10:33:21] [INFO] Downloaded rule-provider Telegram -> ./public/rules/Telegram.yaml
[2026-09-10 10:33:21] [INFO] Updated rule-provider Telegram URL to https://cdn.honglin.ac.cn/statically/gh/flinhong/configs/public/rules/Telegram.yaml
[2026-09-10 10:33:21] [INFO] Downloading: https://raw.githubusercontent.com/ACL4SSR/ACL4SSR/refs/heads/master/Clash/ProxyLite.list
[2026-09-10 10:33:21] [INFO] Downloaded rule-provider ProxyLite -> ./public/rules/ProxyLite.yaml
[2026-09-10 10:33:21] [INFO] Updated rule-provider ProxyLite URL to https://cdn.honglin.ac.cn/statically/gh/flinhong/configs/public/rules/ProxyLite.yaml
[2026-09-10 10:33:21] [INFO] Downloading: https://raw.githubusercontent.com/ACL4SSR/ACL4SSR/refs/heads/master/Clash/ChinaDomain.list
[2026-09-10 10:33:21] [INFO] Downloaded rule-provider ChinaDomain -> ./public/rules/ChinaDomain.yaml
[2026-09-10 10:33:21] [INFO] Updated rule-provider ChinaDomain URL to https://cdn.honglin.ac.cn/statically/gh/flinhong/configs/public/rules/ChinaDomain.yaml
[2026-09-10 10:33:21] [INFO] Downloading: https://raw.githubusercontent.com/ACL4SSR/ACL4SSR/refs/heads/master/Clash/ChinaCompanyIp.list
[2026-09-10 10:33:21] [INFO] Downloaded rule-provider ChinaCompanyIp -> ./public/rules/ChinaCompanyIp.yaml
[2026-09-10 10:33:21] [INFO] Updated rule-provider ChinaCompanyIp URL to https://cdn.honglin.ac.cn/statically/gh/flinhong/configs/public/rules/ChinaCompanyIp.yaml
[2026-09-10 10:33:21] [INFO] Fetching extra proxies...
[2026-09-10 10:33:22] [INFO] All date-based sources have today's file available, using today
[2026-09-10 10:33:22] [INFO] Downloading: https://raw.githubusercontent.com/zhangkaiitugithub/passcro/main/speednodes.yaml
[2026-09-10 10:33:22] [INFO] Fetched 11 unique proxies for Load Balancer.
[2026-09-10 10:33:22] [INFO] Downloading: https://node.nodefree.me/2026/09/20260910.yaml
[2026-09-10 10:33:22] [INFO] Downloading: https://static.v2rayshare.net/2026/09/20260910.yaml
[2026-09-10 10:33:22] [INFO] Downloading: https://raw.githubusercontent.com/free18/v2ray/main/c.yaml
[2026-09-10 10:33:22] [WARNING] Filtered proxy 每天更新，请加电报群防止失联: reality-opts short-id '' missing or invalid
[2026-09-10 10:33:22] [WARNING] Filtered proxy 电报群：https://t.me/vvkj11: reality-opts short-id '' missing or invalid
[2026-09-10 10:33:22] [WARNING] Filtered proxy 🇺🇸_美国_5: reality-opts short-id '' missing or invalid
[2026-09-10 10:33:22] [WARNING] Filtered proxy 🇸🇪_瑞典_8: reality-opts short-id '' missing or invalid
[2026-09-10 10:33:22] [WARNING] Filtered proxy 🇺🇸_美国_12: reality-opts short-id '' missing or invalid
[2026-09-10 10:33:22] [WARNING] Filtered proxy 🇵🇱_波兰_13: reality-opts short-id '' missing or invalid
[2026-09-10 10:33:22] [WARNING] Filtered proxy 🇺🇸_美国_14: reality-opts short-id '' missing or invalid
[2026-09-10 10:33:22] [WARNING] Filtered proxy 🇺🇸_美国_24: reality-opts short-id '' missing or invalid
[2026-09-10 10:33:22] [WARNING] Filtered proxy 🇺🇸_美国_29: reality-opts short-id '' missing or invalid
[2026-09-10 10:33:22] [WARNING] Filtered proxy 🇺🇸_美国_30: reality-opts short-id '' missing or invalid
[2026-09-10 10:33:22] [WARNING] Filtered proxy 🇺🇸_美国_33: reality-opts short-id '' missing or invalid
[2026-09-10 10:33:22] [WARNING] Filtered proxy 🇵🇱_波兰_34: reality-opts short-id '' missing or invalid
[2026-09-10 10:33:22] [WARNING] Filtered proxy 🇺🇸_美国_35: reality-opts short-id '' missing or invalid
[2026-09-10 10:33:22] [WARNING] Filtered proxy 🇺🇸_美国_36: reality-opts short-id '' missing or invalid
[2026-09-10 10:33:22] [WARNING] Filtered proxy 🇩🇪_德国_38: reality-opts short-id '' missing or invalid
[2026-09-10 10:33:22] [WARNING] Filtered proxy 🇺🇸_美国_40: reality-opts short-id '' missing or invalid
[2026-09-10 10:33:22] [WARNING] Filtered proxy 🇩🇪_DE_德国_2: reality-opts short-id '' missing or invalid
[2026-09-10 10:33:22] [WARNING] Filtered proxy 🇺🇸_US_美国: reality-opts short-id '' missing or invalid
[2026-09-10 10:33:22] [WARNING] Filtered proxy 🇩🇪_DE_德国_2: reality-opts short-id '' missing or invalid
[2026-09-10 10:33:22] [WARNING] Filtered proxy 🇺🇸_US_美国: reality-opts short-id '' missing or invalid
[2026-09-10 10:33:22] [INFO] Fetched 71 unique proxies for Auto Select.
[2026-09-10 10:33:22] [WARNING] Filtered proxy 🇩🇪_DE_德国: reality-opts short-id '' missing or invalid
[2026-09-10 10:33:22] [WARNING] Filtered proxy 🇹🇼_TW_中国台湾->🇫🇮_FI_芬兰: reality-opts short-id '' missing or invalid
[2026-09-10 10:33:22] [WARNING] Filtered proxy 🇺🇸_US_美国->🇯🇵_JP_日本: reality-opts short-id '' missing or invalid
[2026-09-10 10:33:22] [WARNING] Filtered proxy 🇩🇪_DE_德国_1: reality-opts short-id '' missing or invalid
[2026-09-10 10:33:22] [WARNING] Filtered proxy 🇺🇸_US_美国->🇯🇵_JP_日本_1: reality-opts short-id '' missing or invalid
[2026-09-10 10:33:22] [WARNING] Filtered proxy 🇬🇧GB_1|3.5MB/s: reality-opts short-id '' missing or invalid
[2026-09-10 10:33:22] [WARNING] Filtered proxy 🇬🇧GB_2|1.0MB/s: reality-opts short-id '' missing or invalid
[2026-09-10 10:33:22] [WARNING] Filtered proxy 🇬🇧GB_4|4.2MB/s: reality-opts short-id '' missing or invalid
[2026-09-10 10:33:22] [WARNING] Filtered proxy 🇬🇧GB_15|1.8MB/s: reality-opts short-id '' missing or invalid
[2026-09-10 10:33:22] [WARNING] Filtered proxy 🇬🇧GB_16|3.3MB/s: reality-opts short-id '' missing or invalid
[2026-09-10 10:33:22] [WARNING] Filtered proxy 🇬🇧GB_17|2.5MB/s: reality-opts short-id '' missing or invalid
[2026-09-10 10:33:22] [WARNING] Filtered proxy 🇬🇧GB_18|1.4MB/s: reality-opts short-id '' missing or invalid
[2026-09-10 10:33:22] [WARNING] Filtered proxy 🇬🇧GB_19|3.2MB/s: reality-opts short-id '' missing or invalid
[2026-09-10 10:33:22] [WARNING] Filtered proxy 🇩🇪 德国 | DEU 4: reality-opts short-id '' missing or invalid
[2026-09-10 10:33:22] [WARNING] Filtered proxy 🇺🇸 美国 | USA 31: reality-opts short-id '' missing or invalid
[2026-09-10 10:33:22] [INFO] Filtered original proxies: 454 remaining
[2026-09-10 10:33:23] [INFO] Successfully wrote config to ./public/subscribe/clash.yml
[2026-09-10 23:39:05] [INFO] Downloading: https://www.ermao.net/sub/clash/ermao.net
[2026-09-10 23:39:06] [INFO] Main subscription fetched and parsed.
[2026-09-10 23:39:06] [INFO] Downloading rule-providers...
[2026-09-10 23:39:06] [INFO] Downloading: https://raw.githubusercontent.com/ACL4SSR/ACL4SSR/refs/heads/master/Clash/LocalAreaNetwork.list
[2026-09-10 23:39:06] [INFO] Downloaded rule-provider LocalAreaNetwork -> ./public/rules/LocalAreaNetwork.yaml
[2026-09-10 23:39:06] [INFO] Updated rule-provider LocalAreaNetwork URL to https://cdn.honglin.ac.cn/statically/gh/flinhong/configs/public/rules/LocalAreaNetwork.yaml
[2026-09-10 23:39:06] [INFO] Downloading: https://raw.githubusercontent.com/ACL4SSR/ACL4SSR/refs/heads/master/Clash/BanAD.list
[2026-09-10 23:39:06] [INFO] Downloaded rule-provider BanAD -> ./public/rules/BanAD.yaml
[2026-09-10 23:39:06] [INFO] Updated rule-provider BanAD URL to https://cdn.honglin.ac.cn/statically/gh/flinhong/configs/public/rules/BanAD.yaml
[2026-09-10 23:39:06] [INFO] Downloading: https://raw.githubusercontent.com/ACL4SSR/ACL4SSR/refs/heads/master/Clash/BanProgramAD.list
[2026-09-10 23:39:06] [INFO] Downloaded rule-provider BanProgramAD -> ./public/rules/BanProgramAD.yaml
[2026-09-10 23:39:06] [INFO] Updated rule-provider BanProgramAD URL to https://cdn.honglin.ac.cn/statically/gh/flinhong/configs/public/rules/BanProgramAD.yaml
[2026-09-10 23:39:06] [INFO] Downloading: https://raw.githubusercontent.com/ACL4SSR/ACL4SSR/refs/heads/master/Clash/BanEasyList.list
[2026-09-10 23:39:07] [INFO] Downloaded rule-provider BanEasyList -> ./public/rules/BanEasyList.yaml
[2026-09-10 23:39:07] [INFO] Updated rule-provider BanEasyList URL to https://cdn.honglin.ac.cn/statically/gh/flinhong/configs/public/rules/BanEasyList.yaml
[2026-09-10 23:39:07] [INFO] Downloading: https://raw.githubusercontent.com/ACL4SSR/ACL4SSR/refs/heads/master/Clash/BanEasyListChina.list
[2026-09-10 23:39:07] [INFO] Downloaded rule-provider BanEasyListChina -> ./public/rules/BanEasyListChina.yaml
[2026-09-10 23:39:07] [INFO] Updated rule-provider BanEasyListChina URL to https://cdn.honglin.ac.cn/statically/gh/flinhong/configs/public/rules/BanEasyListChina.yaml
[2026-09-10 23:39:07] [INFO] Downloading: https://raw.githubusercontent.com/ACL4SSR/ACL4SSR/refs/heads/master/Clash/BanEasyPrivacy.list
[2026-09-10 23:39:07] [INFO] Downloaded rule-provider BanEasyPrivacy -> ./public/rules/BanEasyPrivacy.yaml
[2026-09-10 23:39:07] [INFO] Updated rule-provider BanEasyPrivacy URL to https://cdn.honglin.ac.cn/statically/gh/flinhong/configs/public/rules/BanEasyPrivacy.yaml
[2026-09-10 23:39:07] [INFO] Downloading: https://raw.githubusercontent.com/ACL4SSR/ACL4SSR/refs/heads/master/Clash/GoogleCN.list
[2026-09-10 23:39:07] [INFO] Downloaded rule-provider GoogleCN -> ./public/rules/GoogleCN.yaml
[2026-09-10 23:39:07] [INFO] Updated rule-provider GoogleCN URL to https://cdn.honglin.ac.cn/statically/gh/flinhong/configs/public/rules/GoogleCN.yaml
[2026-09-10 23:39:07] [INFO] Downloading: https://raw.githubusercontent.com/ACL4SSR/ACL4SSR/refs/heads/master/Clash/Ruleset/SteamCN.list
[2026-09-10 23:39:07] [INFO] Downloaded rule-provider SteamCN -> ./public/rules/SteamCN.yaml
[2026-09-10 23:39:07] [INFO] Updated rule-provider SteamCN URL to https://cdn.honglin.ac.cn/statically/gh/flinhong/configs/public/rules/SteamCN.yaml
[2026-09-10 23:39:07] [INFO] Downloading: https://raw.githubusercontent.com/ACL4SSR/ACL4SSR/refs/heads/master/Clash/Microsoft.list
[2026-09-10 23:39:07] [INFO] Downloaded rule-provider Microsoft -> ./public/rules/Microsoft.yaml
[2026-09-10 23:39:07] [INFO] Updated rule-provider Microsoft URL to https://cdn.honglin.ac.cn/statically/gh/flinhong/configs/public/rules/Microsoft.yaml
[2026-09-10 23:39:07] [INFO] Downloading: https://raw.githubusercontent.com/ACL4SSR/ACL4SSR/refs/heads/master/Clash/Apple.list
[2026-09-10 23:39:07] [INFO] Downloaded rule-provider Apple -> ./public/rules/Apple.yaml
[2026-09-10 23:39:07] [INFO] Updated rule-provider Apple URL to https://cdn.honglin.ac.cn/statically/gh/flinhong/configs/public/rules/Apple.yaml
[2026-09-10 23:39:07] [INFO] Downloading: https://raw.githubusercontent.com/ACL4SSR/ACL4SSR/refs/heads/master/Clash/ProxyMedia.list
[2026-09-10 23:39:07] [INFO] Downloaded rule-provider ProxyMedia -> ./public/rules/ProxyMedia.yaml
[2026-09-10 23:39:07] [INFO] Updated rule-provider ProxyMedia URL to https://cdn.honglin.ac.cn/statically/gh/flinhong/configs/public/rules/ProxyMedia.yaml
[2026-09-10 23:39:07] [INFO] Downloading: https://raw.githubusercontent.com/ACL4SSR/ACL4SSR/refs/heads/master/Clash/Telegram.list
[2026-09-10 23:39:07] [INFO] Downloaded rule-provider Telegram -> ./public/rules/Telegram.yaml
[2026-09-10 23:39:07] [INFO] Updated rule-provider Telegram URL to https://cdn.honglin.ac.cn/statically/gh/flinhong/configs/public/rules/Telegram.yaml
[2026-09-10 23:39:07] [INFO] Downloading: https://raw.githubusercontent.com/ACL4SSR/ACL4SSR/refs/heads/master/Clash/ProxyLite.list
[2026-09-10 23:39:08] [INFO] Downloaded rule-provider ProxyLite -> ./public/rules/ProxyLite.yaml
[2026-09-10 23:39:08] [INFO] Updated rule-provider ProxyLite URL to https://cdn.honglin.ac.cn/statically/gh/flinhong/configs/public/rules/ProxyLite.yaml
[2026-09-10 23:39:08] [INFO] Downloading: https://raw.githubusercontent.com/ACL4SSR/ACL4SSR/refs/heads/master/Clash/ChinaDomain.list
[2026-09-10 23:39:08] [INFO] Downloaded rule-provider ChinaDomain -> ./public/rules/ChinaDomain.yaml
[2026-09-10 23:39:08] [INFO] Updated rule-provider ChinaDomain URL to https://cdn.honglin.ac.cn/statically/gh/flinhong/configs/public/rules/ChinaDomain.yaml
[2026-09-10 23:39:08] [INFO] Downloading: https://raw.githubusercontent.com/ACL4SSR/ACL4SSR/refs/heads/master/Clash/ChinaCompanyIp.list
[2026-09-10 23:39:08] [INFO] Downloaded rule-provider ChinaCompanyIp -> ./public/rules/ChinaCompanyIp.yaml
[2026-09-10 23:39:08] [INFO] Updated rule-provider ChinaCompanyIp URL to https://cdn.honglin.ac.cn/statically/gh/flinhong/configs/public/rules/ChinaCompanyIp.yaml
[2026-09-10 23:39:08] [INFO] Fetching extra proxies...
[2026-09-10 23:39:09] [INFO] All date-based sources have today's file available, using today
[2026-09-10 23:39:09] [INFO] Downloading: https://raw.githubusercontent.com/zhangkaiitugithub/passcro/main/speednodes.yaml
[2026-09-10 23:39:09] [INFO] Fetched 11 unique proxies for Load Balancer.
[2026-09-10 23:39:09] [INFO] Downloading: https://node.nodefree.me/2026/09/20260910.yaml
[2026-09-10 23:39:09] [INFO] Downloading: https://static.v2rayshare.net/2026/09/20260910.yaml
[2026-09-10 23:39:09] [INFO] Downloading: https://raw.githubusercontent.com/free18/v2ray/main/c.yaml
[2026-09-10 23:39:10] [WARNING] Filtered proxy 每天更新，请加电报群防止失联: reality-opts short-id '' missing or invalid
[2026-09-10 23:39:10] [WARNING] Filtered proxy 日期：09-10: reality-opts short-id '' missing or invalid
[2026-09-10 23:39:10] [WARNING] Filtered proxy 免费VPN：https://tt.vg/FJOE2Mm: reality-opts short-id '' missing or invalid
[2026-09-10 23:39:10] [WARNING] Filtered proxy 🇺🇸_美国_6: reality-opts short-id '' missing or invalid
[2026-09-10 23:39:10] [WARNING] Filtered proxy 🇺🇸_美国_9: reality-opts short-id '' missing or invalid
[2026-09-10 23:39:10] [WARNING] Filtered proxy 🇺🇸_美国_15: reality-opts short-id '' missing or invalid
[2026-09-10 23:39:10] [WARNING] Filtered proxy 🇺🇸_美国_16: reality-opts short-id '' missing or invalid
[2026-09-10 23:39:10] [WARNING] Filtered proxy 🇺🇸_美国_17: reality-opts short-id '' missing or invalid
[2026-09-10 23:39:10] [WARNING] Filtered proxy 🇺🇸_美国_18: reality-opts short-id '' missing or invalid
[2026-09-10 23:39:10] [WARNING] Filtered proxy 🇺🇸_美国_21: reality-opts short-id '' missing or invalid
[2026-09-10 23:39:10] [WARNING] Filtered proxy 🇺🇸_美国_22: reality-opts short-id '' missing or invalid
[2026-09-10 23:39:10] [WARNING] Filtered proxy 🇺🇸_美国_23: reality-opts short-id '' missing or invalid
[2026-09-10 23:39:10] [WARNING] Filtered proxy 🇺🇸_美国_24: reality-opts short-id '' missing or invalid
[2026-09-10 23:39:10] [WARNING] Filtered proxy 🇺🇸_美国_25: reality-opts short-id '' missing or invalid
[2026-09-10 23:39:10] [WARNING] Filtered proxy 🇺🇸_美国_26: reality-opts short-id '' missing or invalid
[2026-09-10 23:39:10] [WARNING] Filtered proxy 🇧🇾_白俄罗斯_28: reality-opts short-id '' missing or invalid
[2026-09-10 23:39:10] [WARNING] Filtered proxy 🇩🇪_德国_29: reality-opts short-id '' missing or invalid
[2026-09-10 23:39:10] [WARNING] Filtered proxy 🇺🇸_美国_30: reality-opts short-id '' missing or invalid
[2026-09-10 23:39:10] [WARNING] Filtered proxy 🇺🇸_美国_31: reality-opts short-id '' missing or invalid
[2026-09-10 23:39:10] [WARNING] Filtered proxy 🇺🇸_美国_34: reality-opts short-id '' missing or invalid
[2026-09-10 23:39:10] [WARNING] Filtered proxy 🇩🇪_德国_37: reality-opts short-id '' missing or invalid
[2026-09-10 23:39:10] [WARNING] Filtered proxy 🇺🇸_美国_40: reality-opts short-id '' missing or invalid
[2026-09-10 23:39:10] [WARNING] Filtered proxy 🇺🇸_美国_42: reality-opts short-id '' missing or invalid
[2026-09-10 23:39:10] [WARNING] Filtered proxy 🇺🇸_美国_43: reality-opts short-id '' missing or invalid
[2026-09-10 23:39:10] [WARNING] Filtered proxy 🇺🇸_美国_44: reality-opts short-id '' missing or invalid
[2026-09-10 23:39:10] [WARNING] Filtered proxy 🇺🇸_美国_46: reality-opts short-id '' missing or invalid
[2026-09-10 23:39:10] [WARNING] Filtered proxy 🇺🇸_美国_47: reality-opts short-id '' missing or invalid
[2026-09-10 23:39:10] [WARNING] Filtered proxy 🇺🇸_美国_49: reality-opts short-id '' missing or invalid
[2026-09-10 23:39:10] [WARNING] Filtered proxy 🇺🇸_美国_52: reality-opts short-id '' missing or invalid
[2026-09-10 23:39:10] [WARNING] Filtered proxy 🇩🇪_DE_德国: reality-opts short-id '' missing or invalid
[2026-09-10 23:39:10] [WARNING] Filtered proxy 🇹🇼_TW_中国台湾->🇫🇮_FI_芬兰: reality-opts short-id '' missing or invalid
[2026-09-10 23:39:10] [WARNING] Filtered proxy 🇺🇸_US_美国->🇯🇵_JP_日本: reality-opts short-id '' missing or invalid
[2026-09-10 23:39:10] [WARNING] Filtered proxy 🇩🇪_DE_德国_1: reality-opts short-id '' missing or invalid
[2026-09-10 23:39:10] [WARNING] Filtered proxy 🇺🇸_US_美国->🇯🇵_JP_日本_1: reality-opts short-id '' missing or invalid
[2026-09-10 23:39:10] [WARNING] Filtered proxy 🇩🇪_DE_德国: reality-opts short-id '' missing or invalid
[2026-09-10 23:39:10] [WARNING] Filtered proxy 🇹🇼_TW_中国台湾->🇫🇮_FI_芬兰: reality-opts short-id '' missing or invalid
[2026-09-10 23:39:10] [WARNING] Filtered proxy 🇺🇸_US_美国->🇯🇵_JP_日本: reality-opts short-id '' missing or invalid
[2026-09-10 23:39:10] [WARNING] Filtered proxy 🇩🇪_DE_德国_1: reality-opts short-id '' missing or invalid
[2026-09-10 23:39:10] [WARNING] Filtered proxy 🇺🇸_US_美国->🇯🇵_JP_日本_1: reality-opts short-id '' missing or invalid
[2026-09-10 23:39:10] [INFO] Fetched 61 unique proxies for Auto Select.
[2026-09-10 23:39:10] [WARNING] Filtered proxy 🇩🇪_DE_德国: reality-opts short-id '' missing or invalid
[2026-09-10 23:39:10] [WARNING] Filtered proxy 🇩🇪_DE_德国_1: reality-opts short-id '' missing or invalid
[2026-09-10 23:39:10] [WARNING] Filtered proxy 🇱🇻_LV_拉脱维亚->🇫🇮_FI_芬兰: reality-opts short-id '' missing or invalid
[2026-09-10 23:39:10] [WARNING] Filtered proxy 🇱🇻_LV_拉脱维亚->🇫🇮_FI_芬兰_1: reality-opts short-id '' missing or invalid
[2026-09-10 23:39:10] [WARNING] Filtered proxy 🇺🇸_US_美国->🇯🇵_JP_日本: reality-opts short-id '' missing or invalid
[2026-09-10 23:39:10] [WARNING] Filtered proxy 🇱🇻_LV_拉脱维亚->🇫🇮_FI_芬兰_2: reality-opts short-id '' missing or invalid
[2026-09-10 23:39:10] [WARNING] Filtered proxy 🇺🇸_US_美国->🇯🇵_JP_日本_1: reality-opts short-id '' missing or invalid
[2026-09-10 23:39:10] [WARNING] Filtered proxy 🇹🇼_TW_中国台湾->🇫🇮_FI_芬兰: reality-opts short-id '' missing or invalid
[2026-09-10 23:39:10] [WARNING] Filtered proxy 🇱🇻_LV_拉脱维亚->🇫🇮_FI_芬兰_3: reality-opts short-id '' missing or invalid
[2026-09-10 23:39:10] [WARNING] Filtered proxy 🇬🇧GB_1|1.7MB/s: reality-opts short-id '' missing or invalid
[2026-09-10 23:39:10] [WARNING] Filtered proxy 🇬🇧GB_4|1023KB/s: reality-opts short-id '' missing or invalid
[2026-09-10 23:39:10] [WARNING] Filtered proxy 🇩🇪 德国 | DEU 3: reality-opts short-id '' missing or invalid
[2026-09-10 23:39:10] [WARNING] Filtered proxy 🇭🇰 香港 | HKG 2: reality-opts short-id '' missing or invalid
[2026-09-10 23:39:10] [WARNING] Filtered proxy 🇺🇸 美国 | USA 3: reality-opts short-id '' missing or invalid
[2026-09-10 23:39:10] [WARNING] Filtered proxy 🇺🇸 美国 | USA 19: reality-opts short-id '' missing or invalid
[2026-09-10 23:39:10] [INFO] Filtered original proxies: 403 remaining
[2026-09-10 23:39:10] [INFO] Successfully wrote config to ./public/subscribe/clash.yml
[2026-09-11 10:27:41] [INFO] Downloading: https://www.ermao.net/sub/clash/ermao.net
[2026-09-11 10:27:42] [INFO] Main subscription fetched and parsed.
[2026-09-11 10:27:42] [INFO] Downloading rule-providers...
[2026-09-11 10:27:42] [INFO] Downloading: https://raw.githubusercontent.com/ACL4SSR/ACL4SSR/refs/heads/master/Clash/LocalAreaNetwork.list
[2026-09-11 10:27:42] [INFO] Downloaded rule-provider LocalAreaNetwork -> ./public/rules/LocalAreaNetwork.yaml
[2026-09-11 10:27:42] [INFO] Updated rule-provider LocalAreaNetwork URL to https://cdn.honglin.ac.cn/statically/gh/flinhong/configs/public/rules/LocalAreaNetwork.yaml
[2026-09-11 10:27:42] [INFO] Downloading: https://raw.githubusercontent.com/ACL4SSR/ACL4SSR/refs/heads/master/Clash/BanAD.list
[2026-09-11 10:27:42] [INFO] Downloaded rule-provider BanAD -> ./public/rules/BanAD.yaml
[2026-09-11 10:27:42] [INFO] Updated rule-provider BanAD URL to https://cdn.honglin.ac.cn/statically/gh/flinhong/configs/public/rules/BanAD.yaml
[2026-09-11 10:27:42] [INFO] Downloading: https://raw.githubusercontent.com/ACL4SSR/ACL4SSR/refs/heads/master/Clash/BanProgramAD.list
[2026-09-11 10:27:42] [INFO] Downloaded rule-provider BanProgramAD -> ./public/rules/BanProgramAD.yaml
[2026-09-11 10:27:42] [INFO] Updated rule-provider BanProgramAD URL to https://cdn.honglin.ac.cn/statically/gh/flinhong/configs/public/rules/BanProgramAD.yaml
[2026-09-11 10:27:42] [INFO] Downloading: https://raw.githubusercontent.com/ACL4SSR/ACL4SSR/refs/heads/master/Clash/BanEasyList.list
[2026-09-11 10:27:43] [INFO] Downloaded rule-provider BanEasyList -> ./public/rules/BanEasyList.yaml
[2026-09-11 10:27:43] [INFO] Updated rule-provider BanEasyList URL to https://cdn.honglin.ac.cn/statically/gh/flinhong/configs/public/rules/BanEasyList.yaml
[2026-09-11 10:27:43] [INFO] Downloading: https://raw.githubusercontent.com/ACL4SSR/ACL4SSR/refs/heads/master/Clash/BanEasyListChina.list
[2026-09-11 10:27:43] [INFO] Downloaded rule-provider BanEasyListChina -> ./public/rules/BanEasyListChina.yaml
[2026-09-11 10:27:43] [INFO] Updated rule-provider BanEasyListChina URL to https://cdn.honglin.ac.cn/statically/gh/flinhong/configs/public/rules/BanEasyListChina.yaml
[2026-09-11 10:27:43] [INFO] Downloading: https://raw.githubusercontent.com/ACL4SSR/ACL4SSR/refs/heads/master/Clash/BanEasyPrivacy.list
[2026-09-11 10:27:44] [INFO] Downloaded rule-provider BanEasyPrivacy -> ./public/rules/BanEasyPrivacy.yaml
[2026-09-11 10:27:44] [INFO] Updated rule-provider BanEasyPrivacy URL to https://cdn.honglin.ac.cn/statically/gh/flinhong/configs/public/rules/BanEasyPrivacy.yaml
[2026-09-11 10:27:44] [INFO] Downloading: https://raw.githubusercontent.com/ACL4SSR/ACL4SSR/refs/heads/master/Clash/GoogleCN.list
[2026-09-11 10:27:44] [INFO] Downloaded rule-provider GoogleCN -> ./public/rules/GoogleCN.yaml
[2026-09-11 10:27:44] [INFO] Updated rule-provider GoogleCN URL to https://cdn.honglin.ac.cn/statically/gh/flinhong/configs/public/rules/GoogleCN.yaml
[2026-09-11 10:27:44] [INFO] Downloading: https://raw.githubusercontent.com/ACL4SSR/ACL4SSR/refs/heads/master/Clash/Ruleset/SteamCN.list
[2026-09-11 10:27:44] [INFO] Downloaded rule-provider SteamCN -> ./public/rules/SteamCN.yaml
[2026-09-11 10:27:44] [INFO] Updated rule-provider SteamCN URL to https://cdn.honglin.ac.cn/statically/gh/flinhong/configs/public/rules/SteamCN.yaml
[2026-09-11 10:27:44] [INFO] Downloading: https://raw.githubusercontent.com/ACL4SSR/ACL4SSR/refs/heads/master/Clash/Microsoft.list
[2026-09-11 10:27:44] [INFO] Downloaded rule-provider Microsoft -> ./public/rules/Microsoft.yaml
[2026-09-11 10:27:44] [INFO] Updated rule-provider Microsoft URL to https://cdn.honglin.ac.cn/statically/gh/flinhong/configs/public/rules/Microsoft.yaml
[2026-09-11 10:27:44] [INFO] Downloading: https://raw.githubusercontent.com/ACL4SSR/ACL4SSR/refs/heads/master/Clash/Apple.list
[2026-09-11 10:27:44] [INFO] Downloaded rule-provider Apple -> ./public/rules/Apple.yaml
[2026-09-11 10:27:44] [INFO] Updated rule-provider Apple URL to https://cdn.honglin.ac.cn/statically/gh/flinhong/configs/public/rules/Apple.yaml
[2026-09-11 10:27:44] [INFO] Downloading: https://raw.githubusercontent.com/ACL4SSR/ACL4SSR/refs/heads/master/Clash/ProxyMedia.list
[2026-09-11 10:27:45] [INFO] Downloaded rule-provider ProxyMedia -> ./public/rules/ProxyMedia.yaml
[2026-09-11 10:27:45] [INFO] Updated rule-provider ProxyMedia URL to https://cdn.honglin.ac.cn/statically/gh/flinhong/configs/public/rules/ProxyMedia.yaml
[2026-09-11 10:27:45] [INFO] Downloading: https://raw.githubusercontent.com/ACL4SSR/ACL4SSR/refs/heads/master/Clash/Telegram.list
[2026-09-11 10:27:45] [INFO] Downloaded rule-provider Telegram -> ./public/rules/Telegram.yaml
[2026-09-11 10:27:45] [INFO] Updated rule-provider Telegram URL to https://cdn.honglin.ac.cn/statically/gh/flinhong/configs/public/rules/Telegram.yaml
[2026-09-11 10:27:45] [INFO] Downloading: https://raw.githubusercontent.com/ACL4SSR/ACL4SSR/refs/heads/master/Clash/ProxyLite.list
[2026-09-11 10:27:45] [INFO] Downloaded rule-provider ProxyLite -> ./public/rules/ProxyLite.yaml
[2026-09-11 10:27:45] [INFO] Updated rule-provider ProxyLite URL to https://cdn.honglin.ac.cn/statically/gh/flinhong/configs/public/rules/ProxyLite.yaml
[2026-09-11 10:27:45] [INFO] Downloading: https://raw.githubusercontent.com/ACL4SSR/ACL4SSR/refs/heads/master/Clash/ChinaDomain.list
[2026-09-11 10:27:46] [INFO] Downloaded rule-provider ChinaDomain -> ./public/rules/ChinaDomain.yaml
[2026-09-11 10:27:46] [INFO] Updated rule-provider ChinaDomain URL to https://cdn.honglin.ac.cn/statically/gh/flinhong/configs/public/rules/ChinaDomain.yaml
[2026-09-11 10:27:46] [INFO] Downloading: https://raw.githubusercontent.com/ACL4SSR/ACL4SSR/refs/heads/master/Clash/ChinaCompanyIp.list
[2026-09-11 10:27:46] [INFO] Downloaded rule-provider ChinaCompanyIp -> ./public/rules/ChinaCompanyIp.yaml
[2026-09-11 10:27:46] [INFO] Updated rule-provider ChinaCompanyIp URL to https://cdn.honglin.ac.cn/statically/gh/flinhong/configs/public/rules/ChinaCompanyIp.yaml
[2026-09-11 10:27:46] [INFO] Fetching extra proxies...
[2026-09-11 10:27:47] [INFO] All date-based sources have today's file available, using today
[2026-09-11 10:27:47] [INFO] Downloading: https://raw.githubusercontent.com/zhangkaiitugithub/passcro/main/speednodes.yaml
[2026-09-11 10:27:47] [INFO] Fetched 11 unique proxies for Load Balancer.
[2026-09-11 10:27:47] [INFO] Downloading: https://node.nodefree.me/2026/09/20260911.yaml
[2026-09-11 10:27:47] [INFO] Downloading: https://static.v2rayshare.net/2026/09/20260911.yaml
[2026-09-11 10:27:47] [INFO] Downloading: https://raw.githubusercontent.com/free18/v2ray/main/c.yaml
[2026-09-11 10:27:47] [WARNING] Filtered proxy 每天更新，请加电报群防止失联: reality-opts short-id '' missing or invalid
[2026-09-11 10:27:47] [WARNING] Filtered proxy 日期：09-10: reality-opts short-id '' missing or invalid
[2026-09-11 10:27:47] [WARNING] Filtered proxy 免费VPN：https://tt.vg/FJOE2Mm: reality-opts short-id '' missing or invalid
[2026-09-11 10:27:47] [WARNING] Filtered proxy 🇺🇸_美国_6: reality-opts short-id '' missing or invalid
[2026-09-11 10:27:47] [WARNING] Filtered proxy 🇺🇸_美国_9: reality-opts short-id '' missing or invalid
[2026-09-11 10:27:47] [WARNING] Filtered proxy 🇺🇸_美国_15: reality-opts short-id '' missing or invalid
[2026-09-11 10:27:47] [WARNING] Filtered proxy 🇺🇸_美国_16: reality-opts short-id '' missing or invalid
[2026-09-11 10:27:47] [WARNING] Filtered proxy 🇺🇸_美国_17: reality-opts short-id '' missing or invalid
[2026-09-11 10:27:47] [WARNING] Filtered proxy 🇺🇸_美国_18: reality-opts short-id '' missing or invalid
[2026-09-11 10:27:47] [WARNING] Filtered proxy 🇺🇸_美国_21: reality-opts short-id '' missing or invalid
[2026-09-11 10:27:47] [WARNING] Filtered proxy 🇺🇸_美国_22: reality-opts short-id '' missing or invalid
[2026-09-11 10:27:47] [WARNING] Filtered proxy 🇺🇸_美国_23: reality-opts short-id '' missing or invalid
[2026-09-11 10:27:47] [WARNING] Filtered proxy 🇺🇸_美国_24: reality-opts short-id '' missing or invalid
[2026-09-11 10:27:47] [WARNING] Filtered proxy 🇺🇸_美国_25: reality-opts short-id '' missing or invalid
[2026-09-11 10:27:47] [WARNING] Filtered proxy 🇺🇸_美国_26: reality-opts short-id '' missing or invalid
[2026-09-11 10:27:47] [WARNING] Filtered proxy 🇧🇾_白俄罗斯_28: reality-opts short-id '' missing or invalid
[2026-09-11 10:27:47] [WARNING] Filtered proxy 🇩🇪_德国_29: reality-opts short-id '' missing or invalid
[2026-09-11 10:27:47] [WARNING] Filtered proxy 🇺🇸_美国_30: reality-opts short-id '' missing or invalid
[2026-09-11 10:27:47] [WARNING] Filtered proxy 🇺🇸_美国_31: reality-opts short-id '' missing or invalid
[2026-09-11 10:27:47] [WARNING] Filtered proxy 🇺🇸_美国_34: reality-opts short-id '' missing or invalid
[2026-09-11 10:27:47] [WARNING] Filtered proxy 🇩🇪_德国_37: reality-opts short-id '' missing or invalid
[2026-09-11 10:27:47] [WARNING] Filtered proxy 🇺🇸_美国_40: reality-opts short-id '' missing or invalid
[2026-09-11 10:27:47] [WARNING] Filtered proxy 🇺🇸_美国_42: reality-opts short-id '' missing or invalid
[2026-09-11 10:27:47] [WARNING] Filtered proxy 🇺🇸_美国_43: reality-opts short-id '' missing or invalid
[2026-09-11 10:27:47] [WARNING] Filtered proxy 🇺🇸_美国_44: reality-opts short-id '' missing or invalid
[2026-09-11 10:27:47] [WARNING] Filtered proxy 🇺🇸_美国_46: reality-opts short-id '' missing or invalid
[2026-09-11 10:27:47] [WARNING] Filtered proxy 🇺🇸_美国_47: reality-opts short-id '' missing or invalid
[2026-09-11 10:27:47] [WARNING] Filtered proxy 🇺🇸_美国_49: reality-opts short-id '' missing or invalid
[2026-09-11 10:27:47] [WARNING] Filtered proxy 🇺🇸_美国_52: reality-opts short-id '' missing or invalid
[2026-09-11 10:27:47] [WARNING] Filtered proxy 🇩🇪_DE_德国: reality-opts short-id '' missing or invalid
[2026-09-11 10:27:47] [WARNING] Filtered proxy 🇹🇼_TW_中国台湾->🇫🇮_FI_芬兰: reality-opts short-id '' missing or invalid
[2026-09-11 10:27:47] [WARNING] Filtered proxy 🇺🇸_US_美国->🇯🇵_JP_日本: reality-opts short-id '' missing or invalid
[2026-09-11 10:27:47] [WARNING] Filtered proxy 🇩🇪_DE_德国_1: reality-opts short-id '' missing or invalid
[2026-09-11 10:27:47] [WARNING] Filtered proxy 🇺🇸_US_美国->🇯🇵_JP_日本_1: reality-opts short-id '' missing or invalid
[2026-09-11 10:27:47] [WARNING] Filtered proxy 🇩🇪_DE_德国: reality-opts short-id '' missing or invalid
[2026-09-11 10:27:47] [WARNING] Filtered proxy 🇹🇼_TW_中国台湾->🇫🇮_FI_芬兰: reality-opts short-id '' missing or invalid
[2026-09-11 10:27:47] [WARNING] Filtered proxy 🇺🇸_US_美国->🇯🇵_JP_日本: reality-opts short-id '' missing or invalid
[2026-09-11 10:27:47] [WARNING] Filtered proxy 🇩🇪_DE_德国_1: reality-opts short-id '' missing or invalid
[2026-09-11 10:27:47] [WARNING] Filtered proxy 🇺🇸_US_美国->🇯🇵_JP_日本_1: reality-opts short-id '' missing or invalid
[2026-09-11 10:27:47] [INFO] Fetched 61 unique proxies for Auto Select.
[2026-09-11 10:27:47] [WARNING] Filtered proxy 🇭🇰_HK_中国香港: reality-opts short-id '' missing or invalid
[2026-09-11 10:27:47] [WARNING] Filtered proxy 🇩🇪_DE_德国: reality-opts short-id '' missing or invalid
[2026-09-11 10:27:47] [WARNING] Filtered proxy 🇩🇪_DE_德国_1: reality-opts short-id '' missing or invalid
[2026-09-11 10:27:47] [WARNING] Filtered proxy 🇬🇧GB_1|1.0MB/s: reality-opts short-id '' missing or invalid
[2026-09-11 10:27:47] [WARNING] Filtered proxy 🇬🇧GB_2|3.0MB/s: reality-opts short-id '' missing or invalid
[2026-09-11 10:27:47] [WARNING] Filtered proxy 🇬🇧GB_3|3.3MB/s: reality-opts short-id '' missing or invalid
[2026-09-11 10:27:47] [WARNING] Filtered proxy 🇬🇧GB_8|3.3MB/s: reality-opts short-id '' missing or invalid
[2026-09-11 10:27:47] [WARNING] Filtered proxy 🇩🇪DE_6|3.6MB/s: reality-opts short-id '' missing or invalid
[2026-09-11 10:27:47] [WARNING] Filtered proxy 🇩🇪DE_7|2.6MB/s: reality-opts short-id '' missing or invalid
[2026-09-11 10:27:47] [WARNING] Filtered proxy 🇩🇪DE_8|2.6MB/s: reality-opts short-id '' missing or invalid
[2026-09-11 10:27:47] [WARNING] Filtered proxy 🇩🇪 德国 | DEU 4: reality-opts short-id '' missing or invalid
[2026-09-11 10:27:47] [WARNING] Filtered proxy 🇭🇰 香港 | HKG: reality-opts short-id '' missing or invalid
[2026-09-11 10:27:47] [WARNING] Filtered proxy 🇭🇰 香港 | HKG 2: reality-opts short-id '' missing or invalid
[2026-09-11 10:27:47] [WARNING] Filtered proxy 🇭🇰 香港 | HKG 3: reality-opts short-id '' missing or invalid
[2026-09-11 10:27:47] [WARNING] Filtered proxy 🇭🇰 香港 | HKG 4: reality-opts short-id '' missing or invalid
[2026-09-11 10:27:47] [INFO] Filtered original proxies: 446 remaining
[2026-09-11 10:27:47] [INFO] Successfully wrote config to ./public/subscribe/clash.yml
[2026-09-11 23:40:23] [INFO] Downloading: https://www.ermao.net/sub/clash/ermao.net
[2026-09-11 23:40:24] [INFO] Main subscription fetched and parsed.
[2026-09-11 23:40:24] [INFO] Downloading rule-providers...
[2026-09-11 23:40:24] [INFO] Downloading: https://raw.githubusercontent.com/ACL4SSR/ACL4SSR/refs/heads/master/Clash/LocalAreaNetwork.list
[2026-09-11 23:40:24] [INFO] Downloaded rule-provider LocalAreaNetwork -> ./public/rules/LocalAreaNetwork.yaml
[2026-09-11 23:40:24] [INFO] Updated rule-provider LocalAreaNetwork URL to https://cdn.honglin.ac.cn/statically/gh/flinhong/configs/public/rules/LocalAreaNetwork.yaml
[2026-09-11 23:40:24] [INFO] Downloading: https://raw.githubusercontent.com/ACL4SSR/ACL4SSR/refs/heads/master/Clash/BanAD.list
[2026-09-11 23:40:24] [INFO] Downloaded rule-provider BanAD -> ./public/rules/BanAD.yaml
[2026-09-11 23:40:24] [INFO] Updated rule-provider BanAD URL to https://cdn.honglin.ac.cn/statically/gh/flinhong/configs/public/rules/BanAD.yaml
[2026-09-11 23:40:24] [INFO] Downloading: https://raw.githubusercontent.com/ACL4SSR/ACL4SSR/refs/heads/master/Clash/BanProgramAD.list
[2026-09-11 23:40:24] [INFO] Downloaded rule-provider BanProgramAD -> ./public/rules/BanProgramAD.yaml
[2026-09-11 23:40:24] [INFO] Updated rule-provider BanProgramAD URL to https://cdn.honglin.ac.cn/statically/gh/flinhong/configs/public/rules/BanProgramAD.yaml
[2026-09-11 23:40:24] [INFO] Downloading: https://raw.githubusercontent.com/ACL4SSR/ACL4SSR/refs/heads/master/Clash/BanEasyList.list
[2026-09-11 23:40:25] [INFO] Downloaded rule-provider BanEasyList -> ./public/rules/BanEasyList.yaml
[2026-09-11 23:40:25] [INFO] Updated rule-provider BanEasyList URL to https://cdn.honglin.ac.cn/statically/gh/flinhong/configs/public/rules/BanEasyList.yaml
[2026-09-11 23:40:25] [INFO] Downloading: https://raw.githubusercontent.com/ACL4SSR/ACL4SSR/refs/heads/master/Clash/BanEasyListChina.list
[2026-09-11 23:40:25] [INFO] Downloaded rule-provider BanEasyListChina -> ./public/rules/BanEasyListChina.yaml
[2026-09-11 23:40:25] [INFO] Updated rule-provider BanEasyListChina URL to https://cdn.honglin.ac.cn/statically/gh/flinhong/configs/public/rules/BanEasyListChina.yaml
[2026-09-11 23:40:25] [INFO] Downloading: https://raw.githubusercontent.com/ACL4SSR/ACL4SSR/refs/heads/master/Clash/BanEasyPrivacy.list
[2026-09-11 23:40:25] [INFO] Downloaded rule-provider BanEasyPrivacy -> ./public/rules/BanEasyPrivacy.yaml
[2026-09-11 23:40:25] [INFO] Updated rule-provider BanEasyPrivacy URL to https://cdn.honglin.ac.cn/statically/gh/flinhong/configs/public/rules/BanEasyPrivacy.yaml
[2026-09-11 23:40:25] [INFO] Downloading: https://raw.githubusercontent.com/ACL4SSR/ACL4SSR/refs/heads/master/Clash/GoogleCN.list
[2026-09-11 23:40:25] [INFO] Downloaded rule-provider GoogleCN -> ./public/rules/GoogleCN.yaml
[2026-09-11 23:40:25] [INFO] Updated rule-provider GoogleCN URL to https://cdn.honglin.ac.cn/statically/gh/flinhong/configs/public/rules/GoogleCN.yaml
[2026-09-11 23:40:25] [INFO] Downloading: https://raw.githubusercontent.com/ACL4SSR/ACL4SSR/refs/heads/master/Clash/Ruleset/SteamCN.list
[2026-09-11 23:40:25] [INFO] Downloaded rule-provider SteamCN -> ./public/rules/SteamCN.yaml
[2026-09-11 23:40:25] [INFO] Updated rule-provider SteamCN URL to https://cdn.honglin.ac.cn/statically/gh/flinhong/configs/public/rules/SteamCN.yaml
[2026-09-11 23:40:25] [INFO] Downloading: https://raw.githubusercontent.com/ACL4SSR/ACL4SSR/refs/heads/master/Clash/Microsoft.list
[2026-09-11 23:40:25] [INFO] Downloaded rule-provider Microsoft -> ./public/rules/Microsoft.yaml
[2026-09-11 23:40:25] [INFO] Updated rule-provider Microsoft URL to https://cdn.honglin.ac.cn/statically/gh/flinhong/configs/public/rules/Microsoft.yaml
[2026-09-11 23:40:25] [INFO] Downloading: https://raw.githubusercontent.com/ACL4SSR/ACL4SSR/refs/heads/master/Clash/Apple.list
[2026-09-11 23:40:25] [INFO] Downloaded rule-provider Apple -> ./public/rules/Apple.yaml
[2026-09-11 23:40:25] [INFO] Updated rule-provider Apple URL to https://cdn.honglin.ac.cn/statically/gh/flinhong/configs/public/rules/Apple.yaml
[2026-09-11 23:40:25] [INFO] Downloading: https://raw.githubusercontent.com/ACL4SSR/ACL4SSR/refs/heads/master/Clash/ProxyMedia.list
[2026-09-11 23:40:26] [INFO] Downloaded rule-provider ProxyMedia -> ./public/rules/ProxyMedia.yaml
[2026-09-11 23:40:26] [INFO] Updated rule-provider ProxyMedia URL to https://cdn.honglin.ac.cn/statically/gh/flinhong/configs/public/rules/ProxyMedia.yaml
[2026-09-11 23:40:26] [INFO] Downloading: https://raw.githubusercontent.com/ACL4SSR/ACL4SSR/refs/heads/master/Clash/Telegram.list
[2026-09-11 23:40:26] [INFO] Downloaded rule-provider Telegram -> ./public/rules/Telegram.yaml
[2026-09-11 23:40:26] [INFO] Updated rule-provider Telegram URL to https://cdn.honglin.ac.cn/statically/gh/flinhong/configs/public/rules/Telegram.yaml
[2026-09-11 23:40:26] [INFO] Downloading: https://raw.githubusercontent.com/ACL4SSR/ACL4SSR/refs/heads/master/Clash/ProxyLite.list
[2026-09-11 23:40:26] [INFO] Downloaded rule-provider ProxyLite -> ./public/rules/ProxyLite.yaml
[2026-09-11 23:40:26] [INFO] Updated rule-provider ProxyLite URL to https://cdn.honglin.ac.cn/statically/gh/flinhong/configs/public/rules/ProxyLite.yaml
[2026-09-11 23:40:26] [INFO] Downloading: https://raw.githubusercontent.com/ACL4SSR/ACL4SSR/refs/heads/master/Clash/ChinaDomain.list
[2026-09-11 23:40:26] [INFO] Downloaded rule-provider ChinaDomain -> ./public/rules/ChinaDomain.yaml
[2026-09-11 23:40:26] [INFO] Updated rule-provider ChinaDomain URL to https://cdn.honglin.ac.cn/statically/gh/flinhong/configs/public/rules/ChinaDomain.yaml
[2026-09-11 23:40:26] [INFO] Downloading: https://raw.githubusercontent.com/ACL4SSR/ACL4SSR/refs/heads/master/Clash/ChinaCompanyIp.list
[2026-09-11 23:40:26] [INFO] Downloaded rule-provider ChinaCompanyIp -> ./public/rules/ChinaCompanyIp.yaml
[2026-09-11 23:40:26] [INFO] Updated rule-provider ChinaCompanyIp URL to https://cdn.honglin.ac.cn/statically/gh/flinhong/configs/public/rules/ChinaCompanyIp.yaml
[2026-09-11 23:40:26] [INFO] Fetching extra proxies...
[2026-09-11 23:40:27] [INFO] All date-based sources have today's file available, using today
[2026-09-11 23:40:27] [INFO] Downloading: https://raw.githubusercontent.com/zhangkaiitugithub/passcro/main/speednodes.yaml
[2026-09-11 23:40:27] [INFO] Fetched 11 unique proxies for Load Balancer.
[2026-09-11 23:40:27] [INFO] Downloading: https://node.nodefree.me/2026/09/20260911.yaml
[2026-09-11 23:40:27] [INFO] Downloading: https://static.v2rayshare.net/2026/09/20260911.yaml
[2026-09-11 23:40:27] [INFO] Downloading: https://raw.githubusercontent.com/free18/v2ray/main/c.yaml
[2026-09-11 23:40:27] [WARNING] Filtered proxy 免费VPN：https://tt.vg/FJOE2Mm: reality-opts short-id '' missing or invalid
[2026-09-11 23:40:27] [WARNING] Filtered proxy 🇩🇪_DE_德国: reality-opts short-id '' missing or invalid
[2026-09-11 23:40:27] [WARNING] Filtered proxy 🇹🇼_TW_中国台湾->🇫🇮_FI_芬兰: reality-opts short-id '' missing or invalid
[2026-09-11 23:40:27] [WARNING] Filtered proxy 🇺🇸_US_美国->🇯🇵_JP_日本: reality-opts short-id '' missing or invalid
[2026-09-11 23:40:27] [WARNING] Filtered proxy 🇩🇪_DE_德国_1: reality-opts short-id '' missing or invalid
[2026-09-11 23:40:27] [WARNING] Filtered proxy 🇺🇸_US_美国->🇯🇵_JP_日本_1: reality-opts short-id '' missing or invalid
[2026-09-11 23:40:27] [WARNING] Filtered proxy 🇩🇪_DE_德国: reality-opts short-id '' missing or invalid
[2026-09-11 23:40:27] [WARNING] Filtered proxy 🇹🇼_TW_中国台湾->🇫🇮_FI_芬兰: reality-opts short-id '' missing or invalid
[2026-09-11 23:40:27] [WARNING] Filtered proxy 🇺🇸_US_美国->🇯🇵_JP_日本: reality-opts short-id '' missing or invalid
[2026-09-11 23:40:27] [WARNING] Filtered proxy 🇩🇪_DE_德国_1: reality-opts short-id '' missing or invalid
[2026-09-11 23:40:27] [WARNING] Filtered proxy 🇺🇸_US_美国->🇯🇵_JP_日本_1: reality-opts short-id '' missing or invalid
[2026-09-11 23:40:27] [INFO] Fetched 52 unique proxies for Auto Select.
[2026-09-11 23:40:27] [WARNING] Filtered proxy 🇩🇪_DE_德国: reality-opts short-id '' missing or invalid
[2026-09-11 23:40:27] [WARNING] Filtered proxy 🇩🇪_DE_德国_1: reality-opts short-id '' missing or invalid
[2026-09-11 23:40:27] [INFO] Filtered original proxies: 390 remaining
[2026-09-11 23:40:27] [INFO] Successfully wrote config to ./public/subscribe/clash.yml
[2026-09-12 10:35:30] [INFO] Downloading: https://www.ermao.net/sub/clash/ermao.net
[2026-09-12 10:35:31] [INFO] Main subscription fetched and parsed.
[2026-09-12 10:35:31] [INFO] Downloading rule-providers...
[2026-09-12 10:35:31] [INFO] Downloading: https://raw.githubusercontent.com/ACL4SSR/ACL4SSR/refs/heads/master/Clash/LocalAreaNetwork.list
[2026-09-12 10:35:31] [INFO] Downloaded rule-provider LocalAreaNetwork -> ./public/rules/LocalAreaNetwork.yaml
[2026-09-12 10:35:31] [INFO] Updated rule-provider LocalAreaNetwork URL to https://cdn.honglin.ac.cn/statically/gh/flinhong/configs/public/rules/LocalAreaNetwork.yaml
[2026-09-12 10:35:31] [INFO] Downloading: https://raw.githubusercontent.com/ACL4SSR/ACL4SSR/refs/heads/master/Clash/BanAD.list
[2026-09-12 10:35:31] [INFO] Downloaded rule-provider BanAD -> ./public/rules/BanAD.yaml
[2026-09-12 10:35:31] [INFO] Updated rule-provider BanAD URL to https://cdn.honglin.ac.cn/statically/gh/flinhong/configs/public/rules/BanAD.yaml
[2026-09-12 10:35:31] [INFO] Downloading: https://raw.githubusercontent.com/ACL4SSR/ACL4SSR/refs/heads/master/Clash/BanProgramAD.list
[2026-09-12 10:35:32] [INFO] Downloaded rule-provider BanProgramAD -> ./public/rules/BanProgramAD.yaml
[2026-09-12 10:35:32] [INFO] Updated rule-provider BanProgramAD URL to https://cdn.honglin.ac.cn/statically/gh/flinhong/configs/public/rules/BanProgramAD.yaml
[2026-09-12 10:35:32] [INFO] Downloading: https://raw.githubusercontent.com/ACL4SSR/ACL4SSR/refs/heads/master/Clash/BanEasyList.list
[2026-09-12 10:35:32] [INFO] Downloaded rule-provider BanEasyList -> ./public/rules/BanEasyList.yaml
[2026-09-12 10:35:32] [INFO] Updated rule-provider BanEasyList URL to https://cdn.honglin.ac.cn/statically/gh/flinhong/configs/public/rules/BanEasyList.yaml
[2026-09-12 10:35:32] [INFO] Downloading: https://raw.githubusercontent.com/ACL4SSR/ACL4SSR/refs/heads/master/Clash/BanEasyListChina.list
[2026-09-12 10:35:32] [INFO] Downloaded rule-provider BanEasyListChina -> ./public/rules/BanEasyListChina.yaml
[2026-09-12 10:35:32] [INFO] Updated rule-provider BanEasyListChina URL to https://cdn.honglin.ac.cn/statically/gh/flinhong/configs/public/rules/BanEasyListChina.yaml
[2026-09-12 10:35:32] [INFO] Downloading: https://raw.githubusercontent.com/ACL4SSR/ACL4SSR/refs/heads/master/Clash/BanEasyPrivacy.list
[2026-09-12 10:35:33] [INFO] Downloaded rule-provider BanEasyPrivacy -> ./public/rules/BanEasyPrivacy.yaml
[2026-09-12 10:35:33] [INFO] Updated rule-provider BanEasyPrivacy URL to https://cdn.honglin.ac.cn/statically/gh/flinhong/configs/public/rules/BanEasyPrivacy.yaml
[2026-09-12 10:35:33] [INFO] Downloading: https://raw.githubusercontent.com/ACL4SSR/ACL4SSR/refs/heads/master/Clash/GoogleCN.list
[2026-09-12 10:35:33] [INFO] Downloaded rule-provider GoogleCN -> ./public/rules/GoogleCN.yaml
[2026-09-12 10:35:33] [INFO] Updated rule-provider GoogleCN URL to https://cdn.honglin.ac.cn/statically/gh/flinhong/configs/public/rules/GoogleCN.yaml
[2026-09-12 10:35:33] [INFO] Downloading: https://raw.githubusercontent.com/ACL4SSR/ACL4SSR/refs/heads/master/Clash/Ruleset/SteamCN.list
[2026-09-12 10:35:33] [INFO] Downloaded rule-provider SteamCN -> ./public/rules/SteamCN.yaml
[2026-09-12 10:35:33] [INFO] Updated rule-provider SteamCN URL to https://cdn.honglin.ac.cn/statically/gh/flinhong/configs/public/rules/SteamCN.yaml
[2026-09-12 10:35:33] [INFO] Downloading: https://raw.githubusercontent.com/ACL4SSR/ACL4SSR/refs/heads/master/Clash/Microsoft.list
[2026-09-12 10:35:33] [INFO] Downloaded rule-provider Microsoft -> ./public/rules/Microsoft.yaml
[2026-09-12 10:35:33] [INFO] Updated rule-provider Microsoft URL to https://cdn.honglin.ac.cn/statically/gh/flinhong/configs/public/rules/Microsoft.yaml
[2026-09-12 10:35:33] [INFO] Downloading: https://raw.githubusercontent.com/ACL4SSR/ACL4SSR/refs/heads/master/Clash/Apple.list
[2026-09-12 10:35:33] [INFO] Downloaded rule-provider Apple -> ./public/rules/Apple.yaml
[2026-09-12 10:35:33] [INFO] Updated rule-provider Apple URL to https://cdn.honglin.ac.cn/statically/gh/flinhong/configs/public/rules/Apple.yaml
[2026-09-12 10:35:33] [INFO] Downloading: https://raw.githubusercontent.com/ACL4SSR/ACL4SSR/refs/heads/master/Clash/ProxyMedia.list
[2026-09-12 10:35:33] [INFO] Downloaded rule-provider ProxyMedia -> ./public/rules/ProxyMedia.yaml
[2026-09-12 10:35:33] [INFO] Updated rule-provider ProxyMedia URL to https://cdn.honglin.ac.cn/statically/gh/flinhong/configs/public/rules/ProxyMedia.yaml
[2026-09-12 10:35:33] [INFO] Downloading: https://raw.githubusercontent.com/ACL4SSR/ACL4SSR/refs/heads/master/Clash/Telegram.list
[2026-09-12 10:35:34] [INFO] Downloaded rule-provider Telegram -> ./public/rules/Telegram.yaml
[2026-09-12 10:35:34] [INFO] Updated rule-provider Telegram URL to https://cdn.honglin.ac.cn/statically/gh/flinhong/configs/public/rules/Telegram.yaml
[2026-09-12 10:35:34] [INFO] Downloading: https://raw.githubusercontent.com/ACL4SSR/ACL4SSR/refs/heads/master/Clash/ProxyLite.list
[2026-09-12 10:35:34] [INFO] Downloaded rule-provider ProxyLite -> ./public/rules/ProxyLite.yaml
[2026-09-12 10:35:34] [INFO] Updated rule-provider ProxyLite URL to https://cdn.honglin.ac.cn/statically/gh/flinhong/configs/public/rules/ProxyLite.yaml
[2026-09-12 10:35:34] [INFO] Downloading: https://raw.githubusercontent.com/ACL4SSR/ACL4SSR/refs/heads/master/Clash/ChinaDomain.list
[2026-09-12 10:35:34] [INFO] Downloaded rule-provider ChinaDomain -> ./public/rules/ChinaDomain.yaml
[2026-09-12 10:35:34] [INFO] Updated rule-provider ChinaDomain URL to https://cdn.honglin.ac.cn/statically/gh/flinhong/configs/public/rules/ChinaDomain.yaml
[2026-09-12 10:35:34] [INFO] Downloading: https://raw.githubusercontent.com/ACL4SSR/ACL4SSR/refs/heads/master/Clash/ChinaCompanyIp.list
[2026-09-12 10:35:34] [INFO] Downloaded rule-provider ChinaCompanyIp -> ./public/rules/ChinaCompanyIp.yaml
[2026-09-12 10:35:34] [INFO] Updated rule-provider ChinaCompanyIp URL to https://cdn.honglin.ac.cn/statically/gh/flinhong/configs/public/rules/ChinaCompanyIp.yaml
[2026-09-12 10:35:34] [INFO] Fetching extra proxies...
[2026-09-12 10:35:35] [INFO] All date-based sources have today's file available, using today
[2026-09-12 10:35:35] [INFO] Downloading: https://raw.githubusercontent.com/zhangkaiitugithub/passcro/main/speednodes.yaml
[2026-09-12 10:35:35] [INFO] Fetched 11 unique proxies for Load Balancer.
[2026-09-12 10:35:35] [INFO] Downloading: https://node.nodefree.me/2026/09/20260912.yaml
[2026-09-12 10:35:35] [INFO] Downloading: https://static.v2rayshare.net/2026/09/20260912.yaml
[2026-09-12 10:35:35] [INFO] Downloading: https://raw.githubusercontent.com/free18/v2ray/main/c.yaml
[2026-09-12 10:35:35] [WARNING] Filtered proxy 免费VPN：https://tt.vg/FJOE2Mm: reality-opts short-id '' missing or invalid
[2026-09-12 10:35:35] [WARNING] Filtered proxy 🇩🇪_DE_德国: reality-opts short-id '' missing or invalid
[2026-09-12 10:35:35] [WARNING] Filtered proxy 🇹🇼_TW_中国台湾->🇫🇮_FI_芬兰: reality-opts short-id '' missing or invalid
[2026-09-12 10:35:35] [WARNING] Filtered proxy 🇺🇸_US_美国->🇯🇵_JP_日本: reality-opts short-id '' missing or invalid
[2026-09-12 10:35:35] [WARNING] Filtered proxy 🇩🇪_DE_德国_1: reality-opts short-id '' missing or invalid
[2026-09-12 10:35:35] [WARNING] Filtered proxy 🇺🇸_US_美国->🇯🇵_JP_日本_1: reality-opts short-id '' missing or invalid
[2026-09-12 10:35:35] [WARNING] Filtered proxy 🇩🇪_DE_德国: reality-opts short-id '' missing or invalid
[2026-09-12 10:35:35] [WARNING] Filtered proxy 🇹🇼_TW_中国台湾->🇫🇮_FI_芬兰: reality-opts short-id '' missing or invalid
[2026-09-12 10:35:35] [WARNING] Filtered proxy 🇺🇸_US_美国->🇯🇵_JP_日本: reality-opts short-id '' missing or invalid
[2026-09-12 10:35:35] [WARNING] Filtered proxy 🇩🇪_DE_德国_1: reality-opts short-id '' missing or invalid
[2026-09-12 10:35:35] [WARNING] Filtered proxy 🇺🇸_US_美国->🇯🇵_JP_日本_1: reality-opts short-id '' missing or invalid
[2026-09-12 10:35:35] [INFO] Fetched 52 unique proxies for Auto Select.
[2026-09-12 10:35:35] [WARNING] Filtered proxy 🇩🇪_DE_德国: reality-opts short-id '' missing or invalid
[2026-09-12 10:35:35] [WARNING] Filtered proxy 🇩🇪_DE_德国_2: reality-opts short-id '' missing or invalid
[2026-09-12 10:35:35] [WARNING] Filtered proxy 🇰🇿KZ_1|3.8MB/s: reality-opts short-id '' missing or invalid
[2026-09-12 10:35:35] [WARNING] Filtered proxy 🇸🇪 瑞典 | SWE: reality-opts short-id '' missing or invalid
[2026-09-12 10:35:35] [INFO] Filtered original proxies: 455 remaining
[2026-09-12 10:35:36] [INFO] Successfully wrote config to ./public/subscribe/clash.yml
[2026-09-12 22:47:43] [INFO] Downloading: https://www.ermao.net/sub/clash/ermao.net
[2026-09-12 22:47:44] [INFO] Main subscription fetched and parsed.
[2026-09-12 22:47:44] [INFO] Downloading rule-providers...
[2026-09-12 22:47:44] [INFO] Downloading: https://raw.githubusercontent.com/ACL4SSR/ACL4SSR/refs/heads/master/Clash/LocalAreaNetwork.list
[2026-09-12 22:47:44] [INFO] Downloaded rule-provider LocalAreaNetwork -> ./public/rules/LocalAreaNetwork.yaml
[2026-09-12 22:47:44] [INFO] Updated rule-provider LocalAreaNetwork URL to https://cdn.honglin.ac.cn/statically/gh/flinhong/configs/public/rules/LocalAreaNetwork.yaml
[2026-09-12 22:47:44] [INFO] Downloading: https://raw.githubusercontent.com/ACL4SSR/ACL4SSR/refs/heads/master/Clash/BanAD.list
[2026-09-12 22:47:44] [INFO] Downloaded rule-provider BanAD -> ./public/rules/BanAD.yaml
[2026-09-12 22:47:44] [INFO] Updated rule-provider BanAD URL to https://cdn.honglin.ac.cn/statically/gh/flinhong/configs/public/rules/BanAD.yaml
[2026-09-12 22:47:44] [INFO] Downloading: https://raw.githubusercontent.com/ACL4SSR/ACL4SSR/refs/heads/master/Clash/BanProgramAD.list
[2026-09-12 22:47:44] [INFO] Downloaded rule-provider BanProgramAD -> ./public/rules/BanProgramAD.yaml
[2026-09-12 22:47:44] [INFO] Updated rule-provider BanProgramAD URL to https://cdn.honglin.ac.cn/statically/gh/flinhong/configs/public/rules/BanProgramAD.yaml
[2026-09-12 22:47:44] [INFO] Downloading: https://raw.githubusercontent.com/ACL4SSR/ACL4SSR/refs/heads/master/Clash/BanEasyList.list
[2026-09-12 22:47:44] [INFO] Downloaded rule-provider BanEasyList -> ./public/rules/BanEasyList.yaml
[2026-09-12 22:47:44] [INFO] Updated rule-provider BanEasyList URL to https://cdn.honglin.ac.cn/statically/gh/flinhong/configs/public/rules/BanEasyList.yaml
[2026-09-12 22:47:44] [INFO] Downloading: https://raw.githubusercontent.com/ACL4SSR/ACL4SSR/refs/heads/master/Clash/BanEasyListChina.list
[2026-09-12 22:47:44] [INFO] Downloaded rule-provider BanEasyListChina -> ./public/rules/BanEasyListChina.yaml
[2026-09-12 22:47:44] [INFO] Updated rule-provider BanEasyListChina URL to https://cdn.honglin.ac.cn/statically/gh/flinhong/configs/public/rules/BanEasyListChina.yaml
[2026-09-12 22:47:44] [INFO] Downloading: https://raw.githubusercontent.com/ACL4SSR/ACL4SSR/refs/heads/master/Clash/BanEasyPrivacy.list
[2026-09-12 22:47:45] [INFO] Downloaded rule-provider BanEasyPrivacy -> ./public/rules/BanEasyPrivacy.yaml
[2026-09-12 22:47:45] [INFO] Updated rule-provider BanEasyPrivacy URL to https://cdn.honglin.ac.cn/statically/gh/flinhong/configs/public/rules/BanEasyPrivacy.yaml
[2026-09-12 22:47:45] [INFO] Downloading: https://raw.githubusercontent.com/ACL4SSR/ACL4SSR/refs/heads/master/Clash/GoogleCN.list
[2026-09-12 22:47:45] [INFO] Downloaded rule-provider GoogleCN -> ./public/rules/GoogleCN.yaml
[2026-09-12 22:47:45] [INFO] Updated rule-provider GoogleCN URL to https://cdn.honglin.ac.cn/statically/gh/flinhong/configs/public/rules/GoogleCN.yaml
[2026-09-12 22:47:45] [INFO] Downloading: https://raw.githubusercontent.com/ACL4SSR/ACL4SSR/refs/heads/master/Clash/Ruleset/SteamCN.list
[2026-09-12 22:47:45] [INFO] Downloaded rule-provider SteamCN -> ./public/rules/SteamCN.yaml
[2026-09-12 22:47:45] [INFO] Updated rule-provider SteamCN URL to https://cdn.honglin.ac.cn/statically/gh/flinhong/configs/public/rules/SteamCN.yaml
[2026-09-12 22:47:45] [INFO] Downloading: https://raw.githubusercontent.com/ACL4SSR/ACL4SSR/refs/heads/master/Clash/Microsoft.list
[2026-09-12 22:47:45] [INFO] Downloaded rule-provider Microsoft -> ./public/rules/Microsoft.yaml
[2026-09-12 22:47:45] [INFO] Updated rule-provider Microsoft URL to https://cdn.honglin.ac.cn/statically/gh/flinhong/configs/public/rules/Microsoft.yaml
[2026-09-12 22:47:45] [INFO] Downloading: https://raw.githubusercontent.com/ACL4SSR/ACL4SSR/refs/heads/master/Clash/Apple.list
[2026-09-12 22:47:45] [INFO] Downloaded rule-provider Apple -> ./public/rules/Apple.yaml
[2026-09-12 22:47:45] [INFO] Updated rule-provider Apple URL to https://cdn.honglin.ac.cn/statically/gh/flinhong/configs/public/rules/Apple.yaml
[2026-09-12 22:47:45] [INFO] Downloading: https://raw.githubusercontent.com/ACL4SSR/ACL4SSR/refs/heads/master/Clash/ProxyMedia.list
[2026-09-12 22:47:45] [INFO] Downloaded rule-provider ProxyMedia -> ./public/rules/ProxyMedia.yaml
[2026-09-12 22:47:45] [INFO] Updated rule-provider ProxyMedia URL to https://cdn.honglin.ac.cn/statically/gh/flinhong/configs/public/rules/ProxyMedia.yaml
[2026-09-12 22:47:45] [INFO] Downloading: https://raw.githubusercontent.com/ACL4SSR/ACL4SSR/refs/heads/master/Clash/Telegram.list
[2026-09-12 22:47:45] [INFO] Downloaded rule-provider Telegram -> ./public/rules/Telegram.yaml
[2026-09-12 22:47:45] [INFO] Updated rule-provider Telegram URL to https://cdn.honglin.ac.cn/statically/gh/flinhong/configs/public/rules/Telegram.yaml
[2026-09-12 22:47:45] [INFO] Downloading: https://raw.githubusercontent.com/ACL4SSR/ACL4SSR/refs/heads/master/Clash/ProxyLite.list
[2026-09-12 22:47:45] [INFO] Downloaded rule-provider ProxyLite -> ./public/rules/ProxyLite.yaml
[2026-09-12 22:47:45] [INFO] Updated rule-provider ProxyLite URL to https://cdn.honglin.ac.cn/statically/gh/flinhong/configs/public/rules/ProxyLite.yaml
[2026-09-12 22:47:45] [INFO] Downloading: https://raw.githubusercontent.com/ACL4SSR/ACL4SSR/refs/heads/master/Clash/ChinaDomain.list
[2026-09-12 22:47:46] [INFO] Downloaded rule-provider ChinaDomain -> ./public/rules/ChinaDomain.yaml
[2026-09-12 22:47:46] [INFO] Updated rule-provider ChinaDomain URL to https://cdn.honglin.ac.cn/statically/gh/flinhong/configs/public/rules/ChinaDomain.yaml
[2026-09-12 22:47:46] [INFO] Downloading: https://raw.githubusercontent.com/ACL4SSR/ACL4SSR/refs/heads/master/Clash/ChinaCompanyIp.list
[2026-09-12 22:47:46] [INFO] Downloaded rule-provider ChinaCompanyIp -> ./public/rules/ChinaCompanyIp.yaml
[2026-09-12 22:47:46] [INFO] Updated rule-provider ChinaCompanyIp URL to https://cdn.honglin.ac.cn/statically/gh/flinhong/configs/public/rules/ChinaCompanyIp.yaml
[2026-09-12 22:47:46] [INFO] Fetching extra proxies...
[2026-09-12 22:47:46] [INFO] All date-based sources have today's file available, using today
[2026-09-12 22:47:46] [INFO] Downloading: https://raw.githubusercontent.com/zhangkaiitugithub/passcro/main/speednodes.yaml
[2026-09-12 22:47:46] [INFO] Fetched 11 unique proxies for Load Balancer.
[2026-09-12 22:47:46] [INFO] Downloading: https://node.nodefree.me/2026/09/20260912.yaml
[2026-09-12 22:47:46] [INFO] Downloading: https://static.v2rayshare.net/2026/09/20260912.yaml
[2026-09-12 22:47:46] [INFO] Downloading: https://raw.githubusercontent.com/free18/v2ray/main/c.yaml
[2026-09-12 22:47:47] [WARNING] Filtered proxy 日期：09-12: reality-opts short-id '' missing or invalid
[2026-09-12 22:47:47] [WARNING] Filtered proxy 🇸🇨_塞舌尔_46: reality-opts short-id '' missing or invalid
[2026-09-12 22:47:47] [WARNING] Filtered proxy 🇺🇸_美国_49: reality-opts short-id '' missing or invalid
[2026-09-12 22:47:47] [WARNING] Filtered proxy 🇺🇸_美国_54: reality-opts short-id '' missing or invalid
[2026-09-12 22:47:47] [WARNING] Filtered proxy 🇺🇸_美国_55: reality-opts short-id '' missing or invalid
[2026-09-12 22:47:47] [WARNING] Filtered proxy 🇩🇪_德国_62: reality-opts short-id '' missing or invalid
[2026-09-12 22:47:47] [WARNING] Filtered proxy 🇩🇪_德国_64: reality-opts short-id '' missing or invalid
[2026-09-12 22:47:47] [WARNING] Filtered proxy 🇩🇪_DE_德国: reality-opts short-id '' missing or invalid
[2026-09-12 22:47:47] [WARNING] Filtered proxy 🇹🇼_TW_中国台湾->🇫🇮_FI_芬兰: reality-opts short-id '' missing or invalid
[2026-09-12 22:47:47] [WARNING] Filtered proxy 🇺🇸_US_美国->🇯🇵_JP_日本: reality-opts short-id '' missing or invalid
[2026-09-12 22:47:47] [WARNING] Filtered proxy 🇩🇪_DE_德国_1: reality-opts short-id '' missing or invalid
[2026-09-12 22:47:47] [WARNING] Filtered proxy 🇺🇸_US_美国->🇯🇵_JP_日本_1: reality-opts short-id '' missing or invalid
[2026-09-12 22:47:47] [WARNING] Filtered proxy 🇩🇪_DE_德国: reality-opts short-id '' missing or invalid
[2026-09-12 22:47:47] [WARNING] Filtered proxy 🇹🇼_TW_中国台湾->🇫🇮_FI_芬兰: reality-opts short-id '' missing or invalid
[2026-09-12 22:47:47] [WARNING] Filtered proxy 🇺🇸_US_美国->🇯🇵_JP_日本: reality-opts short-id '' missing or invalid
[2026-09-12 22:47:47] [WARNING] Filtered proxy 🇩🇪_DE_德国_1: reality-opts short-id '' missing or invalid
[2026-09-12 22:47:47] [WARNING] Filtered proxy 🇺🇸_US_美国->🇯🇵_JP_日本_1: reality-opts short-id '' missing or invalid
[2026-09-12 22:47:47] [INFO] Fetched 72 unique proxies for Auto Select.
[2026-09-12 22:47:47] [WARNING] Filtered proxy 🇹🇷TR_1|1.1MB/s: reality-opts short-id '' missing or invalid
[2026-09-12 22:47:47] [WARNING] Filtered proxy 🇸🇪 瑞典 | SWE: reality-opts short-id '' missing or invalid
[2026-09-12 22:47:47] [WARNING] Filtered proxy 🇺🇸 美国 | USA 10: reality-opts short-id '' missing or invalid
[2026-09-12 22:47:47] [INFO] Filtered original proxies: 405 remaining
[2026-09-12 22:47:47] [INFO] Successfully wrote config to ./public/subscribe/clash.yml
[2026-09-13 10:34:23] [INFO] Downloading: https://www.ermao.net/sub/clash/ermao.net
[2026-09-13 10:34:24] [INFO] Main subscription fetched and parsed.
[2026-09-13 10:34:24] [INFO] Downloading rule-providers...
[2026-09-13 10:34:24] [INFO] Downloading: https://raw.githubusercontent.com/ACL4SSR/ACL4SSR/refs/heads/master/Clash/LocalAreaNetwork.list
[2026-09-13 10:34:24] [INFO] Downloaded rule-provider LocalAreaNetwork -> ./public/rules/LocalAreaNetwork.yaml
[2026-09-13 10:34:24] [INFO] Updated rule-provider LocalAreaNetwork URL to https://cdn.honglin.ac.cn/statically/gh/flinhong/configs/public/rules/LocalAreaNetwork.yaml
[2026-09-13 10:34:24] [INFO] Downloading: https://raw.githubusercontent.com/ACL4SSR/ACL4SSR/refs/heads/master/Clash/BanAD.list
[2026-09-13 10:34:24] [INFO] Downloaded rule-provider BanAD -> ./public/rules/BanAD.yaml
[2026-09-13 10:34:24] [INFO] Updated rule-provider BanAD URL to https://cdn.honglin.ac.cn/statically/gh/flinhong/configs/public/rules/BanAD.yaml
[2026-09-13 10:34:24] [INFO] Downloading: https://raw.githubusercontent.com/ACL4SSR/ACL4SSR/refs/heads/master/Clash/BanProgramAD.list
[2026-09-13 10:34:24] [INFO] Downloaded rule-provider BanProgramAD -> ./public/rules/BanProgramAD.yaml
[2026-09-13 10:34:24] [INFO] Updated rule-provider BanProgramAD URL to https://cdn.honglin.ac.cn/statically/gh/flinhong/configs/public/rules/BanProgramAD.yaml
[2026-09-13 10:34:24] [INFO] Downloading: https://raw.githubusercontent.com/ACL4SSR/ACL4SSR/refs/heads/master/Clash/BanEasyList.list
[2026-09-13 10:34:25] [INFO] Downloaded rule-provider BanEasyList -> ./public/rules/BanEasyList.yaml
[2026-09-13 10:34:25] [INFO] Updated rule-provider BanEasyList URL to https://cdn.honglin.ac.cn/statically/gh/flinhong/configs/public/rules/BanEasyList.yaml
[2026-09-13 10:34:25] [INFO] Downloading: https://raw.githubusercontent.com/ACL4SSR/ACL4SSR/refs/heads/master/Clash/BanEasyListChina.list
[2026-09-13 10:34:25] [INFO] Downloaded rule-provider BanEasyListChina -> ./public/rules/BanEasyListChina.yaml
[2026-09-13 10:34:25] [INFO] Updated rule-provider BanEasyListChina URL to https://cdn.honglin.ac.cn/statically/gh/flinhong/configs/public/rules/BanEasyListChina.yaml
[2026-09-13 10:34:25] [INFO] Downloading: https://raw.githubusercontent.com/ACL4SSR/ACL4SSR/refs/heads/master/Clash/BanEasyPrivacy.list
[2026-09-13 10:34:26] [INFO] Downloaded rule-provider BanEasyPrivacy -> ./public/rules/BanEasyPrivacy.yaml
[2026-09-13 10:34:26] [INFO] Updated rule-provider BanEasyPrivacy URL to https://cdn.honglin.ac.cn/statically/gh/flinhong/configs/public/rules/BanEasyPrivacy.yaml
[2026-09-13 10:34:26] [INFO] Downloading: https://raw.githubusercontent.com/ACL4SSR/ACL4SSR/refs/heads/master/Clash/GoogleCN.list
[2026-09-13 10:34:26] [INFO] Downloaded rule-provider GoogleCN -> ./public/rules/GoogleCN.yaml
[2026-09-13 10:34:26] [INFO] Updated rule-provider GoogleCN URL to https://cdn.honglin.ac.cn/statically/gh/flinhong/configs/public/rules/GoogleCN.yaml
[2026-09-13 10:34:26] [INFO] Downloading: https://raw.githubusercontent.com/ACL4SSR/ACL4SSR/refs/heads/master/Clash/Ruleset/SteamCN.list
[2026-09-13 10:34:26] [INFO] Downloaded rule-provider SteamCN -> ./public/rules/SteamCN.yaml
[2026-09-13 10:34:26] [INFO] Updated rule-provider SteamCN URL to https://cdn.honglin.ac.cn/statically/gh/flinhong/configs/public/rules/SteamCN.yaml
[2026-09-13 10:34:26] [INFO] Downloading: https://raw.githubusercontent.com/ACL4SSR/ACL4SSR/refs/heads/master/Clash/Microsoft.list
[2026-09-13 10:34:26] [INFO] Downloaded rule-provider Microsoft -> ./public/rules/Microsoft.yaml
[2026-09-13 10:34:26] [INFO] Updated rule-provider Microsoft URL to https://cdn.honglin.ac.cn/statically/gh/flinhong/configs/public/rules/Microsoft.yaml
[2026-09-13 10:34:26] [INFO] Downloading: https://raw.githubusercontent.com/ACL4SSR/ACL4SSR/refs/heads/master/Clash/Apple.list
[2026-09-13 10:34:27] [INFO] Downloaded rule-provider Apple -> ./public/rules/Apple.yaml
[2026-09-13 10:34:27] [INFO] Updated rule-provider Apple URL to https://cdn.honglin.ac.cn/statically/gh/flinhong/configs/public/rules/Apple.yaml
[2026-09-13 10:34:27] [INFO] Downloading: https://raw.githubusercontent.com/ACL4SSR/ACL4SSR/refs/heads/master/Clash/ProxyMedia.list
[2026-09-13 10:34:27] [INFO] Downloaded rule-provider ProxyMedia -> ./public/rules/ProxyMedia.yaml
[2026-09-13 10:34:27] [INFO] Updated rule-provider ProxyMedia URL to https://cdn.honglin.ac.cn/statically/gh/flinhong/configs/public/rules/ProxyMedia.yaml
[2026-09-13 10:34:27] [INFO] Downloading: https://raw.githubusercontent.com/ACL4SSR/ACL4SSR/refs/heads/master/Clash/Telegram.list
[2026-09-13 10:34:27] [INFO] Downloaded rule-provider Telegram -> ./public/rules/Telegram.yaml
[2026-09-13 10:34:27] [INFO] Updated rule-provider Telegram URL to https://cdn.honglin.ac.cn/statically/gh/flinhong/configs/public/rules/Telegram.yaml
[2026-09-13 10:34:27] [INFO] Downloading: https://raw.githubusercontent.com/ACL4SSR/ACL4SSR/refs/heads/master/Clash/ProxyLite.list
[2026-09-13 10:34:27] [INFO] Downloaded rule-provider ProxyLite -> ./public/rules/ProxyLite.yaml
[2026-09-13 10:34:27] [INFO] Updated rule-provider ProxyLite URL to https://cdn.honglin.ac.cn/statically/gh/flinhong/configs/public/rules/ProxyLite.yaml
[2026-09-13 10:34:27] [INFO] Downloading: https://raw.githubusercontent.com/ACL4SSR/ACL4SSR/refs/heads/master/Clash/ChinaDomain.list
[2026-09-13 10:34:27] [INFO] Downloaded rule-provider ChinaDomain -> ./public/rules/ChinaDomain.yaml
[2026-09-13 10:34:27] [INFO] Updated rule-provider ChinaDomain URL to https://cdn.honglin.ac.cn/statically/gh/flinhong/configs/public/rules/ChinaDomain.yaml
[2026-09-13 10:34:27] [INFO] Downloading: https://raw.githubusercontent.com/ACL4SSR/ACL4SSR/refs/heads/master/Clash/ChinaCompanyIp.list
[2026-09-13 10:34:27] [INFO] Downloaded rule-provider ChinaCompanyIp -> ./public/rules/ChinaCompanyIp.yaml
[2026-09-13 10:34:27] [INFO] Updated rule-provider ChinaCompanyIp URL to https://cdn.honglin.ac.cn/statically/gh/flinhong/configs/public/rules/ChinaCompanyIp.yaml
[2026-09-13 10:34:27] [INFO] Fetching extra proxies...
[2026-09-13 10:34:28] [INFO] All date-based sources have today's file available, using today
[2026-09-13 10:34:28] [INFO] Downloading: https://raw.githubusercontent.com/zhangkaiitugithub/passcro/main/speednodes.yaml
[2026-09-13 10:34:28] [INFO] Fetched 11 unique proxies for Load Balancer.
[2026-09-13 10:34:28] [INFO] Downloading: https://node.nodefree.me/2026/09/20260913.yaml
[2026-09-13 10:34:28] [INFO] Downloading: https://static.v2rayshare.net/2026/09/20260913.yaml
[2026-09-13 10:34:28] [INFO] Downloading: https://raw.githubusercontent.com/free18/v2ray/main/c.yaml
[2026-09-13 10:34:28] [WARNING] Filtered proxy 🇩🇪_DE_德国: reality-opts short-id '' missing or invalid
[2026-09-13 10:34:28] [WARNING] Filtered proxy 🇹🇼_TW_中国台湾->🇫🇮_FI_芬兰: reality-opts short-id '' missing or invalid
[2026-09-13 10:34:28] [WARNING] Filtered proxy 🇺🇸_US_美国->🇯🇵_JP_日本: reality-opts short-id '' missing or invalid
[2026-09-13 10:34:28] [WARNING] Filtered proxy 🇩🇪_DE_德国_1: reality-opts short-id '' missing or invalid
[2026-09-13 10:34:28] [WARNING] Filtered proxy 🇺🇸_US_美国->🇯🇵_JP_日本_1: reality-opts short-id '' missing or invalid
[2026-09-13 10:34:28] [WARNING] Filtered proxy 🇩🇪_DE_德国: reality-opts short-id '' missing or invalid
[2026-09-13 10:34:28] [WARNING] Filtered proxy 🇹🇼_TW_中国台湾->🇫🇮_FI_芬兰: reality-opts short-id '' missing or invalid
[2026-09-13 10:34:28] [WARNING] Filtered proxy 🇺🇸_US_美国->🇯🇵_JP_日本: reality-opts short-id '' missing or invalid
[2026-09-13 10:34:28] [WARNING] Filtered proxy 🇩🇪_DE_德国_1: reality-opts short-id '' missing or invalid
[2026-09-13 10:34:28] [WARNING] Filtered proxy 🇺🇸_US_美国->🇯🇵_JP_日本_1: reality-opts short-id '' missing or invalid
[2026-09-13 10:34:29] [WARNING] Filtered proxy 日期：09-12: reality-opts short-id '' missing or invalid
[2026-09-13 10:34:29] [WARNING] Filtered proxy 🇸🇨_塞舌尔_46: reality-opts short-id '' missing or invalid
[2026-09-13 10:34:29] [WARNING] Filtered proxy 🇺🇸_美国_49: reality-opts short-id '' missing or invalid
[2026-09-13 10:34:29] [WARNING] Filtered proxy 🇺🇸_美国_54: reality-opts short-id '' missing or invalid
[2026-09-13 10:34:29] [WARNING] Filtered proxy 🇺🇸_美国_55: reality-opts short-id '' missing or invalid
[2026-09-13 10:34:29] [WARNING] Filtered proxy 🇩🇪_德国_62: reality-opts short-id '' missing or invalid
[2026-09-13 10:34:29] [WARNING] Filtered proxy 🇩🇪_德国_64: reality-opts short-id '' missing or invalid
[2026-09-13 10:34:29] [INFO] Fetched 72 unique proxies for Auto Select.
[2026-09-13 10:34:29] [WARNING] Filtered proxy 🇩🇪_DE_德国: reality-opts short-id '' missing or invalid
[2026-09-13 10:34:29] [WARNING] Filtered proxy 🇸🇪SE_1|3.2MB/s: reality-opts short-id '' missing or invalid
[2026-09-13 10:34:29] [WARNING] Filtered proxy 🇺🇦UA_1|2.6MB/s: reality-opts short-id '' missing or invalid
[2026-09-13 10:34:29] [WARNING] Filtered proxy 🇹🇷TR_1|4.2MB/s: reality-opts short-id '' missing or invalid
[2026-09-13 10:34:29] [WARNING] Filtered proxy 🇬🇧 英国 | GBR 2: reality-opts short-id '' missing or invalid
[2026-09-13 10:34:29] [WARNING] Filtered proxy 🇬🇧 英国 | GBR 3: reality-opts short-id '' missing or invalid
[2026-09-13 10:34:29] [WARNING] Filtered proxy 🇬🇧 英国 | GBR 4: reality-opts short-id '' missing or invalid
[2026-09-13 10:34:29] [WARNING] Filtered proxy 🇹🇷 土耳其 | TUR: reality-opts short-id '' missing or invalid
[2026-09-13 10:34:29] [INFO] Filtered original proxies: 456 remaining
[2026-09-13 10:34:29] [INFO] Successfully wrote config to ./public/subscribe/clash.yml
[2026-09-13 23:26:22] [INFO] Downloading: https://www.ermao.net/sub/clash/ermao.net
[2026-09-13 23:26:22] [INFO] Main subscription fetched and parsed.
[2026-09-13 23:26:22] [INFO] Downloading rule-providers...
[2026-09-13 23:26:22] [INFO] Downloading: https://raw.githubusercontent.com/ACL4SSR/ACL4SSR/refs/heads/master/Clash/LocalAreaNetwork.list
[2026-09-13 23:26:23] [INFO] Downloaded rule-provider LocalAreaNetwork -> ./public/rules/LocalAreaNetwork.yaml
[2026-09-13 23:26:23] [INFO] Updated rule-provider LocalAreaNetwork URL to https://cdn.honglin.ac.cn/statically/gh/flinhong/configs/public/rules/LocalAreaNetwork.yaml
[2026-09-13 23:26:23] [INFO] Downloading: https://raw.githubusercontent.com/ACL4SSR/ACL4SSR/refs/heads/master/Clash/BanAD.list
[2026-09-13 23:26:23] [INFO] Downloaded rule-provider BanAD -> ./public/rules/BanAD.yaml
[2026-09-13 23:26:23] [INFO] Updated rule-provider BanAD URL to https://cdn.honglin.ac.cn/statically/gh/flinhong/configs/public/rules/BanAD.yaml
[2026-09-13 23:26:23] [INFO] Downloading: https://raw.githubusercontent.com/ACL4SSR/ACL4SSR/refs/heads/master/Clash/BanProgramAD.list
[2026-09-13 23:26:23] [INFO] Downloaded rule-provider BanProgramAD -> ./public/rules/BanProgramAD.yaml
[2026-09-13 23:26:23] [INFO] Updated rule-provider BanProgramAD URL to https://cdn.honglin.ac.cn/statically/gh/flinhong/configs/public/rules/BanProgramAD.yaml
[2026-09-13 23:26:23] [INFO] Downloading: https://raw.githubusercontent.com/ACL4SSR/ACL4SSR/refs/heads/master/Clash/BanEasyList.list
[2026-09-13 23:26:23] [INFO] Downloaded rule-provider BanEasyList -> ./public/rules/BanEasyList.yaml
[2026-09-13 23:26:23] [INFO] Updated rule-provider BanEasyList URL to https://cdn.honglin.ac.cn/statically/gh/flinhong/configs/public/rules/BanEasyList.yaml
[2026-09-13 23:26:23] [INFO] Downloading: https://raw.githubusercontent.com/ACL4SSR/ACL4SSR/refs/heads/master/Clash/BanEasyListChina.list
[2026-09-13 23:26:23] [INFO] Downloaded rule-provider BanEasyListChina -> ./public/rules/BanEasyListChina.yaml
[2026-09-13 23:26:23] [INFO] Updated rule-provider BanEasyListChina URL to https://cdn.honglin.ac.cn/statically/gh/flinhong/configs/public/rules/BanEasyListChina.yaml
[2026-09-13 23:26:23] [INFO] Downloading: https://raw.githubusercontent.com/ACL4SSR/ACL4SSR/refs/heads/master/Clash/BanEasyPrivacy.list
[2026-09-13 23:26:23] [INFO] Downloaded rule-provider BanEasyPrivacy -> ./public/rules/BanEasyPrivacy.yaml
[2026-09-13 23:26:23] [INFO] Updated rule-provider BanEasyPrivacy URL to https://cdn.honglin.ac.cn/statically/gh/flinhong/configs/public/rules/BanEasyPrivacy.yaml
[2026-09-13 23:26:23] [INFO] Downloading: https://raw.githubusercontent.com/ACL4SSR/ACL4SSR/refs/heads/master/Clash/GoogleCN.list
[2026-09-13 23:26:24] [INFO] Downloaded rule-provider GoogleCN -> ./public/rules/GoogleCN.yaml
[2026-09-13 23:26:24] [INFO] Updated rule-provider GoogleCN URL to https://cdn.honglin.ac.cn/statically/gh/flinhong/configs/public/rules/GoogleCN.yaml
[2026-09-13 23:26:24] [INFO] Downloading: https://raw.githubusercontent.com/ACL4SSR/ACL4SSR/refs/heads/master/Clash/Ruleset/SteamCN.list
[2026-09-13 23:26:24] [INFO] Downloaded rule-provider SteamCN -> ./public/rules/SteamCN.yaml
[2026-09-13 23:26:24] [INFO] Updated rule-provider SteamCN URL to https://cdn.honglin.ac.cn/statically/gh/flinhong/configs/public/rules/SteamCN.yaml
[2026-09-13 23:26:24] [INFO] Downloading: https://raw.githubusercontent.com/ACL4SSR/ACL4SSR/refs/heads/master/Clash/Microsoft.list
[2026-09-13 23:26:24] [INFO] Downloaded rule-provider Microsoft -> ./public/rules/Microsoft.yaml
[2026-09-13 23:26:24] [INFO] Updated rule-provider Microsoft URL to https://cdn.honglin.ac.cn/statically/gh/flinhong/configs/public/rules/Microsoft.yaml
[2026-09-13 23:26:24] [INFO] Downloading: https://raw.githubusercontent.com/ACL4SSR/ACL4SSR/refs/heads/master/Clash/Apple.list
[2026-09-13 23:26:24] [INFO] Downloaded rule-provider Apple -> ./public/rules/Apple.yaml
[2026-09-13 23:26:24] [INFO] Updated rule-provider Apple URL to https://cdn.honglin.ac.cn/statically/gh/flinhong/configs/public/rules/Apple.yaml
[2026-09-13 23:26:24] [INFO] Downloading: https://raw.githubusercontent.com/ACL4SSR/ACL4SSR/refs/heads/master/Clash/ProxyMedia.list
[2026-09-13 23:26:24] [INFO] Downloaded rule-provider ProxyMedia -> ./public/rules/ProxyMedia.yaml
[2026-09-13 23:26:24] [INFO] Updated rule-provider ProxyMedia URL to https://cdn.honglin.ac.cn/statically/gh/flinhong/configs/public/rules/ProxyMedia.yaml
[2026-09-13 23:26:24] [INFO] Downloading: https://raw.githubusercontent.com/ACL4SSR/ACL4SSR/refs/heads/master/Clash/Telegram.list
[2026-09-13 23:26:24] [INFO] Downloaded rule-provider Telegram -> ./public/rules/Telegram.yaml
[2026-09-13 23:26:24] [INFO] Updated rule-provider Telegram URL to https://cdn.honglin.ac.cn/statically/gh/flinhong/configs/public/rules/Telegram.yaml
[2026-09-13 23:26:24] [INFO] Downloading: https://raw.githubusercontent.com/ACL4SSR/ACL4SSR/refs/heads/master/Clash/ProxyLite.list
[2026-09-13 23:26:24] [INFO] Downloaded rule-provider ProxyLite -> ./public/rules/ProxyLite.yaml
[2026-09-13 23:26:24] [INFO] Updated rule-provider ProxyLite URL to https://cdn.honglin.ac.cn/statically/gh/flinhong/configs/public/rules/ProxyLite.yaml
[2026-09-13 23:26:24] [INFO] Downloading: https://raw.githubusercontent.com/ACL4SSR/ACL4SSR/refs/heads/master/Clash/ChinaDomain.list
[2026-09-13 23:26:24] [INFO] Downloaded rule-provider ChinaDomain -> ./public/rules/ChinaDomain.yaml
[2026-09-13 23:26:24] [INFO] Updated rule-provider ChinaDomain URL to https://cdn.honglin.ac.cn/statically/gh/flinhong/configs/public/rules/ChinaDomain.yaml
[2026-09-13 23:26:24] [INFO] Downloading: https://raw.githubusercontent.com/ACL4SSR/ACL4SSR/refs/heads/master/Clash/ChinaCompanyIp.list
[2026-09-13 23:26:24] [INFO] Downloaded rule-provider ChinaCompanyIp -> ./public/rules/ChinaCompanyIp.yaml
[2026-09-13 23:26:24] [INFO] Updated rule-provider ChinaCompanyIp URL to https://cdn.honglin.ac.cn/statically/gh/flinhong/configs/public/rules/ChinaCompanyIp.yaml
[2026-09-13 23:26:24] [INFO] Fetching extra proxies...
[2026-09-13 23:26:25] [INFO] All date-based sources have today's file available, using today
[2026-09-13 23:26:25] [INFO] Downloading: https://raw.githubusercontent.com/zhangkaiitugithub/passcro/main/speednodes.yaml
[2026-09-13 23:26:25] [INFO] Fetched 11 unique proxies for Load Balancer.
[2026-09-13 23:26:25] [INFO] Downloading: https://node.nodefree.me/2026/09/20260913.yaml
[2026-09-13 23:26:25] [INFO] Downloading: https://static.v2rayshare.net/2026/09/20260913.yaml
[2026-09-13 23:26:25] [INFO] Downloading: https://raw.githubusercontent.com/free18/v2ray/main/c.yaml
[2026-09-13 23:26:25] [WARNING] Filtered proxy 🇩🇪_德国_26: reality-opts short-id '' missing or invalid
[2026-09-13 23:26:26] [WARNING] Filtered proxy 🇩🇪_DE_德国: reality-opts short-id '' missing or invalid
[2026-09-13 23:26:26] [WARNING] Filtered proxy 🇹🇼_TW_中国台湾->🇫🇮_FI_芬兰: reality-opts short-id '' missing or invalid
[2026-09-13 23:26:26] [WARNING] Filtered proxy 🇺🇸_US_美国->🇯🇵_JP_日本: reality-opts short-id '' missing or invalid
[2026-09-13 23:26:26] [WARNING] Filtered proxy 🇩🇪_DE_德国_1: reality-opts short-id '' missing or invalid
[2026-09-13 23:26:26] [WARNING] Filtered proxy 🇺🇸_US_美国->🇯🇵_JP_日本_1: reality-opts short-id '' missing or invalid
[2026-09-13 23:26:26] [WARNING] Filtered proxy 🇩🇪_DE_德国: reality-opts short-id '' missing or invalid
[2026-09-13 23:26:26] [WARNING] Filtered proxy 🇹🇼_TW_中国台湾->🇫🇮_FI_芬兰: reality-opts short-id '' missing or invalid
[2026-09-13 23:26:26] [WARNING] Filtered proxy 🇺🇸_US_美国->🇯🇵_JP_日本: reality-opts short-id '' missing or invalid
[2026-09-13 23:26:26] [WARNING] Filtered proxy 🇩🇪_DE_德国_1: reality-opts short-id '' missing or invalid
[2026-09-13 23:26:26] [WARNING] Filtered proxy 🇺🇸_US_美国->🇯🇵_JP_日本_1: reality-opts short-id '' missing or invalid
[2026-09-13 23:26:26] [INFO] Fetched 61 unique proxies for Auto Select.
[2026-09-13 23:26:26] [WARNING] Filtered proxy 🇫🇮_FI_芬兰: reality-opts short-id '' missing or invalid
[2026-09-13 23:26:26] [WARNING] Filtered proxy 🇩🇪_DE_德国_2: reality-opts short-id '' missing or invalid
[2026-09-13 23:26:26] [WARNING] Filtered proxy 🇺🇸US_1|2.2MB/s: reality-opts short-id '' missing or invalid
[2026-09-13 23:26:26] [WARNING] Filtered proxy 🇹🇷TR_1|1.1MB/s: reality-opts short-id '' missing or invalid
[2026-09-13 23:26:26] [WARNING] Filtered proxy 🇮🇱IL_1|1.4MB/s: reality-opts short-id '' missing or invalid
[2026-09-13 23:26:26] [WARNING] Filtered proxy 🇫🇷FR_1|2.0MB/s: reality-opts short-id '' missing or invalid
[2026-09-13 23:26:26] [WARNING] Filtered proxy 🇬🇧 英国 | GBR 2: reality-opts short-id '' missing or invalid
[2026-09-13 23:26:26] [WARNING] Filtered proxy 🇭🇰 香港 | HKG 3: reality-opts short-id '' missing or invalid
[2026-09-13 23:26:26] [INFO] Filtered original proxies: 390 remaining
[2026-09-13 23:26:26] [INFO] Successfully wrote config to ./public/subscribe/clash.yml
[2026-09-14 10:50:12] [INFO] Downloading: https://www.ermao.net/sub/clash/ermao.net
[2026-09-14 10:50:13] [INFO] Main subscription fetched and parsed.
[2026-09-14 10:50:13] [INFO] Downloading rule-providers...
[2026-09-14 10:50:13] [INFO] Downloading: https://raw.githubusercontent.com/ACL4SSR/ACL4SSR/refs/heads/master/Clash/LocalAreaNetwork.list
[2026-09-14 10:50:13] [INFO] Downloaded rule-provider LocalAreaNetwork -> ./public/rules/LocalAreaNetwork.yaml
[2026-09-14 10:50:13] [INFO] Updated rule-provider LocalAreaNetwork URL to https://cdn.honglin.ac.cn/statically/gh/flinhong/configs/public/rules/LocalAreaNetwork.yaml
[2026-09-14 10:50:13] [INFO] Downloading: https://raw.githubusercontent.com/ACL4SSR/ACL4SSR/refs/heads/master/Clash/BanAD.list
[2026-09-14 10:50:13] [INFO] Downloaded rule-provider BanAD -> ./public/rules/BanAD.yaml
[2026-09-14 10:50:13] [INFO] Updated rule-provider BanAD URL to https://cdn.honglin.ac.cn/statically/gh/flinhong/configs/public/rules/BanAD.yaml
[2026-09-14 10:50:13] [INFO] Downloading: https://raw.githubusercontent.com/ACL4SSR/ACL4SSR/refs/heads/master/Clash/BanProgramAD.list
[2026-09-14 10:50:13] [INFO] Downloaded rule-provider BanProgramAD -> ./public/rules/BanProgramAD.yaml
[2026-09-14 10:50:13] [INFO] Updated rule-provider BanProgramAD URL to https://cdn.honglin.ac.cn/statically/gh/flinhong/configs/public/rules/BanProgramAD.yaml
[2026-09-14 10:50:13] [INFO] Downloading: https://raw.githubusercontent.com/ACL4SSR/ACL4SSR/refs/heads/master/Clash/BanEasyList.list
[2026-09-14 10:50:14] [INFO] Downloaded rule-provider BanEasyList -> ./public/rules/BanEasyList.yaml
[2026-09-14 10:50:14] [INFO] Updated rule-provider BanEasyList URL to https://cdn.honglin.ac.cn/statically/gh/flinhong/configs/public/rules/BanEasyList.yaml
[2026-09-14 10:50:14] [INFO] Downloading: https://raw.githubusercontent.com/ACL4SSR/ACL4SSR/refs/heads/master/Clash/BanEasyListChina.list
[2026-09-14 10:50:14] [INFO] Downloaded rule-provider BanEasyListChina -> ./public/rules/BanEasyListChina.yaml
[2026-09-14 10:50:14] [INFO] Updated rule-provider BanEasyListChina URL to https://cdn.honglin.ac.cn/statically/gh/flinhong/configs/public/rules/BanEasyListChina.yaml
[2026-09-14 10:50:14] [INFO] Downloading: https://raw.githubusercontent.com/ACL4SSR/ACL4SSR/refs/heads/master/Clash/BanEasyPrivacy.list
[2026-09-14 10:50:15] [INFO] Downloaded rule-provider BanEasyPrivacy -> ./public/rules/BanEasyPrivacy.yaml
[2026-09-14 10:50:15] [INFO] Updated rule-provider BanEasyPrivacy URL to https://cdn.honglin.ac.cn/statically/gh/flinhong/configs/public/rules/BanEasyPrivacy.yaml
[2026-09-14 10:50:15] [INFO] Downloading: https://raw.githubusercontent.com/ACL4SSR/ACL4SSR/refs/heads/master/Clash/GoogleCN.list
[2026-09-14 10:50:15] [INFO] Downloaded rule-provider GoogleCN -> ./public/rules/GoogleCN.yaml
[2026-09-14 10:50:15] [INFO] Updated rule-provider GoogleCN URL to https://cdn.honglin.ac.cn/statically/gh/flinhong/configs/public/rules/GoogleCN.yaml
[2026-09-14 10:50:15] [INFO] Downloading: https://raw.githubusercontent.com/ACL4SSR/ACL4SSR/refs/heads/master/Clash/Ruleset/SteamCN.list
[2026-09-14 10:50:15] [INFO] Downloaded rule-provider SteamCN -> ./public/rules/SteamCN.yaml
[2026-09-14 10:50:15] [INFO] Updated rule-provider SteamCN URL to https://cdn.honglin.ac.cn/statically/gh/flinhong/configs/public/rules/SteamCN.yaml
[2026-09-14 10:50:15] [INFO] Downloading: https://raw.githubusercontent.com/ACL4SSR/ACL4SSR/refs/heads/master/Clash/Microsoft.list
[2026-09-14 10:50:15] [INFO] Downloaded rule-provider Microsoft -> ./public/rules/Microsoft.yaml
[2026-09-14 10:50:15] [INFO] Updated rule-provider Microsoft URL to https://cdn.honglin.ac.cn/statically/gh/flinhong/configs/public/rules/Microsoft.yaml
[2026-09-14 10:50:15] [INFO] Downloading: https://raw.githubusercontent.com/ACL4SSR/ACL4SSR/refs/heads/master/Clash/Apple.list
[2026-09-14 10:50:15] [INFO] Downloaded rule-provider Apple -> ./public/rules/Apple.yaml
[2026-09-14 10:50:15] [INFO] Updated rule-provider Apple URL to https://cdn.honglin.ac.cn/statically/gh/flinhong/configs/public/rules/Apple.yaml
[2026-09-14 10:50:15] [INFO] Downloading: https://raw.githubusercontent.com/ACL4SSR/ACL4SSR/refs/heads/master/Clash/ProxyMedia.list
[2026-09-14 10:50:15] [INFO] Downloaded rule-provider ProxyMedia -> ./public/rules/ProxyMedia.yaml
[2026-09-14 10:50:15] [INFO] Updated rule-provider ProxyMedia URL to https://cdn.honglin.ac.cn/statically/gh/flinhong/configs/public/rules/ProxyMedia.yaml
[2026-09-14 10:50:15] [INFO] Downloading: https://raw.githubusercontent.com/ACL4SSR/ACL4SSR/refs/heads/master/Clash/Telegram.list
[2026-09-14 10:50:15] [INFO] Downloaded rule-provider Telegram -> ./public/rules/Telegram.yaml
[2026-09-14 10:50:15] [INFO] Updated rule-provider Telegram URL to https://cdn.honglin.ac.cn/statically/gh/flinhong/configs/public/rules/Telegram.yaml
[2026-09-14 10:50:15] [INFO] Downloading: https://raw.githubusercontent.com/ACL4SSR/ACL4SSR/refs/heads/master/Clash/ProxyLite.list
[2026-09-14 10:50:15] [INFO] Downloaded rule-provider ProxyLite -> ./public/rules/ProxyLite.yaml
[2026-09-14 10:50:15] [INFO] Updated rule-provider ProxyLite URL to https://cdn.honglin.ac.cn/statically/gh/flinhong/configs/public/rules/ProxyLite.yaml
[2026-09-14 10:50:15] [INFO] Downloading: https://raw.githubusercontent.com/ACL4SSR/ACL4SSR/refs/heads/master/Clash/ChinaDomain.list
[2026-09-14 10:50:16] [INFO] Downloaded rule-provider ChinaDomain -> ./public/rules/ChinaDomain.yaml
[2026-09-14 10:50:16] [INFO] Updated rule-provider ChinaDomain URL to https://cdn.honglin.ac.cn/statically/gh/flinhong/configs/public/rules/ChinaDomain.yaml
[2026-09-14 10:50:16] [INFO] Downloading: https://raw.githubusercontent.com/ACL4SSR/ACL4SSR/refs/heads/master/Clash/ChinaCompanyIp.list
[2026-09-14 10:50:16] [INFO] Downloaded rule-provider ChinaCompanyIp -> ./public/rules/ChinaCompanyIp.yaml
[2026-09-14 10:50:16] [INFO] Updated rule-provider ChinaCompanyIp URL to https://cdn.honglin.ac.cn/statically/gh/flinhong/configs/public/rules/ChinaCompanyIp.yaml
[2026-09-14 10:50:16] [INFO] Fetching extra proxies...
[2026-09-14 10:50:17] [INFO] All date-based sources have today's file available, using today
[2026-09-14 10:50:17] [INFO] Downloading: https://raw.githubusercontent.com/zhangkaiitugithub/passcro/main/speednodes.yaml
[2026-09-14 10:50:17] [INFO] Fetched 11 unique proxies for Load Balancer.
[2026-09-14 10:50:17] [INFO] Downloading: https://node.nodefree.me/2026/09/20260914.yaml
[2026-09-14 10:50:17] [INFO] Downloading: https://static.v2rayshare.net/2026/09/20260914.yaml
[2026-09-14 10:50:17] [INFO] Downloading: https://raw.githubusercontent.com/free18/v2ray/main/c.yaml
[2026-09-14 10:50:17] [WARNING] Filtered proxy 🇩🇪_德国_26: reality-opts short-id '' missing or invalid
[2026-09-14 10:50:17] [WARNING] Filtered proxy 🇩🇪_DE_德国: reality-opts short-id '' missing or invalid
[2026-09-14 10:50:17] [WARNING] Filtered proxy 🇹🇼_TW_中国台湾->🇫🇮_FI_芬兰: reality-opts short-id '' missing or invalid
[2026-09-14 10:50:17] [WARNING] Filtered proxy 🇺🇸_US_美国->🇯🇵_JP_日本: reality-opts short-id '' missing or invalid
[2026-09-14 10:50:17] [WARNING] Filtered proxy 🇩🇪_DE_德国_1: reality-opts short-id '' missing or invalid
[2026-09-14 10:50:17] [WARNING] Filtered proxy 🇺🇸_US_美国->🇯🇵_JP_日本_1: reality-opts short-id '' missing or invalid
[2026-09-14 10:50:18] [WARNING] Filtered proxy 🇩🇪_DE_德国: reality-opts short-id '' missing or invalid
[2026-09-14 10:50:18] [WARNING] Filtered proxy 🇹🇼_TW_中国台湾->🇫🇮_FI_芬兰: reality-opts short-id '' missing or invalid
[2026-09-14 10:50:18] [WARNING] Filtered proxy 🇺🇸_US_美国->🇯🇵_JP_日本: reality-opts short-id '' missing or invalid
[2026-09-14 10:50:18] [WARNING] Filtered proxy 🇩🇪_DE_德国_1: reality-opts short-id '' missing or invalid
[2026-09-14 10:50:18] [WARNING] Filtered proxy 🇺🇸_US_美国->🇯🇵_JP_日本_1: reality-opts short-id '' missing or invalid
[2026-09-14 10:50:18] [INFO] Fetched 61 unique proxies for Auto Select.
[2026-09-14 10:50:18] [WARNING] Filtered proxy 🇫🇮_FI_芬兰_1: reality-opts short-id '' missing or invalid
[2026-09-14 10:50:18] [WARNING] Filtered proxy 🇩🇪_DE_德国_1: reality-opts short-id '' missing or invalid
[2026-09-14 10:50:18] [WARNING] Filtered proxy 🇷🇺_RU_俄罗斯->🇫🇷_FR_法国: reality-opts short-id '' missing or invalid
[2026-09-14 10:50:18] [WARNING] Filtered proxy 🇹🇷TR_1|4.0MB/s: reality-opts short-id '' missing or invalid
[2026-09-14 10:50:18] [WARNING] Filtered proxy 🇮🇱IL_1|4.6MB/s: reality-opts short-id '' missing or invalid
[2026-09-14 10:50:18] [WARNING] Filtered proxy 🇺🇸US_3|3.0MB/s: reality-opts short-id '' missing or invalid
[2026-09-14 10:50:18] [WARNING] Filtered proxy 🇵🇱PL_4|4.5MB/s: reality-opts short-id '' missing or invalid
[2026-09-14 10:50:18] [WARNING] Filtered proxy 🇩🇪DE_7|2.2MB/s: reality-opts short-id '' missing or invalid
[2026-09-14 10:50:18] [WARNING] Filtered proxy 🇩🇪DE_9|1.6MB/s: reality-opts short-id '' missing or invalid
[2026-09-14 10:50:18] [WARNING] Filtered proxy 🇬🇧 英国 | GBR: reality-opts short-id '' missing or invalid
[2026-09-14 10:50:18] [WARNING] Filtered proxy 🇵🇱 波兰 | POL: reality-opts short-id '' missing or invalid
[2026-09-14 10:50:18] [WARNING] Filtered proxy 🇸🇪 瑞典 | SWE 2: reality-opts short-id '' missing or invalid
[2026-09-14 10:50:18] [WARNING] Filtered proxy 🇺🇸 美国 | USA 3: reality-opts short-id '' missing or invalid
[2026-09-14 10:50:18] [INFO] Filtered original proxies: 431 remaining
[2026-09-14 10:50:18] [INFO] Successfully wrote config to ./public/subscribe/clash.yml
[2026-09-15 01:23:33] [INFO] Downloading: https://www.ermao.net/sub/clash/ermao.net
[2026-09-15 01:23:34] [INFO] Main subscription fetched and parsed.
[2026-09-15 01:23:34] [INFO] Downloading rule-providers...
[2026-09-15 01:23:34] [INFO] Downloading: https://raw.githubusercontent.com/ACL4SSR/ACL4SSR/refs/heads/master/Clash/LocalAreaNetwork.list
[2026-09-15 01:23:34] [INFO] Downloaded rule-provider LocalAreaNetwork -> ./public/rules/LocalAreaNetwork.yaml
[2026-09-15 01:23:34] [INFO] Updated rule-provider LocalAreaNetwork URL to https://cdn.honglin.ac.cn/statically/gh/flinhong/configs/public/rules/LocalAreaNetwork.yaml
[2026-09-15 01:23:34] [INFO] Downloading: https://raw.githubusercontent.com/ACL4SSR/ACL4SSR/refs/heads/master/Clash/BanAD.list
[2026-09-15 01:23:34] [INFO] Downloaded rule-provider BanAD -> ./public/rules/BanAD.yaml
[2026-09-15 01:23:34] [INFO] Updated rule-provider BanAD URL to https://cdn.honglin.ac.cn/statically/gh/flinhong/configs/public/rules/BanAD.yaml
[2026-09-15 01:23:34] [INFO] Downloading: https://raw.githubusercontent.com/ACL4SSR/ACL4SSR/refs/heads/master/Clash/BanProgramAD.list
[2026-09-15 01:23:34] [INFO] Downloaded rule-provider BanProgramAD -> ./public/rules/BanProgramAD.yaml
[2026-09-15 01:23:34] [INFO] Updated rule-provider BanProgramAD URL to https://cdn.honglin.ac.cn/statically/gh/flinhong/configs/public/rules/BanProgramAD.yaml
[2026-09-15 01:23:34] [INFO] Downloading: https://raw.githubusercontent.com/ACL4SSR/ACL4SSR/refs/heads/master/Clash/BanEasyList.list
[2026-09-15 01:23:35] [INFO] Downloaded rule-provider BanEasyList -> ./public/rules/BanEasyList.yaml
[2026-09-15 01:23:35] [INFO] Updated rule-provider BanEasyList URL to https://cdn.honglin.ac.cn/statically/gh/flinhong/configs/public/rules/BanEasyList.yaml
[2026-09-15 01:23:35] [INFO] Downloading: https://raw.githubusercontent.com/ACL4SSR/ACL4SSR/refs/heads/master/Clash/BanEasyListChina.list
[2026-09-15 01:23:35] [INFO] Downloaded rule-provider BanEasyListChina -> ./public/rules/BanEasyListChina.yaml
[2026-09-15 01:23:35] [INFO] Updated rule-provider BanEasyListChina URL to https://cdn.honglin.ac.cn/statically/gh/flinhong/configs/public/rules/BanEasyListChina.yaml
[2026-09-15 01:23:35] [INFO] Downloading: https://raw.githubusercontent.com/ACL4SSR/ACL4SSR/refs/heads/master/Clash/BanEasyPrivacy.list
[2026-09-15 01:23:35] [INFO] Downloaded rule-provider BanEasyPrivacy -> ./public/rules/BanEasyPrivacy.yaml
[2026-09-15 01:23:35] [INFO] Updated rule-provider BanEasyPrivacy URL to https://cdn.honglin.ac.cn/statically/gh/flinhong/configs/public/rules/BanEasyPrivacy.yaml
[2026-09-15 01:23:35] [INFO] Downloading: https://raw.githubusercontent.com/ACL4SSR/ACL4SSR/refs/heads/master/Clash/GoogleCN.list
[2026-09-15 01:23:35] [INFO] Downloaded rule-provider GoogleCN -> ./public/rules/GoogleCN.yaml
[2026-09-15 01:23:35] [INFO] Updated rule-provider GoogleCN URL to https://cdn.honglin.ac.cn/statically/gh/flinhong/configs/public/rules/GoogleCN.yaml
[2026-09-15 01:23:35] [INFO] Downloading: https://raw.githubusercontent.com/ACL4SSR/ACL4SSR/refs/heads/master/Clash/Ruleset/SteamCN.list
[2026-09-15 01:23:35] [INFO] Downloaded rule-provider SteamCN -> ./public/rules/SteamCN.yaml
[2026-09-15 01:23:35] [INFO] Updated rule-provider SteamCN URL to https://cdn.honglin.ac.cn/statically/gh/flinhong/configs/public/rules/SteamCN.yaml
[2026-09-15 01:23:35] [INFO] Downloading: https://raw.githubusercontent.com/ACL4SSR/ACL4SSR/refs/heads/master/Clash/Microsoft.list
[2026-09-15 01:23:35] [INFO] Downloaded rule-provider Microsoft -> ./public/rules/Microsoft.yaml
[2026-09-15 01:23:35] [INFO] Updated rule-provider Microsoft URL to https://cdn.honglin.ac.cn/statically/gh/flinhong/configs/public/rules/Microsoft.yaml
[2026-09-15 01:23:35] [INFO] Downloading: https://raw.githubusercontent.com/ACL4SSR/ACL4SSR/refs/heads/master/Clash/Apple.list
[2026-09-15 01:23:35] [INFO] Downloaded rule-provider Apple -> ./public/rules/Apple.yaml
[2026-09-15 01:23:35] [INFO] Updated rule-provider Apple URL to https://cdn.honglin.ac.cn/statically/gh/flinhong/configs/public/rules/Apple.yaml
[2026-09-15 01:23:35] [INFO] Downloading: https://raw.githubusercontent.com/ACL4SSR/ACL4SSR/refs/heads/master/Clash/ProxyMedia.list
[2026-09-15 01:23:35] [INFO] Downloaded rule-provider ProxyMedia -> ./public/rules/ProxyMedia.yaml
[2026-09-15 01:23:35] [INFO] Updated rule-provider ProxyMedia URL to https://cdn.honglin.ac.cn/statically/gh/flinhong/configs/public/rules/ProxyMedia.yaml
[2026-09-15 01:23:35] [INFO] Downloading: https://raw.githubusercontent.com/ACL4SSR/ACL4SSR/refs/heads/master/Clash/Telegram.list
[2026-09-15 01:23:35] [INFO] Downloaded rule-provider Telegram -> ./public/rules/Telegram.yaml
[2026-09-15 01:23:35] [INFO] Updated rule-provider Telegram URL to https://cdn.honglin.ac.cn/statically/gh/flinhong/configs/public/rules/Telegram.yaml
[2026-09-15 01:23:35] [INFO] Downloading: https://raw.githubusercontent.com/ACL4SSR/ACL4SSR/refs/heads/master/Clash/ProxyLite.list
[2026-09-15 01:23:36] [INFO] Downloaded rule-provider ProxyLite -> ./public/rules/ProxyLite.yaml
[2026-09-15 01:23:36] [INFO] Updated rule-provider ProxyLite URL to https://cdn.honglin.ac.cn/statically/gh/flinhong/configs/public/rules/ProxyLite.yaml
[2026-09-15 01:23:36] [INFO] Downloading: https://raw.githubusercontent.com/ACL4SSR/ACL4SSR/refs/heads/master/Clash/ChinaDomain.list
[2026-09-15 01:23:36] [INFO] Downloaded rule-provider ChinaDomain -> ./public/rules/ChinaDomain.yaml
[2026-09-15 01:23:36] [INFO] Updated rule-provider ChinaDomain URL to https://cdn.honglin.ac.cn/statically/gh/flinhong/configs/public/rules/ChinaDomain.yaml
[2026-09-15 01:23:36] [INFO] Downloading: https://raw.githubusercontent.com/ACL4SSR/ACL4SSR/refs/heads/master/Clash/ChinaCompanyIp.list
[2026-09-15 01:23:36] [INFO] Downloaded rule-provider ChinaCompanyIp -> ./public/rules/ChinaCompanyIp.yaml
[2026-09-15 01:23:36] [INFO] Updated rule-provider ChinaCompanyIp URL to https://cdn.honglin.ac.cn/statically/gh/flinhong/configs/public/rules/ChinaCompanyIp.yaml
[2026-09-15 01:23:36] [INFO] Fetching extra proxies...
[2026-09-15 01:23:37] [INFO] All date-based sources have today's file available, using today
[2026-09-15 01:23:37] [INFO] Downloading: https://raw.githubusercontent.com/zhangkaiitugithub/passcro/main/speednodes.yaml
[2026-09-15 01:23:37] [INFO] Fetched 11 unique proxies for Load Balancer.
[2026-09-15 01:23:37] [INFO] Downloading: https://node.nodefree.me/2026/09/20260915.yaml
[2026-09-15 01:23:37] [INFO] Downloading: https://static.v2rayshare.net/2026/09/20260915.yaml
[2026-09-15 01:23:37] [INFO] Downloading: https://raw.githubusercontent.com/free18/v2ray/main/c.yaml
[2026-09-15 01:23:37] [WARNING] Filtered proxy 🇩🇪_德国_7: reality-opts short-id '' missing or invalid
[2026-09-15 01:23:37] [WARNING] Filtered proxy 🇩🇪_德国_41: reality-opts short-id '' missing or invalid
[2026-09-15 01:23:37] [WARNING] Filtered proxy 🇩🇪_DE_德国: reality-opts short-id '' missing or invalid
[2026-09-15 01:23:37] [WARNING] Filtered proxy 🇹🇼_TW_中国台湾->🇫🇮_FI_芬兰: reality-opts short-id '' missing or invalid
[2026-09-15 01:23:37] [WARNING] Filtered proxy 🇺🇸_US_美国->🇯🇵_JP_日本: reality-opts short-id '' missing or invalid
[2026-09-15 01:23:37] [WARNING] Filtered proxy 🇩🇪_DE_德国_1: reality-opts short-id '' missing or invalid
[2026-09-15 01:23:37] [WARNING] Filtered proxy 🇺🇸_US_美国->🇯🇵_JP_日本_1: reality-opts short-id '' missing or invalid
[2026-09-15 01:23:37] [WARNING] Filtered proxy 🇩🇪_DE_德国: reality-opts short-id '' missing or invalid
[2026-09-15 01:23:37] [WARNING] Filtered proxy 🇹🇼_TW_中国台湾->🇫🇮_FI_芬兰: reality-opts short-id '' missing or invalid
[2026-09-15 01:23:37] [WARNING] Filtered proxy 🇺🇸_US_美国->🇯🇵_JP_日本: reality-opts short-id '' missing or invalid
[2026-09-15 01:23:37] [WARNING] Filtered proxy 🇩🇪_DE_德国_1: reality-opts short-id '' missing or invalid
[2026-09-15 01:23:37] [WARNING] Filtered proxy 🇺🇸_US_美国->🇯🇵_JP_日本_1: reality-opts short-id '' missing or invalid
[2026-09-15 01:23:37] [INFO] Fetched 71 unique proxies for Auto Select.
[2026-09-15 01:23:37] [WARNING] Filtered proxy 🇷🇺_RU_俄罗斯->🇩🇪_DE_德国: reality-opts short-id '' missing or invalid
[2026-09-15 01:23:37] [WARNING] Filtered proxy 🇩🇪_DE_德国_1: reality-opts short-id '' missing or invalid
[2026-09-15 01:23:37] [WARNING] Filtered proxy 🇷🇺_RU_俄罗斯->🇫🇷_FR_法国: reality-opts short-id '' missing or invalid
[2026-09-15 01:23:37] [WARNING] Filtered proxy 🇫🇮FI_1|1.1MB/s: reality-opts short-id '' missing or invalid
[2026-09-15 01:23:37] [WARNING] Filtered proxy 🇺🇸US_1|2.4MB/s: reality-opts short-id '' missing or invalid
[2026-09-15 01:23:37] [WARNING] Filtered proxy 🇸🇪SE_2|2.4MB/s: reality-opts short-id '' missing or invalid
[2026-09-15 01:23:37] [WARNING] Filtered proxy 🇮🇱IL_1|1.1MB/s: reality-opts short-id '' missing or invalid
[2026-09-15 01:23:37] [WARNING] Filtered proxy 🇸🇪SE_5|1.0MB/s: reality-opts short-id '' missing or invalid
[2026-09-15 01:23:37] [INFO] Filtered original proxies: 419 remaining
[2026-09-15 01:23:38] [INFO] Successfully wrote config to ./public/subscribe/clash.yml
[2026-09-15 10:52:43] [INFO] Downloading: https://www.ermao.net/sub/clash/ermao.net
[2026-09-15 10:52:44] [INFO] Main subscription fetched and parsed.
[2026-09-15 10:52:44] [INFO] Downloading rule-providers...
[2026-09-15 10:52:44] [INFO] Downloading: https://raw.githubusercontent.com/ACL4SSR/ACL4SSR/refs/heads/master/Clash/LocalAreaNetwork.list
[2026-09-15 10:52:44] [INFO] Downloaded rule-provider LocalAreaNetwork -> ./public/rules/LocalAreaNetwork.yaml
[2026-09-15 10:52:44] [INFO] Updated rule-provider LocalAreaNetwork URL to https://cdn.honglin.ac.cn/statically/gh/flinhong/configs/public/rules/LocalAreaNetwork.yaml
[2026-09-15 10:52:44] [INFO] Downloading: https://raw.githubusercontent.com/ACL4SSR/ACL4SSR/refs/heads/master/Clash/BanAD.list
[2026-09-15 10:52:44] [INFO] Downloaded rule-provider BanAD -> ./public/rules/BanAD.yaml
[2026-09-15 10:52:44] [INFO] Updated rule-provider BanAD URL to https://cdn.honglin.ac.cn/statically/gh/flinhong/configs/public/rules/BanAD.yaml
[2026-09-15 10:52:44] [INFO] Downloading: https://raw.githubusercontent.com/ACL4SSR/ACL4SSR/refs/heads/master/Clash/BanProgramAD.list
[2026-09-15 10:52:44] [INFO] Downloaded rule-provider BanProgramAD -> ./public/rules/BanProgramAD.yaml
[2026-09-15 10:52:44] [INFO] Updated rule-provider BanProgramAD URL to https://cdn.honglin.ac.cn/statically/gh/flinhong/configs/public/rules/BanProgramAD.yaml
[2026-09-15 10:52:44] [INFO] Downloading: https://raw.githubusercontent.com/ACL4SSR/ACL4SSR/refs/heads/master/Clash/BanEasyList.list
[2026-09-15 10:52:45] [INFO] Downloaded rule-provider BanEasyList -> ./public/rules/BanEasyList.yaml
[2026-09-15 10:52:45] [INFO] Updated rule-provider BanEasyList URL to https://cdn.honglin.ac.cn/statically/gh/flinhong/configs/public/rules/BanEasyList.yaml
[2026-09-15 10:52:45] [INFO] Downloading: https://raw.githubusercontent.com/ACL4SSR/ACL4SSR/refs/heads/master/Clash/BanEasyListChina.list
[2026-09-15 10:52:45] [INFO] Downloaded rule-provider BanEasyListChina -> ./public/rules/BanEasyListChina.yaml
[2026-09-15 10:52:45] [INFO] Updated rule-provider BanEasyListChina URL to https://cdn.honglin.ac.cn/statically/gh/flinhong/configs/public/rules/BanEasyListChina.yaml
[2026-09-15 10:52:45] [INFO] Downloading: https://raw.githubusercontent.com/ACL4SSR/ACL4SSR/refs/heads/master/Clash/BanEasyPrivacy.list
[2026-09-15 10:52:45] [INFO] Downloaded rule-provider BanEasyPrivacy -> ./public/rules/BanEasyPrivacy.yaml
[2026-09-15 10:52:45] [INFO] Updated rule-provider BanEasyPrivacy URL to https://cdn.honglin.ac.cn/statically/gh/flinhong/configs/public/rules/BanEasyPrivacy.yaml
[2026-09-15 10:52:45] [INFO] Downloading: https://raw.githubusercontent.com/ACL4SSR/ACL4SSR/refs/heads/master/Clash/GoogleCN.list
[2026-09-15 10:52:45] [INFO] Downloaded rule-provider GoogleCN -> ./public/rules/GoogleCN.yaml
[2026-09-15 10:52:45] [INFO] Updated rule-provider GoogleCN URL to https://cdn.honglin.ac.cn/statically/gh/flinhong/configs/public/rules/GoogleCN.yaml
[2026-09-15 10:52:45] [INFO] Downloading: https://raw.githubusercontent.com/ACL4SSR/ACL4SSR/refs/heads/master/Clash/Ruleset/SteamCN.list
[2026-09-15 10:52:45] [INFO] Downloaded rule-provider SteamCN -> ./public/rules/SteamCN.yaml
[2026-09-15 10:52:45] [INFO] Updated rule-provider SteamCN URL to https://cdn.honglin.ac.cn/statically/gh/flinhong/configs/public/rules/SteamCN.yaml
[2026-09-15 10:52:45] [INFO] Downloading: https://raw.githubusercontent.com/ACL4SSR/ACL4SSR/refs/heads/master/Clash/Microsoft.list
[2026-09-15 10:52:46] [INFO] Downloaded rule-provider Microsoft -> ./public/rules/Microsoft.yaml
[2026-09-15 10:52:46] [INFO] Updated rule-provider Microsoft URL to https://cdn.honglin.ac.cn/statically/gh/flinhong/configs/public/rules/Microsoft.yaml
[2026-09-15 10:52:46] [INFO] Downloading: https://raw.githubusercontent.com/ACL4SSR/ACL4SSR/refs/heads/master/Clash/Apple.list
[2026-09-15 10:52:46] [INFO] Downloaded rule-provider Apple -> ./public/rules/Apple.yaml
[2026-09-15 10:52:46] [INFO] Updated rule-provider Apple URL to https://cdn.honglin.ac.cn/statically/gh/flinhong/configs/public/rules/Apple.yaml
[2026-09-15 10:52:46] [INFO] Downloading: https://raw.githubusercontent.com/ACL4SSR/ACL4SSR/refs/heads/master/Clash/ProxyMedia.list
[2026-09-15 10:52:46] [INFO] Downloaded rule-provider ProxyMedia -> ./public/rules/ProxyMedia.yaml
[2026-09-15 10:52:46] [INFO] Updated rule-provider ProxyMedia URL to https://cdn.honglin.ac.cn/statically/gh/flinhong/configs/public/rules/ProxyMedia.yaml
[2026-09-15 10:52:46] [INFO] Downloading: https://raw.githubusercontent.com/ACL4SSR/ACL4SSR/refs/heads/master/Clash/Telegram.list
[2026-09-15 10:52:46] [INFO] Downloaded rule-provider Telegram -> ./public/rules/Telegram.yaml
[2026-09-15 10:52:46] [INFO] Updated rule-provider Telegram URL to https://cdn.honglin.ac.cn/statically/gh/flinhong/configs/public/rules/Telegram.yaml
[2026-09-15 10:52:46] [INFO] Downloading: https://raw.githubusercontent.com/ACL4SSR/ACL4SSR/refs/heads/master/Clash/ProxyLite.list
[2026-09-15 10:52:46] [INFO] Downloaded rule-provider ProxyLite -> ./public/rules/ProxyLite.yaml
[2026-09-15 10:52:46] [INFO] Updated rule-provider ProxyLite URL to https://cdn.honglin.ac.cn/statically/gh/flinhong/configs/public/rules/ProxyLite.yaml
[2026-09-15 10:52:46] [INFO] Downloading: https://raw.githubusercontent.com/ACL4SSR/ACL4SSR/refs/heads/master/Clash/ChinaDomain.list
[2026-09-15 10:52:46] [INFO] Downloaded rule-provider ChinaDomain -> ./public/rules/ChinaDomain.yaml
[2026-09-15 10:52:46] [INFO] Updated rule-provider ChinaDomain URL to https://cdn.honglin.ac.cn/statically/gh/flinhong/configs/public/rules/ChinaDomain.yaml
[2026-09-15 10:52:46] [INFO] Downloading: https://raw.githubusercontent.com/ACL4SSR/ACL4SSR/refs/heads/master/Clash/ChinaCompanyIp.list
[2026-09-15 10:52:46] [INFO] Downloaded rule-provider ChinaCompanyIp -> ./public/rules/ChinaCompanyIp.yaml
[2026-09-15 10:52:46] [INFO] Updated rule-provider ChinaCompanyIp URL to https://cdn.honglin.ac.cn/statically/gh/flinhong/configs/public/rules/ChinaCompanyIp.yaml
[2026-09-15 10:52:46] [INFO] Fetching extra proxies...
[2026-09-15 10:52:47] [INFO] All date-based sources have today's file available, using today
[2026-09-15 10:52:47] [INFO] Downloading: https://raw.githubusercontent.com/zhangkaiitugithub/passcro/main/speednodes.yaml
[2026-09-15 10:52:47] [INFO] Fetched 11 unique proxies for Load Balancer.
[2026-09-15 10:52:47] [INFO] Downloading: https://node.nodefree.me/2026/09/20260915.yaml
[2026-09-15 10:52:47] [INFO] Downloading: https://static.v2rayshare.net/2026/09/20260915.yaml
[2026-09-15 10:52:47] [INFO] Downloading: https://raw.githubusercontent.com/free18/v2ray/main/c.yaml
[2026-09-15 10:52:47] [WARNING] Filtered proxy 🇩🇪_德国_7: reality-opts short-id '' missing or invalid
[2026-09-15 10:52:47] [WARNING] Filtered proxy 🇩🇪_德国_41: reality-opts short-id '' missing or invalid
[2026-09-15 10:52:47] [WARNING] Filtered proxy 🇩🇪_DE_德国: reality-opts short-id '' missing or invalid
[2026-09-15 10:52:47] [WARNING] Filtered proxy 🇹🇼_TW_中国台湾->🇫🇮_FI_芬兰: reality-opts short-id '' missing or invalid
[2026-09-15 10:52:47] [WARNING] Filtered proxy 🇺🇸_US_美国->🇯🇵_JP_日本: reality-opts short-id '' missing or invalid
[2026-09-15 10:52:47] [WARNING] Filtered proxy 🇩🇪_DE_德国_1: reality-opts short-id '' missing or invalid
[2026-09-15 10:52:47] [WARNING] Filtered proxy 🇺🇸_US_美国->🇯🇵_JP_日本_1: reality-opts short-id '' missing or invalid
[2026-09-15 10:52:47] [WARNING] Filtered proxy 🇩🇪_DE_德国: reality-opts short-id '' missing or invalid
[2026-09-15 10:52:47] [WARNING] Filtered proxy 🇹🇼_TW_中国台湾->🇫🇮_FI_芬兰: reality-opts short-id '' missing or invalid
[2026-09-15 10:52:47] [WARNING] Filtered proxy 🇺🇸_US_美国->🇯🇵_JP_日本: reality-opts short-id '' missing or invalid
[2026-09-15 10:52:47] [WARNING] Filtered proxy 🇩🇪_DE_德国_1: reality-opts short-id '' missing or invalid
[2026-09-15 10:52:47] [WARNING] Filtered proxy 🇺🇸_US_美国->🇯🇵_JP_日本_1: reality-opts short-id '' missing or invalid
[2026-09-15 10:52:47] [INFO] Fetched 71 unique proxies for Auto Select.
[2026-09-15 10:52:47] [WARNING] Filtered proxy 🇷🇺_RU_俄罗斯->🇫🇷_FR_法国: reality-opts short-id '' missing or invalid
[2026-09-15 10:52:47] [WARNING] Filtered proxy 🇷🇺_RU_俄罗斯->🇩🇪_DE_德国: reality-opts short-id '' missing or invalid
[2026-09-15 10:52:47] [WARNING] Filtered proxy 🇦🇪AE_1|1.4MB/s: reality-opts short-id '' missing or invalid
[2026-09-15 10:52:47] [WARNING] Filtered proxy 🇩🇪 德国 | DEU: reality-opts short-id '' missing or invalid
[2026-09-15 10:52:47] [INFO] Filtered original proxies: 443 remaining
[2026-09-15 10:52:47] [INFO] Successfully wrote config to ./public/subscribe/clash.yml
[2026-09-16 00:01:14] [INFO] Downloading: https://www.ermao.net/sub/clash/ermao.net
[2026-09-16 00:01:14] [INFO] Main subscription fetched and parsed.
[2026-09-16 00:01:14] [INFO] Downloading rule-providers...
[2026-09-16 00:01:14] [INFO] Downloading: https://raw.githubusercontent.com/ACL4SSR/ACL4SSR/refs/heads/master/Clash/LocalAreaNetwork.list
[2026-09-16 00:01:14] [INFO] Downloaded rule-provider LocalAreaNetwork -> ./public/rules/LocalAreaNetwork.yaml
[2026-09-16 00:01:14] [INFO] Updated rule-provider LocalAreaNetwork URL to https://cdn.honglin.ac.cn/statically/gh/flinhong/configs/public/rules/LocalAreaNetwork.yaml
[2026-09-16 00:01:14] [INFO] Downloading: https://raw.githubusercontent.com/ACL4SSR/ACL4SSR/refs/heads/master/Clash/BanAD.list
[2026-09-16 00:01:15] [INFO] Downloaded rule-provider BanAD -> ./public/rules/BanAD.yaml
[2026-09-16 00:01:15] [INFO] Updated rule-provider BanAD URL to https://cdn.honglin.ac.cn/statically/gh/flinhong/configs/public/rules/BanAD.yaml
[2026-09-16 00:01:15] [INFO] Downloading: https://raw.githubusercontent.com/ACL4SSR/ACL4SSR/refs/heads/master/Clash/BanProgramAD.list
[2026-09-16 00:01:15] [INFO] Downloaded rule-provider BanProgramAD -> ./public/rules/BanProgramAD.yaml
[2026-09-16 00:01:15] [INFO] Updated rule-provider BanProgramAD URL to https://cdn.honglin.ac.cn/statically/gh/flinhong/configs/public/rules/BanProgramAD.yaml
[2026-09-16 00:01:15] [INFO] Downloading: https://raw.githubusercontent.com/ACL4SSR/ACL4SSR/refs/heads/master/Clash/BanEasyList.list
[2026-09-16 00:01:15] [INFO] Downloaded rule-provider BanEasyList -> ./public/rules/BanEasyList.yaml
[2026-09-16 00:01:15] [INFO] Updated rule-provider BanEasyList URL to https://cdn.honglin.ac.cn/statically/gh/flinhong/configs/public/rules/BanEasyList.yaml
[2026-09-16 00:01:15] [INFO] Downloading: https://raw.githubusercontent.com/ACL4SSR/ACL4SSR/refs/heads/master/Clash/BanEasyListChina.list
[2026-09-16 00:01:15] [INFO] Downloaded rule-provider BanEasyListChina -> ./public/rules/BanEasyListChina.yaml
[2026-09-16 00:01:15] [INFO] Updated rule-provider BanEasyListChina URL to https://cdn.honglin.ac.cn/statically/gh/flinhong/configs/public/rules/BanEasyListChina.yaml
[2026-09-16 00:01:15] [INFO] Downloading: https://raw.githubusercontent.com/ACL4SSR/ACL4SSR/refs/heads/master/Clash/BanEasyPrivacy.list
[2026-09-16 00:01:16] [INFO] Downloaded rule-provider BanEasyPrivacy -> ./public/rules/BanEasyPrivacy.yaml
[2026-09-16 00:01:16] [INFO] Updated rule-provider BanEasyPrivacy URL to https://cdn.honglin.ac.cn/statically/gh/flinhong/configs/public/rules/BanEasyPrivacy.yaml
[2026-09-16 00:01:16] [INFO] Downloading: https://raw.githubusercontent.com/ACL4SSR/ACL4SSR/refs/heads/master/Clash/GoogleCN.list
[2026-09-16 00:01:16] [INFO] Downloaded rule-provider GoogleCN -> ./public/rules/GoogleCN.yaml
[2026-09-16 00:01:16] [INFO] Updated rule-provider GoogleCN URL to https://cdn.honglin.ac.cn/statically/gh/flinhong/configs/public/rules/GoogleCN.yaml
[2026-09-16 00:01:16] [INFO] Downloading: https://raw.githubusercontent.com/ACL4SSR/ACL4SSR/refs/heads/master/Clash/Ruleset/SteamCN.list
[2026-09-16 00:01:16] [INFO] Downloaded rule-provider SteamCN -> ./public/rules/SteamCN.yaml
[2026-09-16 00:01:16] [INFO] Updated rule-provider SteamCN URL to https://cdn.honglin.ac.cn/statically/gh/flinhong/configs/public/rules/SteamCN.yaml
[2026-09-16 00:01:16] [INFO] Downloading: https://raw.githubusercontent.com/ACL4SSR/ACL4SSR/refs/heads/master/Clash/Microsoft.list
[2026-09-16 00:01:16] [INFO] Downloaded rule-provider Microsoft -> ./public/rules/Microsoft.yaml
[2026-09-16 00:01:16] [INFO] Updated rule-provider Microsoft URL to https://cdn.honglin.ac.cn/statically/gh/flinhong/configs/public/rules/Microsoft.yaml
[2026-09-16 00:01:16] [INFO] Downloading: https://raw.githubusercontent.com/ACL4SSR/ACL4SSR/refs/heads/master/Clash/Apple.list
[2026-09-16 00:01:16] [INFO] Downloaded rule-provider Apple -> ./public/rules/Apple.yaml
[2026-09-16 00:01:16] [INFO] Updated rule-provider Apple URL to https://cdn.honglin.ac.cn/statically/gh/flinhong/configs/public/rules/Apple.yaml
[2026-09-16 00:01:16] [INFO] Downloading: https://raw.githubusercontent.com/ACL4SSR/ACL4SSR/refs/heads/master/Clash/ProxyMedia.list
[2026-09-16 00:01:16] [INFO] Downloaded rule-provider ProxyMedia -> ./public/rules/ProxyMedia.yaml
[2026-09-16 00:01:16] [INFO] Updated rule-provider ProxyMedia URL to https://cdn.honglin.ac.cn/statically/gh/flinhong/configs/public/rules/ProxyMedia.yaml
[2026-09-16 00:01:16] [INFO] Downloading: https://raw.githubusercontent.com/ACL4SSR/ACL4SSR/refs/heads/master/Clash/Telegram.list
[2026-09-16 00:01:16] [INFO] Downloaded rule-provider Telegram -> ./public/rules/Telegram.yaml
[2026-09-16 00:01:16] [INFO] Updated rule-provider Telegram URL to https://cdn.honglin.ac.cn/statically/gh/flinhong/configs/public/rules/Telegram.yaml
[2026-09-16 00:01:16] [INFO] Downloading: https://raw.githubusercontent.com/ACL4SSR/ACL4SSR/refs/heads/master/Clash/ProxyLite.list
[2026-09-16 00:01:17] [INFO] Downloaded rule-provider ProxyLite -> ./public/rules/ProxyLite.yaml
[2026-09-16 00:01:17] [INFO] Updated rule-provider ProxyLite URL to https://cdn.honglin.ac.cn/statically/gh/flinhong/configs/public/rules/ProxyLite.yaml
[2026-09-16 00:01:17] [INFO] Downloading: https://raw.githubusercontent.com/ACL4SSR/ACL4SSR/refs/heads/master/Clash/ChinaDomain.list
[2026-09-16 00:01:17] [INFO] Downloaded rule-provider ChinaDomain -> ./public/rules/ChinaDomain.yaml
[2026-09-16 00:01:17] [INFO] Updated rule-provider ChinaDomain URL to https://cdn.honglin.ac.cn/statically/gh/flinhong/configs/public/rules/ChinaDomain.yaml
[2026-09-16 00:01:17] [INFO] Downloading: https://raw.githubusercontent.com/ACL4SSR/ACL4SSR/refs/heads/master/Clash/ChinaCompanyIp.list
[2026-09-16 00:01:17] [INFO] Downloaded rule-provider ChinaCompanyIp -> ./public/rules/ChinaCompanyIp.yaml
[2026-09-16 00:01:17] [INFO] Updated rule-provider ChinaCompanyIp URL to https://cdn.honglin.ac.cn/statically/gh/flinhong/configs/public/rules/ChinaCompanyIp.yaml
[2026-09-16 00:01:17] [INFO] Fetching extra proxies...
[2026-09-16 00:01:17] [INFO] All date-based sources have today's file available, using today
[2026-09-16 00:01:17] [INFO] Downloading: https://raw.githubusercontent.com/zhangkaiitugithub/passcro/main/speednodes.yaml
[2026-09-16 00:01:18] [INFO] Fetched 11 unique proxies for Load Balancer.
[2026-09-16 00:01:18] [INFO] Downloading: https://node.nodefree.me/2026/09/20260916.yaml
[2026-09-16 00:01:18] [INFO] Downloading: https://static.v2rayshare.net/2026/09/20260916.yaml
[2026-09-16 00:01:18] [INFO] Downloading: https://raw.githubusercontent.com/free18/v2ray/main/c.yaml
[2026-09-16 00:01:18] [WARNING] Filtered proxy 🇩🇪_DE_德国: reality-opts short-id '' missing or invalid
[2026-09-16 00:01:18] [WARNING] Filtered proxy 🇹🇼_TW_中国台湾->🇫🇮_FI_芬兰: reality-opts short-id '' missing or invalid
[2026-09-16 00:01:18] [WARNING] Filtered proxy 🇺🇸_US_美国->🇯🇵_JP_日本: reality-opts short-id '' missing or invalid
[2026-09-16 00:01:18] [WARNING] Filtered proxy 🇩🇪_DE_德国_1: reality-opts short-id '' missing or invalid
[2026-09-16 00:01:18] [WARNING] Filtered proxy 🇺🇸_US_美国->🇯🇵_JP_日本_1: reality-opts short-id '' missing or invalid
[2026-09-16 00:01:18] [WARNING] Filtered proxy 🇩🇪_DE_德国: reality-opts short-id '' missing or invalid
[2026-09-16 00:01:18] [WARNING] Filtered proxy 🇹🇼_TW_中国台湾->🇫🇮_FI_芬兰: reality-opts short-id '' missing or invalid
[2026-09-16 00:01:18] [WARNING] Filtered proxy 🇺🇸_US_美国->🇯🇵_JP_日本: reality-opts short-id '' missing or invalid
[2026-09-16 00:01:18] [WARNING] Filtered proxy 🇩🇪_DE_德国_1: reality-opts short-id '' missing or invalid
[2026-09-16 00:01:18] [WARNING] Filtered proxy 🇺🇸_US_美国->🇯🇵_JP_日本_1: reality-opts short-id '' missing or invalid
[2026-09-16 00:01:18] [INFO] Fetched 252 unique proxies for Auto Select.
[2026-09-16 00:01:18] [WARNING] Filtered proxy 🇩🇪_DE_德国_1: reality-opts short-id '' missing or invalid
[2026-09-16 00:01:18] [WARNING] Filtered proxy 🇷🇺_RU_俄罗斯->🇫🇷_FR_法国: reality-opts short-id '' missing or invalid
[2026-09-16 00:01:18] [WARNING] Filtered proxy 🇩🇪 德国 | DEU 5: reality-opts short-id '' missing or invalid
[2026-09-16 00:01:18] [WARNING] Filtered proxy 🇫🇷 法国 | FRA 15: reality-opts short-id '' missing or invalid
[2026-09-16 00:01:18] [INFO] Filtered original proxies: 418 remaining
[2026-09-16 00:01:18] [INFO] Successfully wrote config to ./public/subscribe/clash.yml
[2026-09-16 10:48:04] [INFO] Downloading: https://www.ermao.net/sub/clash/ermao.net
[2026-09-16 10:48:05] [INFO] Main subscription fetched and parsed.
[2026-09-16 10:48:05] [INFO] Downloading rule-providers...
[2026-09-16 10:48:05] [INFO] Downloading: https://raw.githubusercontent.com/ACL4SSR/ACL4SSR/refs/heads/master/Clash/LocalAreaNetwork.list
[2026-09-16 10:48:05] [INFO] Downloaded rule-provider LocalAreaNetwork -> ./public/rules/LocalAreaNetwork.yaml
[2026-09-16 10:48:05] [INFO] Updated rule-provider LocalAreaNetwork URL to https://cdn.honglin.ac.cn/statically/gh/flinhong/configs/public/rules/LocalAreaNetwork.yaml
[2026-09-16 10:48:05] [INFO] Downloading: https://raw.githubusercontent.com/ACL4SSR/ACL4SSR/refs/heads/master/Clash/BanAD.list
[2026-09-16 10:48:05] [INFO] Downloaded rule-provider BanAD -> ./public/rules/BanAD.yaml
[2026-09-16 10:48:05] [INFO] Updated rule-provider BanAD URL to https://cdn.honglin.ac.cn/statically/gh/flinhong/configs/public/rules/BanAD.yaml
[2026-09-16 10:48:05] [INFO] Downloading: https://raw.githubusercontent.com/ACL4SSR/ACL4SSR/refs/heads/master/Clash/BanProgramAD.list
[2026-09-16 10:48:05] [INFO] Downloaded rule-provider BanProgramAD -> ./public/rules/BanProgramAD.yaml
[2026-09-16 10:48:05] [INFO] Updated rule-provider BanProgramAD URL to https://cdn.honglin.ac.cn/statically/gh/flinhong/configs/public/rules/BanProgramAD.yaml
[2026-09-16 10:48:05] [INFO] Downloading: https://raw.githubusercontent.com/ACL4SSR/ACL4SSR/refs/heads/master/Clash/BanEasyList.list
[2026-09-16 10:48:05] [INFO] Downloaded rule-provider BanEasyList -> ./public/rules/BanEasyList.yaml
[2026-09-16 10:48:05] [INFO] Updated rule-provider BanEasyList URL to https://cdn.honglin.ac.cn/statically/gh/flinhong/configs/public/rules/BanEasyList.yaml
[2026-09-16 10:48:05] [INFO] Downloading: https://raw.githubusercontent.com/ACL4SSR/ACL4SSR/refs/heads/master/Clash/BanEasyListChina.list
[2026-09-16 10:48:05] [INFO] Downloaded rule-provider BanEasyListChina -> ./public/rules/BanEasyListChina.yaml
[2026-09-16 10:48:05] [INFO] Updated rule-provider BanEasyListChina URL to https://cdn.honglin.ac.cn/statically/gh/flinhong/configs/public/rules/BanEasyListChina.yaml
[2026-09-16 10:48:05] [INFO] Downloading: https://raw.githubusercontent.com/ACL4SSR/ACL4SSR/refs/heads/master/Clash/BanEasyPrivacy.list
[2026-09-16 10:48:06] [INFO] Downloaded rule-provider BanEasyPrivacy -> ./public/rules/BanEasyPrivacy.yaml
[2026-09-16 10:48:06] [INFO] Updated rule-provider BanEasyPrivacy URL to https://cdn.honglin.ac.cn/statically/gh/flinhong/configs/public/rules/BanEasyPrivacy.yaml
[2026-09-16 10:48:06] [INFO] Downloading: https://raw.githubusercontent.com/ACL4SSR/ACL4SSR/refs/heads/master/Clash/GoogleCN.list
[2026-09-16 10:48:06] [INFO] Downloaded rule-provider GoogleCN -> ./public/rules/GoogleCN.yaml
[2026-09-16 10:48:06] [INFO] Updated rule-provider GoogleCN URL to https://cdn.honglin.ac.cn/statically/gh/flinhong/configs/public/rules/GoogleCN.yaml
[2026-09-16 10:48:06] [INFO] Downloading: https://raw.githubusercontent.com/ACL4SSR/ACL4SSR/refs/heads/master/Clash/Ruleset/SteamCN.list
[2026-09-16 10:48:06] [INFO] Downloaded rule-provider SteamCN -> ./public/rules/SteamCN.yaml
[2026-09-16 10:48:06] [INFO] Updated rule-provider SteamCN URL to https://cdn.honglin.ac.cn/statically/gh/flinhong/configs/public/rules/SteamCN.yaml
[2026-09-16 10:48:06] [INFO] Downloading: https://raw.githubusercontent.com/ACL4SSR/ACL4SSR/refs/heads/master/Clash/Microsoft.list
[2026-09-16 10:48:06] [INFO] Downloaded rule-provider Microsoft -> ./public/rules/Microsoft.yaml
[2026-09-16 10:48:06] [INFO] Updated rule-provider Microsoft URL to https://cdn.honglin.ac.cn/statically/gh/flinhong/configs/public/rules/Microsoft.yaml
[2026-09-16 10:48:06] [INFO] Downloading: https://raw.githubusercontent.com/ACL4SSR/ACL4SSR/refs/heads/master/Clash/Apple.list
[2026-09-16 10:48:06] [INFO] Downloaded rule-provider Apple -> ./public/rules/Apple.yaml
[2026-09-16 10:48:06] [INFO] Updated rule-provider Apple URL to https://cdn.honglin.ac.cn/statically/gh/flinhong/configs/public/rules/Apple.yaml
[2026-09-16 10:48:06] [INFO] Downloading: https://raw.githubusercontent.com/ACL4SSR/ACL4SSR/refs/heads/master/Clash/ProxyMedia.list
[2026-09-16 10:48:06] [INFO] Downloaded rule-provider ProxyMedia -> ./public/rules/ProxyMedia.yaml
[2026-09-16 10:48:06] [INFO] Updated rule-provider ProxyMedia URL to https://cdn.honglin.ac.cn/statically/gh/flinhong/configs/public/rules/ProxyMedia.yaml
[2026-09-16 10:48:06] [INFO] Downloading: https://raw.githubusercontent.com/ACL4SSR/ACL4SSR/refs/heads/master/Clash/Telegram.list
[2026-09-16 10:48:06] [INFO] Downloaded rule-provider Telegram -> ./public/rules/Telegram.yaml
[2026-09-16 10:48:06] [INFO] Updated rule-provider Telegram URL to https://cdn.honglin.ac.cn/statically/gh/flinhong/configs/public/rules/Telegram.yaml
[2026-09-16 10:48:06] [INFO] Downloading: https://raw.githubusercontent.com/ACL4SSR/ACL4SSR/refs/heads/master/Clash/ProxyLite.list
[2026-09-16 10:48:06] [INFO] Downloaded rule-provider ProxyLite -> ./public/rules/ProxyLite.yaml
[2026-09-16 10:48:06] [INFO] Updated rule-provider ProxyLite URL to https://cdn.honglin.ac.cn/statically/gh/flinhong/configs/public/rules/ProxyLite.yaml
[2026-09-16 10:48:06] [INFO] Downloading: https://raw.githubusercontent.com/ACL4SSR/ACL4SSR/refs/heads/master/Clash/ChinaDomain.list
[2026-09-16 10:48:06] [INFO] Downloaded rule-provider ChinaDomain -> ./public/rules/ChinaDomain.yaml
[2026-09-16 10:48:06] [INFO] Updated rule-provider ChinaDomain URL to https://cdn.honglin.ac.cn/statically/gh/flinhong/configs/public/rules/ChinaDomain.yaml
[2026-09-16 10:48:06] [INFO] Downloading: https://raw.githubusercontent.com/ACL4SSR/ACL4SSR/refs/heads/master/Clash/ChinaCompanyIp.list
[2026-09-16 10:48:06] [INFO] Downloaded rule-provider ChinaCompanyIp -> ./public/rules/ChinaCompanyIp.yaml
[2026-09-16 10:48:06] [INFO] Updated rule-provider ChinaCompanyIp URL to https://cdn.honglin.ac.cn/statically/gh/flinhong/configs/public/rules/ChinaCompanyIp.yaml
[2026-09-16 10:48:06] [INFO] Fetching extra proxies...
[2026-09-16 10:48:07] [INFO] All date-based sources have today's file available, using today
[2026-09-16 10:48:07] [INFO] Downloading: https://raw.githubusercontent.com/zhangkaiitugithub/passcro/main/speednodes.yaml
[2026-09-16 10:48:07] [INFO] Fetched 11 unique proxies for Load Balancer.
[2026-09-16 10:48:07] [INFO] Downloading: https://node.nodefree.me/2026/09/20260916.yaml
[2026-09-16 10:48:07] [INFO] Downloading: https://static.v2rayshare.net/2026/09/20260916.yaml
[2026-09-16 10:48:07] [INFO] Downloading: https://raw.githubusercontent.com/free18/v2ray/main/c.yaml
[2026-09-16 10:48:08] [WARNING] Filtered proxy 🇩🇪_DE_德国: reality-opts short-id '' missing or invalid
[2026-09-16 10:48:08] [WARNING] Filtered proxy 🇹🇼_TW_中国台湾->🇫🇮_FI_芬兰: reality-opts short-id '' missing or invalid
[2026-09-16 10:48:08] [WARNING] Filtered proxy 🇺🇸_US_美国->🇯🇵_JP_日本: reality-opts short-id '' missing or invalid
[2026-09-16 10:48:08] [WARNING] Filtered proxy 🇩🇪_DE_德国_1: reality-opts short-id '' missing or invalid
[2026-09-16 10:48:08] [WARNING] Filtered proxy 🇺🇸_US_美国->🇯🇵_JP_日本_1: reality-opts short-id '' missing or invalid
[2026-09-16 10:48:08] [WARNING] Filtered proxy 🇩🇪_DE_德国: reality-opts short-id '' missing or invalid
[2026-09-16 10:48:08] [WARNING] Filtered proxy 🇹🇼_TW_中国台湾->🇫🇮_FI_芬兰: reality-opts short-id '' missing or invalid
[2026-09-16 10:48:08] [WARNING] Filtered proxy 🇺🇸_US_美国->🇯🇵_JP_日本: reality-opts short-id '' missing or invalid
[2026-09-16 10:48:08] [WARNING] Filtered proxy 🇩🇪_DE_德国_1: reality-opts short-id '' missing or invalid
[2026-09-16 10:48:08] [WARNING] Filtered proxy 🇺🇸_US_美国->🇯🇵_JP_日本_1: reality-opts short-id '' missing or invalid
[2026-09-16 10:48:08] [INFO] Fetched 252 unique proxies for Auto Select.
[2026-09-16 10:48:08] [WARNING] Filtered proxy 🇩🇪_DE_德国: reality-opts short-id '' missing or invalid
[2026-09-16 10:48:08] [WARNING] Filtered proxy 🇩🇪DE_1|3.7MB/s: reality-opts short-id '' missing or invalid
[2026-09-16 10:48:08] [WARNING] Filtered proxy 🇫🇮FI_2|1.6MB/s: reality-opts short-id '' missing or invalid
[2026-09-16 10:48:08] [WARNING] Filtered proxy 🇺🇦 乌克兰 | UKR: reality-opts short-id '' missing or invalid
[2026-09-16 10:48:08] [INFO] Filtered original proxies: 434 remaining
[2026-09-16 10:48:09] [INFO] Successfully wrote config to ./public/subscribe/clash.yml
[2026-09-16 23:54:40] [INFO] Downloading: https://www.ermao.net/sub/clash/ermao.net
[2026-09-16 23:54:41] [INFO] Main subscription fetched and parsed.
[2026-09-16 23:54:41] [INFO] Downloading rule-providers...
[2026-09-16 23:54:41] [INFO] Downloading: https://raw.githubusercontent.com/ACL4SSR/ACL4SSR/refs/heads/master/Clash/LocalAreaNetwork.list
[2026-09-16 23:54:41] [INFO] Downloaded rule-provider LocalAreaNetwork -> ./public/rules/LocalAreaNetwork.yaml
[2026-09-16 23:54:41] [INFO] Updated rule-provider LocalAreaNetwork URL to https://cdn.honglin.ac.cn/statically/gh/flinhong/configs/public/rules/LocalAreaNetwork.yaml
[2026-09-16 23:54:41] [INFO] Downloading: https://raw.githubusercontent.com/ACL4SSR/ACL4SSR/refs/heads/master/Clash/BanAD.list
[2026-09-16 23:54:41] [INFO] Downloaded rule-provider BanAD -> ./public/rules/BanAD.yaml
[2026-09-16 23:54:41] [INFO] Updated rule-provider BanAD URL to https://cdn.honglin.ac.cn/statically/gh/flinhong/configs/public/rules/BanAD.yaml
[2026-09-16 23:54:41] [INFO] Downloading: https://raw.githubusercontent.com/ACL4SSR/ACL4SSR/refs/heads/master/Clash/BanProgramAD.list
[2026-09-16 23:54:41] [INFO] Downloaded rule-provider BanProgramAD -> ./public/rules/BanProgramAD.yaml
[2026-09-16 23:54:41] [INFO] Updated rule-provider BanProgramAD URL to https://cdn.honglin.ac.cn/statically/gh/flinhong/configs/public/rules/BanProgramAD.yaml
[2026-09-16 23:54:41] [INFO] Downloading: https://raw.githubusercontent.com/ACL4SSR/ACL4SSR/refs/heads/master/Clash/BanEasyList.list
[2026-09-16 23:54:42] [INFO] Downloaded rule-provider BanEasyList -> ./public/rules/BanEasyList.yaml
[2026-09-16 23:54:42] [INFO] Updated rule-provider BanEasyList URL to https://cdn.honglin.ac.cn/statically/gh/flinhong/configs/public/rules/BanEasyList.yaml
[2026-09-16 23:54:42] [INFO] Downloading: https://raw.githubusercontent.com/ACL4SSR/ACL4SSR/refs/heads/master/Clash/BanEasyListChina.list
[2026-09-16 23:54:42] [INFO] Downloaded rule-provider BanEasyListChina -> ./public/rules/BanEasyListChina.yaml
[2026-09-16 23:54:42] [INFO] Updated rule-provider BanEasyListChina URL to https://cdn.honglin.ac.cn/statically/gh/flinhong/configs/public/rules/BanEasyListChina.yaml
[2026-09-16 23:54:42] [INFO] Downloading: https://raw.githubusercontent.com/ACL4SSR/ACL4SSR/refs/heads/master/Clash/BanEasyPrivacy.list
[2026-09-16 23:54:43] [INFO] Downloaded rule-provider BanEasyPrivacy -> ./public/rules/BanEasyPrivacy.yaml
[2026-09-16 23:54:43] [INFO] Updated rule-provider BanEasyPrivacy URL to https://cdn.honglin.ac.cn/statically/gh/flinhong/configs/public/rules/BanEasyPrivacy.yaml
[2026-09-16 23:54:43] [INFO] Downloading: https://raw.githubusercontent.com/ACL4SSR/ACL4SSR/refs/heads/master/Clash/GoogleCN.list
[2026-09-16 23:54:43] [INFO] Downloaded rule-provider GoogleCN -> ./public/rules/GoogleCN.yaml
[2026-09-16 23:54:43] [INFO] Updated rule-provider GoogleCN URL to https://cdn.honglin.ac.cn/statically/gh/flinhong/configs/public/rules/GoogleCN.yaml
[2026-09-16 23:54:43] [INFO] Downloading: https://raw.githubusercontent.com/ACL4SSR/ACL4SSR/refs/heads/master/Clash/Ruleset/SteamCN.list
[2026-09-16 23:54:43] [INFO] Downloaded rule-provider SteamCN -> ./public/rules/SteamCN.yaml
[2026-09-16 23:54:43] [INFO] Updated rule-provider SteamCN URL to https://cdn.honglin.ac.cn/statically/gh/flinhong/configs/public/rules/SteamCN.yaml
[2026-09-16 23:54:43] [INFO] Downloading: https://raw.githubusercontent.com/ACL4SSR/ACL4SSR/refs/heads/master/Clash/Microsoft.list
[2026-09-16 23:54:43] [INFO] Downloaded rule-provider Microsoft -> ./public/rules/Microsoft.yaml
[2026-09-16 23:54:43] [INFO] Updated rule-provider Microsoft URL to https://cdn.honglin.ac.cn/statically/gh/flinhong/configs/public/rules/Microsoft.yaml
[2026-09-16 23:54:43] [INFO] Downloading: https://raw.githubusercontent.com/ACL4SSR/ACL4SSR/refs/heads/master/Clash/Apple.list
[2026-09-16 23:54:43] [INFO] Downloaded rule-provider Apple -> ./public/rules/Apple.yaml
[2026-09-16 23:54:43] [INFO] Updated rule-provider Apple URL to https://cdn.honglin.ac.cn/statically/gh/flinhong/configs/public/rules/Apple.yaml
[2026-09-16 23:54:43] [INFO] Downloading: https://raw.githubusercontent.com/ACL4SSR/ACL4SSR/refs/heads/master/Clash/ProxyMedia.list
[2026-09-16 23:54:44] [INFO] Downloaded rule-provider ProxyMedia -> ./public/rules/ProxyMedia.yaml
[2026-09-16 23:54:44] [INFO] Updated rule-provider ProxyMedia URL to https://cdn.honglin.ac.cn/statically/gh/flinhong/configs/public/rules/ProxyMedia.yaml
[2026-09-16 23:54:44] [INFO] Downloading: https://raw.githubusercontent.com/ACL4SSR/ACL4SSR/refs/heads/master/Clash/Telegram.list
[2026-09-16 23:54:44] [INFO] Downloaded rule-provider Telegram -> ./public/rules/Telegram.yaml
[2026-09-16 23:54:44] [INFO] Updated rule-provider Telegram URL to https://cdn.honglin.ac.cn/statically/gh/flinhong/configs/public/rules/Telegram.yaml
[2026-09-16 23:54:44] [INFO] Downloading: https://raw.githubusercontent.com/ACL4SSR/ACL4SSR/refs/heads/master/Clash/ProxyLite.list
[2026-09-16 23:54:44] [INFO] Downloaded rule-provider ProxyLite -> ./public/rules/ProxyLite.yaml
[2026-09-16 23:54:44] [INFO] Updated rule-provider ProxyLite URL to https://cdn.honglin.ac.cn/statically/gh/flinhong/configs/public/rules/ProxyLite.yaml
[2026-09-16 23:54:44] [INFO] Downloading: https://raw.githubusercontent.com/ACL4SSR/ACL4SSR/refs/heads/master/Clash/ChinaDomain.list
[2026-09-16 23:54:44] [INFO] Downloaded rule-provider ChinaDomain -> ./public/rules/ChinaDomain.yaml
[2026-09-16 23:54:44] [INFO] Updated rule-provider ChinaDomain URL to https://cdn.honglin.ac.cn/statically/gh/flinhong/configs/public/rules/ChinaDomain.yaml
[2026-09-16 23:54:44] [INFO] Downloading: https://raw.githubusercontent.com/ACL4SSR/ACL4SSR/refs/heads/master/Clash/ChinaCompanyIp.list
[2026-09-16 23:54:44] [INFO] Downloaded rule-provider ChinaCompanyIp -> ./public/rules/ChinaCompanyIp.yaml
[2026-09-16 23:54:44] [INFO] Updated rule-provider ChinaCompanyIp URL to https://cdn.honglin.ac.cn/statically/gh/flinhong/configs/public/rules/ChinaCompanyIp.yaml
[2026-09-16 23:54:44] [INFO] Fetching extra proxies...
[2026-09-16 23:54:45] [INFO] All date-based sources have today's file available, using today
[2026-09-16 23:54:45] [INFO] Downloading: https://raw.githubusercontent.com/zhangkaiitugithub/passcro/main/speednodes.yaml
[2026-09-16 23:54:45] [INFO] Fetched 11 unique proxies for Load Balancer.
[2026-09-16 23:54:45] [INFO] Downloading: https://node.nodefree.me/2026/09/20260916.yaml
[2026-09-16 23:54:45] [INFO] Downloading: https://static.v2rayshare.net/2026/09/20260916.yaml
[2026-09-16 23:54:45] [INFO] Downloading: https://raw.githubusercontent.com/free18/v2ray/main/c.yaml
[2026-09-16 23:54:46] [WARNING] Filtered proxy 🇩🇪_DE_德国: reality-opts short-id '' missing or invalid
[2026-09-16 23:54:46] [WARNING] Filtered proxy 🇹🇼_TW_中国台湾->🇫🇮_FI_芬兰: reality-opts short-id '' missing or invalid
[2026-09-16 23:54:46] [WARNING] Filtered proxy 🇺🇸_US_美国->🇯🇵_JP_日本: reality-opts short-id '' missing or invalid
[2026-09-16 23:54:46] [WARNING] Filtered proxy 🇩🇪_DE_德国_1: reality-opts short-id '' missing or invalid
[2026-09-16 23:54:46] [WARNING] Filtered proxy 🇺🇸_US_美国->🇯🇵_JP_日本_1: reality-opts short-id '' missing or invalid
[2026-09-16 23:54:46] [WARNING] Filtered proxy 🇩🇪_DE_德国: reality-opts short-id '' missing or invalid
[2026-09-16 23:54:46] [WARNING] Filtered proxy 🇹🇼_TW_中国台湾->🇫🇮_FI_芬兰: reality-opts short-id '' missing or invalid
[2026-09-16 23:54:46] [WARNING] Filtered proxy 🇺🇸_US_美国->🇯🇵_JP_日本: reality-opts short-id '' missing or invalid
[2026-09-16 23:54:46] [WARNING] Filtered proxy 🇩🇪_DE_德国_1: reality-opts short-id '' missing or invalid
[2026-09-16 23:54:46] [WARNING] Filtered proxy 🇺🇸_US_美国->🇯🇵_JP_日本_1: reality-opts short-id '' missing or invalid
[2026-09-16 23:54:46] [INFO] Fetched 46 unique proxies for Auto Select.
[2026-09-16 23:54:46] [WARNING] Filtered proxy 🇩🇪_DE_德国: reality-opts short-id '' missing or invalid
[2026-09-16 23:54:46] [WARNING] Filtered proxy 🇺🇸US_1|1.1MB/s: reality-opts short-id '' missing or invalid
[2026-09-16 23:54:46] [WARNING] Filtered proxy 🇷🇺 俄罗斯 | RUS 2: reality-opts short-id '' missing or invalid
[2026-09-16 23:54:46] [INFO] Filtered original proxies: 358 remaining
[2026-09-16 23:54:46] [INFO] Successfully wrote config to ./public/subscribe/clash.yml
[2026-09-17 10:51:55] [INFO] Downloading: https://www.ermao.net/sub/clash/ermao.net
[2026-09-17 10:51:56] [INFO] Main subscription fetched and parsed.
[2026-09-17 10:51:56] [INFO] Downloading rule-providers...
[2026-09-17 10:51:56] [INFO] Downloading: https://raw.githubusercontent.com/ACL4SSR/ACL4SSR/refs/heads/master/Clash/LocalAreaNetwork.list
[2026-09-17 10:51:56] [INFO] Downloaded rule-provider LocalAreaNetwork -> ./public/rules/LocalAreaNetwork.yaml
[2026-09-17 10:51:56] [INFO] Updated rule-provider LocalAreaNetwork URL to https://cdn.honglin.ac.cn/statically/gh/flinhong/configs/public/rules/LocalAreaNetwork.yaml
[2026-09-17 10:51:56] [INFO] Downloading: https://raw.githubusercontent.com/ACL4SSR/ACL4SSR/refs/heads/master/Clash/BanAD.list
[2026-09-17 10:51:56] [INFO] Downloaded rule-provider BanAD -> ./public/rules/BanAD.yaml
[2026-09-17 10:51:56] [INFO] Updated rule-provider BanAD URL to https://cdn.honglin.ac.cn/statically/gh/flinhong/configs/public/rules/BanAD.yaml
[2026-09-17 10:51:56] [INFO] Downloading: https://raw.githubusercontent.com/ACL4SSR/ACL4SSR/refs/heads/master/Clash/BanProgramAD.list
[2026-09-17 10:51:56] [INFO] Downloaded rule-provider BanProgramAD -> ./public/rules/BanProgramAD.yaml
[2026-09-17 10:51:56] [INFO] Updated rule-provider BanProgramAD URL to https://cdn.honglin.ac.cn/statically/gh/flinhong/configs/public/rules/BanProgramAD.yaml
[2026-09-17 10:51:56] [INFO] Downloading: https://raw.githubusercontent.com/ACL4SSR/ACL4SSR/refs/heads/master/Clash/BanEasyList.list
[2026-09-17 10:51:56] [INFO] Downloaded rule-provider BanEasyList -> ./public/rules/BanEasyList.yaml
[2026-09-17 10:51:56] [INFO] Updated rule-provider BanEasyList URL to https://cdn.honglin.ac.cn/statically/gh/flinhong/configs/public/rules/BanEasyList.yaml
[2026-09-17 10:51:56] [INFO] Downloading: https://raw.githubusercontent.com/ACL4SSR/ACL4SSR/refs/heads/master/Clash/BanEasyListChina.list
[2026-09-17 10:51:56] [INFO] Downloaded rule-provider BanEasyListChina -> ./public/rules/BanEasyListChina.yaml
[2026-09-17 10:51:56] [INFO] Updated rule-provider BanEasyListChina URL to https://cdn.honglin.ac.cn/statically/gh/flinhong/configs/public/rules/BanEasyListChina.yaml
[2026-09-17 10:51:56] [INFO] Downloading: https://raw.githubusercontent.com/ACL4SSR/ACL4SSR/refs/heads/master/Clash/BanEasyPrivacy.list
[2026-09-17 10:51:57] [INFO] Downloaded rule-provider BanEasyPrivacy -> ./public/rules/BanEasyPrivacy.yaml
[2026-09-17 10:51:57] [INFO] Updated rule-provider BanEasyPrivacy URL to https://cdn.honglin.ac.cn/statically/gh/flinhong/configs/public/rules/BanEasyPrivacy.yaml
[2026-09-17 10:51:57] [INFO] Downloading: https://raw.githubusercontent.com/ACL4SSR/ACL4SSR/refs/heads/master/Clash/GoogleCN.list
[2026-09-17 10:51:57] [INFO] Downloaded rule-provider GoogleCN -> ./public/rules/GoogleCN.yaml
[2026-09-17 10:51:57] [INFO] Updated rule-provider GoogleCN URL to https://cdn.honglin.ac.cn/statically/gh/flinhong/configs/public/rules/GoogleCN.yaml
[2026-09-17 10:51:57] [INFO] Downloading: https://raw.githubusercontent.com/ACL4SSR/ACL4SSR/refs/heads/master/Clash/Ruleset/SteamCN.list
[2026-09-17 10:51:57] [INFO] Downloaded rule-provider SteamCN -> ./public/rules/SteamCN.yaml
[2026-09-17 10:51:57] [INFO] Updated rule-provider SteamCN URL to https://cdn.honglin.ac.cn/statically/gh/flinhong/configs/public/rules/SteamCN.yaml
[2026-09-17 10:51:57] [INFO] Downloading: https://raw.githubusercontent.com/ACL4SSR/ACL4SSR/refs/heads/master/Clash/Microsoft.list
[2026-09-17 10:51:57] [INFO] Downloaded rule-provider Microsoft -> ./public/rules/Microsoft.yaml
[2026-09-17 10:51:57] [INFO] Updated rule-provider Microsoft URL to https://cdn.honglin.ac.cn/statically/gh/flinhong/configs/public/rules/Microsoft.yaml
[2026-09-17 10:51:57] [INFO] Downloading: https://raw.githubusercontent.com/ACL4SSR/ACL4SSR/refs/heads/master/Clash/Apple.list
[2026-09-17 10:51:57] [INFO] Downloaded rule-provider Apple -> ./public/rules/Apple.yaml
[2026-09-17 10:51:57] [INFO] Updated rule-provider Apple URL to https://cdn.honglin.ac.cn/statically/gh/flinhong/configs/public/rules/Apple.yaml
[2026-09-17 10:51:57] [INFO] Downloading: https://raw.githubusercontent.com/ACL4SSR/ACL4SSR/refs/heads/master/Clash/ProxyMedia.list
[2026-09-17 10:51:57] [INFO] Downloaded rule-provider ProxyMedia -> ./public/rules/ProxyMedia.yaml
[2026-09-17 10:51:57] [INFO] Updated rule-provider ProxyMedia URL to https://cdn.honglin.ac.cn/statically/gh/flinhong/configs/public/rules/ProxyMedia.yaml
[2026-09-17 10:51:57] [INFO] Downloading: https://raw.githubusercontent.com/ACL4SSR/ACL4SSR/refs/heads/master/Clash/Telegram.list
[2026-09-17 10:51:57] [INFO] Downloaded rule-provider Telegram -> ./public/rules/Telegram.yaml
[2026-09-17 10:51:57] [INFO] Updated rule-provider Telegram URL to https://cdn.honglin.ac.cn/statically/gh/flinhong/configs/public/rules/Telegram.yaml
[2026-09-17 10:51:57] [INFO] Downloading: https://raw.githubusercontent.com/ACL4SSR/ACL4SSR/refs/heads/master/Clash/ProxyLite.list
[2026-09-17 10:51:57] [INFO] Downloaded rule-provider ProxyLite -> ./public/rules/ProxyLite.yaml
[2026-09-17 10:51:57] [INFO] Updated rule-provider ProxyLite URL to https://cdn.honglin.ac.cn/statically/gh/flinhong/configs/public/rules/ProxyLite.yaml
[2026-09-17 10:51:57] [INFO] Downloading: https://raw.githubusercontent.com/ACL4SSR/ACL4SSR/refs/heads/master/Clash/ChinaDomain.list
[2026-09-17 10:51:57] [INFO] Downloaded rule-provider ChinaDomain -> ./public/rules/ChinaDomain.yaml
[2026-09-17 10:51:57] [INFO] Updated rule-provider ChinaDomain URL to https://cdn.honglin.ac.cn/statically/gh/flinhong/configs/public/rules/ChinaDomain.yaml
[2026-09-17 10:51:57] [INFO] Downloading: https://raw.githubusercontent.com/ACL4SSR/ACL4SSR/refs/heads/master/Clash/ChinaCompanyIp.list
[2026-09-17 10:51:58] [INFO] Downloaded rule-provider ChinaCompanyIp -> ./public/rules/ChinaCompanyIp.yaml
[2026-09-17 10:51:58] [INFO] Updated rule-provider ChinaCompanyIp URL to https://cdn.honglin.ac.cn/statically/gh/flinhong/configs/public/rules/ChinaCompanyIp.yaml
[2026-09-17 10:51:58] [INFO] Fetching extra proxies...
[2026-09-17 10:51:58] [INFO] All date-based sources have today's file available, using today
[2026-09-17 10:51:58] [INFO] Downloading: https://raw.githubusercontent.com/zhangkaiitugithub/passcro/main/speednodes.yaml
[2026-09-17 10:51:58] [INFO] Fetched 11 unique proxies for Load Balancer.
[2026-09-17 10:51:58] [INFO] Downloading: https://node.nodefree.me/2026/09/20260917.yaml
[2026-09-17 10:51:58] [INFO] Downloading: https://static.v2rayshare.net/2026/09/20260917.yaml
[2026-09-17 10:51:58] [INFO] Downloading: https://raw.githubusercontent.com/free18/v2ray/main/c.yaml
[2026-09-17 10:51:59] [WARNING] Filtered proxy 🇩🇪_DE_德国: reality-opts short-id '' missing or invalid
[2026-09-17 10:51:59] [WARNING] Filtered proxy 🇹🇼_TW_中国台湾->🇫🇮_FI_芬兰: reality-opts short-id '' missing or invalid
[2026-09-17 10:51:59] [WARNING] Filtered proxy 🇺🇸_US_美国->🇯🇵_JP_日本: reality-opts short-id '' missing or invalid
[2026-09-17 10:51:59] [WARNING] Filtered proxy 🇩🇪_DE_德国_1: reality-opts short-id '' missing or invalid
[2026-09-17 10:51:59] [WARNING] Filtered proxy 🇺🇸_US_美国->🇯🇵_JP_日本_1: reality-opts short-id '' missing or invalid
[2026-09-17 10:51:59] [WARNING] Filtered proxy 🇩🇪_DE_德国: reality-opts short-id '' missing or invalid
[2026-09-17 10:51:59] [WARNING] Filtered proxy 🇹🇼_TW_中国台湾->🇫🇮_FI_芬兰: reality-opts short-id '' missing or invalid
[2026-09-17 10:51:59] [WARNING] Filtered proxy 🇺🇸_US_美国->🇯🇵_JP_日本: reality-opts short-id '' missing or invalid
[2026-09-17 10:51:59] [WARNING] Filtered proxy 🇩🇪_DE_德国_1: reality-opts short-id '' missing or invalid
[2026-09-17 10:51:59] [WARNING] Filtered proxy 🇺🇸_US_美国->🇯🇵_JP_日本_1: reality-opts short-id '' missing or invalid
[2026-09-17 10:51:59] [INFO] Fetched 46 unique proxies for Auto Select.
[2026-09-17 10:51:59] [WARNING] Filtered proxy 🇳🇱_NL_荷兰->🇩🇪_DE_德国: reality-opts short-id '' missing or invalid
[2026-09-17 10:51:59] [WARNING] Filtered proxy 🇩🇪_DE_德国: reality-opts short-id '' missing or invalid
[2026-09-17 10:51:59] [WARNING] Filtered proxy 🇩🇪DE_11|2.2MB/s: reality-opts short-id '' missing or invalid
[2026-09-17 10:51:59] [WARNING] Filtered proxy 🇩🇪 德国 | DEU 2: reality-opts short-id '' missing or invalid
[2026-09-17 10:51:59] [WARNING] Filtered proxy 🇩🇪 德国 | DEU 5: reality-opts short-id '' missing or invalid
[2026-09-17 10:51:59] [INFO] Filtered original proxies: 426 remaining
[2026-09-17 10:51:59] [INFO] Successfully wrote config to ./public/subscribe/clash.yml
[2026-09-18 00:01:00] [INFO] Downloading: https://www.ermao.net/sub/clash/ermao.net
[2026-09-18 00:01:01] [INFO] Main subscription fetched and parsed.
[2026-09-18 00:01:01] [INFO] Downloading rule-providers...
[2026-09-18 00:01:01] [INFO] Downloading: https://raw.githubusercontent.com/ACL4SSR/ACL4SSR/refs/heads/master/Clash/LocalAreaNetwork.list
[2026-09-18 00:01:01] [INFO] Downloaded rule-provider LocalAreaNetwork -> ./public/rules/LocalAreaNetwork.yaml
[2026-09-18 00:01:01] [INFO] Updated rule-provider LocalAreaNetwork URL to https://cdn.honglin.ac.cn/statically/gh/flinhong/configs/public/rules/LocalAreaNetwork.yaml
[2026-09-18 00:01:01] [INFO] Downloading: https://raw.githubusercontent.com/ACL4SSR/ACL4SSR/refs/heads/master/Clash/BanAD.list
[2026-09-18 00:01:01] [INFO] Downloaded rule-provider BanAD -> ./public/rules/BanAD.yaml
[2026-09-18 00:01:01] [INFO] Updated rule-provider BanAD URL to https://cdn.honglin.ac.cn/statically/gh/flinhong/configs/public/rules/BanAD.yaml
[2026-09-18 00:01:01] [INFO] Downloading: https://raw.githubusercontent.com/ACL4SSR/ACL4SSR/refs/heads/master/Clash/BanProgramAD.list
[2026-09-18 00:01:01] [INFO] Downloaded rule-provider BanProgramAD -> ./public/rules/BanProgramAD.yaml
[2026-09-18 00:01:01] [INFO] Updated rule-provider BanProgramAD URL to https://cdn.honglin.ac.cn/statically/gh/flinhong/configs/public/rules/BanProgramAD.yaml
[2026-09-18 00:01:01] [INFO] Downloading: https://raw.githubusercontent.com/ACL4SSR/ACL4SSR/refs/heads/master/Clash/BanEasyList.list
[2026-09-18 00:01:01] [INFO] Downloaded rule-provider BanEasyList -> ./public/rules/BanEasyList.yaml
[2026-09-18 00:01:01] [INFO] Updated rule-provider BanEasyList URL to https://cdn.honglin.ac.cn/statically/gh/flinhong/configs/public/rules/BanEasyList.yaml
[2026-09-18 00:01:01] [INFO] Downloading: https://raw.githubusercontent.com/ACL4SSR/ACL4SSR/refs/heads/master/Clash/BanEasyListChina.list
[2026-09-18 00:01:01] [INFO] Downloaded rule-provider BanEasyListChina -> ./public/rules/BanEasyListChina.yaml
[2026-09-18 00:01:01] [INFO] Updated rule-provider BanEasyListChina URL to https://cdn.honglin.ac.cn/statically/gh/flinhong/configs/public/rules/BanEasyListChina.yaml
[2026-09-18 00:01:01] [INFO] Downloading: https://raw.githubusercontent.com/ACL4SSR/ACL4SSR/refs/heads/master/Clash/BanEasyPrivacy.list
[2026-09-18 00:01:02] [INFO] Downloaded rule-provider BanEasyPrivacy -> ./public/rules/BanEasyPrivacy.yaml
[2026-09-18 00:01:02] [INFO] Updated rule-provider BanEasyPrivacy URL to https://cdn.honglin.ac.cn/statically/gh/flinhong/configs/public/rules/BanEasyPrivacy.yaml
[2026-09-18 00:01:02] [INFO] Downloading: https://raw.githubusercontent.com/ACL4SSR/ACL4SSR/refs/heads/master/Clash/GoogleCN.list
[2026-09-18 00:01:02] [INFO] Downloaded rule-provider GoogleCN -> ./public/rules/GoogleCN.yaml
[2026-09-18 00:01:02] [INFO] Updated rule-provider GoogleCN URL to https://cdn.honglin.ac.cn/statically/gh/flinhong/configs/public/rules/GoogleCN.yaml
[2026-09-18 00:01:02] [INFO] Downloading: https://raw.githubusercontent.com/ACL4SSR/ACL4SSR/refs/heads/master/Clash/Ruleset/SteamCN.list
[2026-09-18 00:01:02] [INFO] Downloaded rule-provider SteamCN -> ./public/rules/SteamCN.yaml
[2026-09-18 00:01:02] [INFO] Updated rule-provider SteamCN URL to https://cdn.honglin.ac.cn/statically/gh/flinhong/configs/public/rules/SteamCN.yaml
[2026-09-18 00:01:02] [INFO] Downloading: https://raw.githubusercontent.com/ACL4SSR/ACL4SSR/refs/heads/master/Clash/Microsoft.list
[2026-09-18 00:01:02] [INFO] Downloaded rule-provider Microsoft -> ./public/rules/Microsoft.yaml
[2026-09-18 00:01:02] [INFO] Updated rule-provider Microsoft URL to https://cdn.honglin.ac.cn/statically/gh/flinhong/configs/public/rules/Microsoft.yaml
[2026-09-18 00:01:02] [INFO] Downloading: https://raw.githubusercontent.com/ACL4SSR/ACL4SSR/refs/heads/master/Clash/Apple.list
[2026-09-18 00:01:02] [INFO] Downloaded rule-provider Apple -> ./public/rules/Apple.yaml
[2026-09-18 00:01:02] [INFO] Updated rule-provider Apple URL to https://cdn.honglin.ac.cn/statically/gh/flinhong/configs/public/rules/Apple.yaml
[2026-09-18 00:01:02] [INFO] Downloading: https://raw.githubusercontent.com/ACL4SSR/ACL4SSR/refs/heads/master/Clash/ProxyMedia.list
[2026-09-18 00:01:02] [INFO] Downloaded rule-provider ProxyMedia -> ./public/rules/ProxyMedia.yaml
[2026-09-18 00:01:02] [INFO] Updated rule-provider ProxyMedia URL to https://cdn.honglin.ac.cn/statically/gh/flinhong/configs/public/rules/ProxyMedia.yaml
[2026-09-18 00:01:02] [INFO] Downloading: https://raw.githubusercontent.com/ACL4SSR/ACL4SSR/refs/heads/master/Clash/Telegram.list
[2026-09-18 00:01:02] [INFO] Downloaded rule-provider Telegram -> ./public/rules/Telegram.yaml
[2026-09-18 00:01:02] [INFO] Updated rule-provider Telegram URL to https://cdn.honglin.ac.cn/statically/gh/flinhong/configs/public/rules/Telegram.yaml
[2026-09-18 00:01:02] [INFO] Downloading: https://raw.githubusercontent.com/ACL4SSR/ACL4SSR/refs/heads/master/Clash/ProxyLite.list
[2026-09-18 00:01:02] [INFO] Downloaded rule-provider ProxyLite -> ./public/rules/ProxyLite.yaml
[2026-09-18 00:01:02] [INFO] Updated rule-provider ProxyLite URL to https://cdn.honglin.ac.cn/statically/gh/flinhong/configs/public/rules/ProxyLite.yaml
[2026-09-18 00:01:02] [INFO] Downloading: https://raw.githubusercontent.com/ACL4SSR/ACL4SSR/refs/heads/master/Clash/ChinaDomain.list
[2026-09-18 00:01:02] [INFO] Downloaded rule-provider ChinaDomain -> ./public/rules/ChinaDomain.yaml
[2026-09-18 00:01:02] [INFO] Updated rule-provider ChinaDomain URL to https://cdn.honglin.ac.cn/statically/gh/flinhong/configs/public/rules/ChinaDomain.yaml
[2026-09-18 00:01:02] [INFO] Downloading: https://raw.githubusercontent.com/ACL4SSR/ACL4SSR/refs/heads/master/Clash/ChinaCompanyIp.list
[2026-09-18 00:01:02] [INFO] Downloaded rule-provider ChinaCompanyIp -> ./public/rules/ChinaCompanyIp.yaml
[2026-09-18 00:01:02] [INFO] Updated rule-provider ChinaCompanyIp URL to https://cdn.honglin.ac.cn/statically/gh/flinhong/configs/public/rules/ChinaCompanyIp.yaml
[2026-09-18 00:01:02] [INFO] Fetching extra proxies...
[2026-09-18 00:01:03] [INFO] All date-based sources have today's file available, using today
[2026-09-18 00:01:03] [INFO] Downloading: https://raw.githubusercontent.com/zhangkaiitugithub/passcro/main/speednodes.yaml
[2026-09-18 00:01:03] [INFO] Fetched 11 unique proxies for Load Balancer.
[2026-09-18 00:01:03] [INFO] Downloading: https://node.nodefree.me/2026/09/20260918.yaml
[2026-09-18 00:01:03] [INFO] Downloading: https://static.v2rayshare.net/2026/09/20260918.yaml
[2026-09-18 00:01:03] [INFO] Downloading: https://raw.githubusercontent.com/free18/v2ray/main/c.yaml
[2026-09-18 00:01:04] [WARNING] Filtered proxy 🇮🇷_伊朗_5: reality-opts short-id '' missing or invalid
[2026-09-18 00:01:04] [WARNING] Filtered proxy 🇮🇷_伊朗_6: reality-opts short-id '' missing or invalid
[2026-09-18 00:01:04] [WARNING] Filtered proxy 🇮🇷_伊朗_7: reality-opts short-id '' missing or invalid
[2026-09-18 00:01:04] [WARNING] Filtered proxy 🇮🇷_伊朗_8: reality-opts short-id '' missing or invalid
[2026-09-18 00:01:04] [WARNING] Filtered proxy 🇮🇷_伊朗_9: reality-opts short-id '' missing or invalid
[2026-09-18 00:01:04] [WARNING] Filtered proxy 🇩🇪_DE_德国: reality-opts short-id '' missing or invalid
[2026-09-18 00:01:04] [WARNING] Filtered proxy 🇹🇼_TW_中国台湾->🇫🇮_FI_芬兰: reality-opts short-id '' missing or invalid
[2026-09-18 00:01:04] [WARNING] Filtered proxy 🇺🇸_US_美国->🇯🇵_JP_日本: reality-opts short-id '' missing or invalid
[2026-09-18 00:01:04] [WARNING] Filtered proxy 🇩🇪_DE_德国_1: reality-opts short-id '' missing or invalid
[2026-09-18 00:01:04] [WARNING] Filtered proxy 🇺🇸_US_美国->🇯🇵_JP_日本_1: reality-opts short-id '' missing or invalid
[2026-09-18 00:01:04] [WARNING] Filtered proxy 🇩🇪_DE_德国: reality-opts short-id '' missing or invalid
[2026-09-18 00:01:04] [WARNING] Filtered proxy 🇹🇼_TW_中国台湾->🇫🇮_FI_芬兰: reality-opts short-id '' missing or invalid
[2026-09-18 00:01:04] [WARNING] Filtered proxy 🇺🇸_US_美国->🇯🇵_JP_日本: reality-opts short-id '' missing or invalid
[2026-09-18 00:01:04] [WARNING] Filtered proxy 🇩🇪_DE_德国_1: reality-opts short-id '' missing or invalid
[2026-09-18 00:01:04] [WARNING] Filtered proxy 🇺🇸_US_美国->🇯🇵_JP_日本_1: reality-opts short-id '' missing or invalid
[2026-09-18 00:01:04] [INFO] Fetched 50 unique proxies for Auto Select.
[2026-09-18 00:01:04] [WARNING] Filtered proxy 🇩🇪_DE_德国_1: reality-opts short-id '' missing or invalid
[2026-09-18 00:01:04] [WARNING] Filtered proxy 🇩🇪 德国 | DEU: reality-opts short-id '' missing or invalid
[2026-09-18 00:01:04] [WARNING] Filtered proxy 🇩🇪 德国 | DEU 3: reality-opts short-id '' missing or invalid
[2026-09-18 00:01:04] [WARNING] Filtered proxy 🇫🇷 法国 | FRA 2: reality-opts short-id '' missing or invalid
[2026-09-18 00:01:04] [INFO] Filtered original proxies: 357 remaining
[2026-09-18 00:01:04] [INFO] Successfully wrote config to ./public/subscribe/clash.yml
[2026-09-18 10:38:31] [INFO] Downloading: https://www.ermao.net/sub/clash/ermao.net
[2026-09-18 10:38:31] [INFO] Main subscription fetched and parsed.
[2026-09-18 10:38:31] [INFO] Downloading rule-providers...
[2026-09-18 10:38:31] [INFO] Downloading: https://raw.githubusercontent.com/ACL4SSR/ACL4SSR/refs/heads/master/Clash/LocalAreaNetwork.list
[2026-09-18 10:38:32] [INFO] Downloaded rule-provider LocalAreaNetwork -> ./public/rules/LocalAreaNetwork.yaml
[2026-09-18 10:38:32] [INFO] Updated rule-provider LocalAreaNetwork URL to https://cdn.honglin.ac.cn/statically/gh/flinhong/configs/public/rules/LocalAreaNetwork.yaml
[2026-09-18 10:38:32] [INFO] Downloading: https://raw.githubusercontent.com/ACL4SSR/ACL4SSR/refs/heads/master/Clash/BanAD.list
[2026-09-18 10:38:32] [INFO] Downloaded rule-provider BanAD -> ./public/rules/BanAD.yaml
[2026-09-18 10:38:32] [INFO] Updated rule-provider BanAD URL to https://cdn.honglin.ac.cn/statically/gh/flinhong/configs/public/rules/BanAD.yaml
[2026-09-18 10:38:32] [INFO] Downloading: https://raw.githubusercontent.com/ACL4SSR/ACL4SSR/refs/heads/master/Clash/BanProgramAD.list
[2026-09-18 10:38:32] [INFO] Downloaded rule-provider BanProgramAD -> ./public/rules/BanProgramAD.yaml
[2026-09-18 10:38:32] [INFO] Updated rule-provider BanProgramAD URL to https://cdn.honglin.ac.cn/statically/gh/flinhong/configs/public/rules/BanProgramAD.yaml
[2026-09-18 10:38:32] [INFO] Downloading: https://raw.githubusercontent.com/ACL4SSR/ACL4SSR/refs/heads/master/Clash/BanEasyList.list
[2026-09-18 10:38:32] [INFO] Downloaded rule-provider BanEasyList -> ./public/rules/BanEasyList.yaml
[2026-09-18 10:38:32] [INFO] Updated rule-provider BanEasyList URL to https://cdn.honglin.ac.cn/statically/gh/flinhong/configs/public/rules/BanEasyList.yaml
[2026-09-18 10:38:32] [INFO] Downloading: https://raw.githubusercontent.com/ACL4SSR/ACL4SSR/refs/heads/master/Clash/BanEasyListChina.list
[2026-09-18 10:38:32] [INFO] Downloaded rule-provider BanEasyListChina -> ./public/rules/BanEasyListChina.yaml
[2026-09-18 10:38:32] [INFO] Updated rule-provider BanEasyListChina URL to https://cdn.honglin.ac.cn/statically/gh/flinhong/configs/public/rules/BanEasyListChina.yaml
[2026-09-18 10:38:32] [INFO] Downloading: https://raw.githubusercontent.com/ACL4SSR/ACL4SSR/refs/heads/master/Clash/BanEasyPrivacy.list
[2026-09-18 10:38:32] [INFO] Downloaded rule-provider BanEasyPrivacy -> ./public/rules/BanEasyPrivacy.yaml
[2026-09-18 10:38:32] [INFO] Updated rule-provider BanEasyPrivacy URL to https://cdn.honglin.ac.cn/statically/gh/flinhong/configs/public/rules/BanEasyPrivacy.yaml
[2026-09-18 10:38:32] [INFO] Downloading: https://raw.githubusercontent.com/ACL4SSR/ACL4SSR/refs/heads/master/Clash/GoogleCN.list
[2026-09-18 10:38:32] [INFO] Downloaded rule-provider GoogleCN -> ./public/rules/GoogleCN.yaml
[2026-09-18 10:38:32] [INFO] Updated rule-provider GoogleCN URL to https://cdn.honglin.ac.cn/statically/gh/flinhong/configs/public/rules/GoogleCN.yaml
[2026-09-18 10:38:32] [INFO] Downloading: https://raw.githubusercontent.com/ACL4SSR/ACL4SSR/refs/heads/master/Clash/Ruleset/SteamCN.list
[2026-09-18 10:38:33] [INFO] Downloaded rule-provider SteamCN -> ./public/rules/SteamCN.yaml
[2026-09-18 10:38:33] [INFO] Updated rule-provider SteamCN URL to https://cdn.honglin.ac.cn/statically/gh/flinhong/configs/public/rules/SteamCN.yaml
[2026-09-18 10:38:33] [INFO] Downloading: https://raw.githubusercontent.com/ACL4SSR/ACL4SSR/refs/heads/master/Clash/Microsoft.list
[2026-09-18 10:38:33] [INFO] Downloaded rule-provider Microsoft -> ./public/rules/Microsoft.yaml
[2026-09-18 10:38:33] [INFO] Updated rule-provider Microsoft URL to https://cdn.honglin.ac.cn/statically/gh/flinhong/configs/public/rules/Microsoft.yaml
[2026-09-18 10:38:33] [INFO] Downloading: https://raw.githubusercontent.com/ACL4SSR/ACL4SSR/refs/heads/master/Clash/Apple.list
[2026-09-18 10:38:33] [INFO] Downloaded rule-provider Apple -> ./public/rules/Apple.yaml
[2026-09-18 10:38:33] [INFO] Updated rule-provider Apple URL to https://cdn.honglin.ac.cn/statically/gh/flinhong/configs/public/rules/Apple.yaml
[2026-09-18 10:38:33] [INFO] Downloading: https://raw.githubusercontent.com/ACL4SSR/ACL4SSR/refs/heads/master/Clash/ProxyMedia.list
[2026-09-18 10:38:33] [INFO] Downloaded rule-provider ProxyMedia -> ./public/rules/ProxyMedia.yaml
[2026-09-18 10:38:33] [INFO] Updated rule-provider ProxyMedia URL to https://cdn.honglin.ac.cn/statically/gh/flinhong/configs/public/rules/ProxyMedia.yaml
[2026-09-18 10:38:33] [INFO] Downloading: https://raw.githubusercontent.com/ACL4SSR/ACL4SSR/refs/heads/master/Clash/Telegram.list
[2026-09-18 10:38:33] [INFO] Downloaded rule-provider Telegram -> ./public/rules/Telegram.yaml
[2026-09-18 10:38:33] [INFO] Updated rule-provider Telegram URL to https://cdn.honglin.ac.cn/statically/gh/flinhong/configs/public/rules/Telegram.yaml
[2026-09-18 10:38:33] [INFO] Downloading: https://raw.githubusercontent.com/ACL4SSR/ACL4SSR/refs/heads/master/Clash/ProxyLite.list
[2026-09-18 10:38:33] [INFO] Downloaded rule-provider ProxyLite -> ./public/rules/ProxyLite.yaml
[2026-09-18 10:38:33] [INFO] Updated rule-provider ProxyLite URL to https://cdn.honglin.ac.cn/statically/gh/flinhong/configs/public/rules/ProxyLite.yaml
[2026-09-18 10:38:33] [INFO] Downloading: https://raw.githubusercontent.com/ACL4SSR/ACL4SSR/refs/heads/master/Clash/ChinaDomain.list
[2026-09-18 10:38:33] [INFO] Downloaded rule-provider ChinaDomain -> ./public/rules/ChinaDomain.yaml
[2026-09-18 10:38:33] [INFO] Updated rule-provider ChinaDomain URL to https://cdn.honglin.ac.cn/statically/gh/flinhong/configs/public/rules/ChinaDomain.yaml
[2026-09-18 10:38:33] [INFO] Downloading: https://raw.githubusercontent.com/ACL4SSR/ACL4SSR/refs/heads/master/Clash/ChinaCompanyIp.list
[2026-09-18 10:38:34] [INFO] Downloaded rule-provider ChinaCompanyIp -> ./public/rules/ChinaCompanyIp.yaml
[2026-09-18 10:38:34] [INFO] Updated rule-provider ChinaCompanyIp URL to https://cdn.honglin.ac.cn/statically/gh/flinhong/configs/public/rules/ChinaCompanyIp.yaml
[2026-09-18 10:38:34] [INFO] Fetching extra proxies...
[2026-09-18 10:38:34] [INFO] All date-based sources have today's file available, using today
[2026-09-18 10:38:34] [INFO] Downloading: https://raw.githubusercontent.com/zhangkaiitugithub/passcro/main/speednodes.yaml
[2026-09-18 10:38:34] [INFO] Fetched 11 unique proxies for Load Balancer.
[2026-09-18 10:38:34] [INFO] Downloading: https://node.nodefree.me/2026/09/20260918.yaml
[2026-09-18 10:38:34] [INFO] Downloading: https://static.v2rayshare.net/2026/09/20260918.yaml
[2026-09-18 10:38:34] [INFO] Downloading: https://raw.githubusercontent.com/free18/v2ray/main/c.yaml
[2026-09-18 10:38:35] [WARNING] Filtered proxy 🇮🇷_伊朗_5: reality-opts short-id '' missing or invalid
[2026-09-18 10:38:35] [WARNING] Filtered proxy 🇮🇷_伊朗_6: reality-opts short-id '' missing or invalid
[2026-09-18 10:38:35] [WARNING] Filtered proxy 🇮🇷_伊朗_7: reality-opts short-id '' missing or invalid
[2026-09-18 10:38:35] [WARNING] Filtered proxy 🇮🇷_伊朗_8: reality-opts short-id '' missing or invalid
[2026-09-18 10:38:35] [WARNING] Filtered proxy 🇮🇷_伊朗_9: reality-opts short-id '' missing or invalid
[2026-09-18 10:38:35] [WARNING] Filtered proxy 🇩🇪_DE_德国: reality-opts short-id '' missing or invalid
[2026-09-18 10:38:35] [WARNING] Filtered proxy 🇹🇼_TW_中国台湾->🇫🇮_FI_芬兰: reality-opts short-id '' missing or invalid
[2026-09-18 10:38:35] [WARNING] Filtered proxy 🇺🇸_US_美国->🇯🇵_JP_日本: reality-opts short-id '' missing or invalid
[2026-09-18 10:38:35] [WARNING] Filtered proxy 🇩🇪_DE_德国_1: reality-opts short-id '' missing or invalid
[2026-09-18 10:38:35] [WARNING] Filtered proxy 🇺🇸_US_美国->🇯🇵_JP_日本_1: reality-opts short-id '' missing or invalid
[2026-09-18 10:38:35] [WARNING] Filtered proxy 🇩🇪_DE_德国: reality-opts short-id '' missing or invalid
[2026-09-18 10:38:35] [WARNING] Filtered proxy 🇹🇼_TW_中国台湾->🇫🇮_FI_芬兰: reality-opts short-id '' missing or invalid
[2026-09-18 10:38:35] [WARNING] Filtered proxy 🇺🇸_US_美国->🇯🇵_JP_日本: reality-opts short-id '' missing or invalid
[2026-09-18 10:38:35] [WARNING] Filtered proxy 🇩🇪_DE_德国_1: reality-opts short-id '' missing or invalid
[2026-09-18 10:38:35] [WARNING] Filtered proxy 🇺🇸_US_美国->🇯🇵_JP_日本_1: reality-opts short-id '' missing or invalid
[2026-09-18 10:38:35] [INFO] Fetched 50 unique proxies for Auto Select.
[2026-09-18 10:38:35] [WARNING] Filtered proxy 🇩🇪_DE_德国: reality-opts short-id '' missing or invalid
[2026-09-18 10:38:35] [WARNING] Filtered proxy 🇷🇺_RU_俄罗斯->🇫🇷_FR_法国: reality-opts short-id '' missing or invalid
[2026-09-18 10:38:35] [WARNING] Filtered proxy 🇫🇮FI_1|4.1MB/s: reality-opts short-id '' missing or invalid
[2026-09-18 10:38:35] [WARNING] Filtered proxy 🇺🇸US_1|3.7MB/s: reality-opts short-id '' missing or invalid
[2026-09-18 10:38:35] [WARNING] Filtered proxy 🇳🇱NL_11|3.2MB/s: reality-opts short-id '' missing or invalid
[2026-09-18 10:38:35] [WARNING] Filtered proxy 🇪🇸ES_4|1.0MB/s: reality-opts short-id '' missing or invalid
[2026-09-18 10:38:35] [WARNING] Filtered proxy 🇹🇷TR_1|1.1MB/s: reality-opts short-id '' missing or invalid
[2026-09-18 10:38:35] [WARNING] Filtered proxy 🇷🇺RU_1|1.5MB/s: reality-opts short-id '' missing or invalid
[2026-09-18 10:38:35] [WARNING] Filtered proxy 🇺🇸US_25|3.2MB/s: reality-opts short-id '' missing or invalid
[2026-09-18 10:38:35] [WARNING] Filtered proxy 🇪🇪EE_1|2.2MB/s: reality-opts short-id '' missing or invalid
[2026-09-18 10:38:35] [WARNING] Filtered proxy 🇬🇧 英国 | GBR: reality-opts short-id '' missing or invalid
[2026-09-18 10:38:35] [WARNING] Filtered proxy 🇵🇱 波兰 | POL 2: reality-opts short-id '' missing or invalid
[2026-09-18 10:38:35] [WARNING] Filtered proxy 🇵🇱 波兰 | POL 3: reality-opts short-id '' missing or invalid
[2026-09-18 10:38:35] [WARNING] Filtered proxy 🇹🇷 土耳其 | TUR: reality-opts short-id '' missing or invalid
[2026-09-18 10:38:35] [INFO] Filtered original proxies: 388 remaining
[2026-09-18 10:38:35] [INFO] Successfully wrote config to ./public/subscribe/clash.yml
[2026-09-18 23:36:12] [INFO] Downloading: https://www.ermao.net/sub/clash/ermao.net
[2026-09-18 23:36:12] [INFO] Main subscription fetched and parsed.
[2026-09-18 23:36:12] [INFO] Downloading rule-providers...
[2026-09-18 23:36:12] [INFO] Downloading: https://raw.githubusercontent.com/ACL4SSR/ACL4SSR/refs/heads/master/Clash/LocalAreaNetwork.list
[2026-09-18 23:36:13] [INFO] Downloaded rule-provider LocalAreaNetwork -> ./public/rules/LocalAreaNetwork.yaml
[2026-09-18 23:36:13] [INFO] Updated rule-provider LocalAreaNetwork URL to https://cdn.honglin.ac.cn/statically/gh/flinhong/configs/public/rules/LocalAreaNetwork.yaml
[2026-09-18 23:36:13] [INFO] Downloading: https://raw.githubusercontent.com/ACL4SSR/ACL4SSR/refs/heads/master/Clash/BanAD.list
[2026-09-18 23:36:13] [INFO] Downloaded rule-provider BanAD -> ./public/rules/BanAD.yaml
[2026-09-18 23:36:13] [INFO] Updated rule-provider BanAD URL to https://cdn.honglin.ac.cn/statically/gh/flinhong/configs/public/rules/BanAD.yaml
[2026-09-18 23:36:13] [INFO] Downloading: https://raw.githubusercontent.com/ACL4SSR/ACL4SSR/refs/heads/master/Clash/BanProgramAD.list
[2026-09-18 23:36:13] [INFO] Downloaded rule-provider BanProgramAD -> ./public/rules/BanProgramAD.yaml
[2026-09-18 23:36:13] [INFO] Updated rule-provider BanProgramAD URL to https://cdn.honglin.ac.cn/statically/gh/flinhong/configs/public/rules/BanProgramAD.yaml
[2026-09-18 23:36:13] [INFO] Downloading: https://raw.githubusercontent.com/ACL4SSR/ACL4SSR/refs/heads/master/Clash/BanEasyList.list
[2026-09-18 23:36:13] [INFO] Downloaded rule-provider BanEasyList -> ./public/rules/BanEasyList.yaml
[2026-09-18 23:36:13] [INFO] Updated rule-provider BanEasyList URL to https://cdn.honglin.ac.cn/statically/gh/flinhong/configs/public/rules/BanEasyList.yaml
[2026-09-18 23:36:13] [INFO] Downloading: https://raw.githubusercontent.com/ACL4SSR/ACL4SSR/refs/heads/master/Clash/BanEasyListChina.list
[2026-09-18 23:36:13] [INFO] Downloaded rule-provider BanEasyListChina -> ./public/rules/BanEasyListChina.yaml
[2026-09-18 23:36:13] [INFO] Updated rule-provider BanEasyListChina URL to https://cdn.honglin.ac.cn/statically/gh/flinhong/configs/public/rules/BanEasyListChina.yaml
[2026-09-18 23:36:13] [INFO] Downloading: https://raw.githubusercontent.com/ACL4SSR/ACL4SSR/refs/heads/master/Clash/BanEasyPrivacy.list
[2026-09-18 23:36:14] [INFO] Downloaded rule-provider BanEasyPrivacy -> ./public/rules/BanEasyPrivacy.yaml
[2026-09-18 23:36:14] [INFO] Updated rule-provider BanEasyPrivacy URL to https://cdn.honglin.ac.cn/statically/gh/flinhong/configs/public/rules/BanEasyPrivacy.yaml
[2026-09-18 23:36:14] [INFO] Downloading: https://raw.githubusercontent.com/ACL4SSR/ACL4SSR/refs/heads/master/Clash/GoogleCN.list
[2026-09-18 23:36:14] [INFO] Downloaded rule-provider GoogleCN -> ./public/rules/GoogleCN.yaml
[2026-09-18 23:36:14] [INFO] Updated rule-provider GoogleCN URL to https://cdn.honglin.ac.cn/statically/gh/flinhong/configs/public/rules/GoogleCN.yaml
[2026-09-18 23:36:14] [INFO] Downloading: https://raw.githubusercontent.com/ACL4SSR/ACL4SSR/refs/heads/master/Clash/Ruleset/SteamCN.list
[2026-09-18 23:36:14] [INFO] Downloaded rule-provider SteamCN -> ./public/rules/SteamCN.yaml
[2026-09-18 23:36:14] [INFO] Updated rule-provider SteamCN URL to https://cdn.honglin.ac.cn/statically/gh/flinhong/configs/public/rules/SteamCN.yaml
[2026-09-18 23:36:14] [INFO] Downloading: https://raw.githubusercontent.com/ACL4SSR/ACL4SSR/refs/heads/master/Clash/Microsoft.list
[2026-09-18 23:36:14] [INFO] Downloaded rule-provider Microsoft -> ./public/rules/Microsoft.yaml
[2026-09-18 23:36:14] [INFO] Updated rule-provider Microsoft URL to https://cdn.honglin.ac.cn/statically/gh/flinhong/configs/public/rules/Microsoft.yaml
[2026-09-18 23:36:14] [INFO] Downloading: https://raw.githubusercontent.com/ACL4SSR/ACL4SSR/refs/heads/master/Clash/Apple.list
[2026-09-18 23:36:14] [INFO] Downloaded rule-provider Apple -> ./public/rules/Apple.yaml
[2026-09-18 23:36:14] [INFO] Updated rule-provider Apple URL to https://cdn.honglin.ac.cn/statically/gh/flinhong/configs/public/rules/Apple.yaml
[2026-09-18 23:36:14] [INFO] Downloading: https://raw.githubusercontent.com/ACL4SSR/ACL4SSR/refs/heads/master/Clash/ProxyMedia.list
[2026-09-18 23:36:14] [INFO] Downloaded rule-provider ProxyMedia -> ./public/rules/ProxyMedia.yaml
[2026-09-18 23:36:14] [INFO] Updated rule-provider ProxyMedia URL to https://cdn.honglin.ac.cn/statically/gh/flinhong/configs/public/rules/ProxyMedia.yaml
[2026-09-18 23:36:14] [INFO] Downloading: https://raw.githubusercontent.com/ACL4SSR/ACL4SSR/refs/heads/master/Clash/Telegram.list
[2026-09-18 23:36:15] [INFO] Downloaded rule-provider Telegram -> ./public/rules/Telegram.yaml
[2026-09-18 23:36:15] [INFO] Updated rule-provider Telegram URL to https://cdn.honglin.ac.cn/statically/gh/flinhong/configs/public/rules/Telegram.yaml
[2026-09-18 23:36:15] [INFO] Downloading: https://raw.githubusercontent.com/ACL4SSR/ACL4SSR/refs/heads/master/Clash/ProxyLite.list
[2026-09-18 23:36:15] [INFO] Downloaded rule-provider ProxyLite -> ./public/rules/ProxyLite.yaml
[2026-09-18 23:36:15] [INFO] Updated rule-provider ProxyLite URL to https://cdn.honglin.ac.cn/statically/gh/flinhong/configs/public/rules/ProxyLite.yaml
[2026-09-18 23:36:15] [INFO] Downloading: https://raw.githubusercontent.com/ACL4SSR/ACL4SSR/refs/heads/master/Clash/ChinaDomain.list
[2026-09-18 23:36:15] [INFO] Downloaded rule-provider ChinaDomain -> ./public/rules/ChinaDomain.yaml
[2026-09-18 23:36:15] [INFO] Updated rule-provider ChinaDomain URL to https://cdn.honglin.ac.cn/statically/gh/flinhong/configs/public/rules/ChinaDomain.yaml
[2026-09-18 23:36:15] [INFO] Downloading: https://raw.githubusercontent.com/ACL4SSR/ACL4SSR/refs/heads/master/Clash/ChinaCompanyIp.list
[2026-09-18 23:36:15] [INFO] Downloaded rule-provider ChinaCompanyIp -> ./public/rules/ChinaCompanyIp.yaml
[2026-09-18 23:36:15] [INFO] Updated rule-provider ChinaCompanyIp URL to https://cdn.honglin.ac.cn/statically/gh/flinhong/configs/public/rules/ChinaCompanyIp.yaml
[2026-09-18 23:36:15] [INFO] Fetching extra proxies...
[2026-09-18 23:36:16] [INFO] All date-based sources have today's file available, using today
[2026-09-18 23:36:16] [INFO] Downloading: https://raw.githubusercontent.com/zhangkaiitugithub/passcro/main/speednodes.yaml
[2026-09-18 23:36:16] [INFO] Fetched 11 unique proxies for Load Balancer.
[2026-09-18 23:36:16] [INFO] Downloading: https://node.nodefree.me/2026/09/20260918.yaml
[2026-09-18 23:36:16] [INFO] Downloading: https://static.v2rayshare.net/2026/09/20260918.yaml
[2026-09-18 23:36:16] [INFO] Downloading: https://raw.githubusercontent.com/free18/v2ray/main/c.yaml
[2026-09-18 23:36:17] [WARNING] Filtered proxy 🇷🇺_俄罗斯_9: reality-opts short-id '' missing or invalid
[2026-09-18 23:36:17] [WARNING] Filtered proxy 🇩🇪_德国_18: reality-opts short-id '' missing or invalid
[2026-09-18 23:36:17] [WARNING] Filtered proxy 🇩🇪_DE_德国: reality-opts short-id '' missing or invalid
[2026-09-18 23:36:17] [WARNING] Filtered proxy 🇹🇼_TW_中国台湾->🇫🇮_FI_芬兰: reality-opts short-id '' missing or invalid
[2026-09-18 23:36:17] [WARNING] Filtered proxy 🇺🇸_US_美国->🇯🇵_JP_日本: reality-opts short-id '' missing or invalid
[2026-09-18 23:36:17] [WARNING] Filtered proxy 🇩🇪_DE_德国_1: reality-opts short-id '' missing or invalid
[2026-09-18 23:36:17] [WARNING] Filtered proxy 🇺🇸_US_美国->🇯🇵_JP_日本_1: reality-opts short-id '' missing or invalid
[2026-09-18 23:36:17] [WARNING] Filtered proxy 🇩🇪_DE_德国: reality-opts short-id '' missing or invalid
[2026-09-18 23:36:17] [WARNING] Filtered proxy 🇹🇼_TW_中国台湾->🇫🇮_FI_芬兰: reality-opts short-id '' missing or invalid
[2026-09-18 23:36:17] [WARNING] Filtered proxy 🇺🇸_US_美国->🇯🇵_JP_日本: reality-opts short-id '' missing or invalid
[2026-09-18 23:36:17] [WARNING] Filtered proxy 🇩🇪_DE_德国_1: reality-opts short-id '' missing or invalid
[2026-09-18 23:36:17] [WARNING] Filtered proxy 🇺🇸_US_美国->🇯🇵_JP_日本_1: reality-opts short-id '' missing or invalid
[2026-09-18 23:36:17] [INFO] Fetched 62 unique proxies for Auto Select.
[2026-09-18 23:36:17] [WARNING] Filtered proxy 🇷🇺_RU_俄罗斯->🇫🇷_FR_法国: reality-opts short-id '' missing or invalid
[2026-09-18 23:36:17] [WARNING] Filtered proxy 🇩🇪_DE_德国_1: reality-opts short-id '' missing or invalid
[2026-09-18 23:36:17] [WARNING] Filtered proxy 🇫🇮FI_1|3.3MB/s: reality-opts short-id '' missing or invalid
[2026-09-18 23:36:17] [WARNING] Filtered proxy 🇳🇱NL_2|1.5MB/s: reality-opts short-id '' missing or invalid
[2026-09-18 23:36:17] [WARNING] Filtered proxy 🇳🇱 荷兰 | NLD: reality-opts short-id '' missing or invalid
[2026-09-18 23:36:17] [INFO] Filtered original proxies: 334 remaining
[2026-09-18 23:36:17] [INFO] Successfully wrote config to ./public/subscribe/clash.yml
[2026-09-19 10:37:50] [INFO] Downloading: https://www.ermao.net/sub/clash/ermao.net
[2026-09-19 10:37:50] [INFO] Main subscription fetched and parsed.
[2026-09-19 10:37:50] [INFO] Downloading rule-providers...
[2026-09-19 10:37:50] [INFO] Downloading: https://raw.githubusercontent.com/ACL4SSR/ACL4SSR/refs/heads/master/Clash/LocalAreaNetwork.list
[2026-09-19 10:37:51] [INFO] Downloaded rule-provider LocalAreaNetwork -> ./public/rules/LocalAreaNetwork.yaml
[2026-09-19 10:37:51] [INFO] Updated rule-provider LocalAreaNetwork URL to https://cdn.honglin.ac.cn/statically/gh/flinhong/configs/public/rules/LocalAreaNetwork.yaml
[2026-09-19 10:37:51] [INFO] Downloading: https://raw.githubusercontent.com/ACL4SSR/ACL4SSR/refs/heads/master/Clash/BanAD.list
[2026-09-19 10:37:51] [INFO] Downloaded rule-provider BanAD -> ./public/rules/BanAD.yaml
[2026-09-19 10:37:51] [INFO] Updated rule-provider BanAD URL to https://cdn.honglin.ac.cn/statically/gh/flinhong/configs/public/rules/BanAD.yaml
[2026-09-19 10:37:51] [INFO] Downloading: https://raw.githubusercontent.com/ACL4SSR/ACL4SSR/refs/heads/master/Clash/BanProgramAD.list
[2026-09-19 10:37:51] [INFO] Downloaded rule-provider BanProgramAD -> ./public/rules/BanProgramAD.yaml
[2026-09-19 10:37:51] [INFO] Updated rule-provider BanProgramAD URL to https://cdn.honglin.ac.cn/statically/gh/flinhong/configs/public/rules/BanProgramAD.yaml
[2026-09-19 10:37:51] [INFO] Downloading: https://raw.githubusercontent.com/ACL4SSR/ACL4SSR/refs/heads/master/Clash/BanEasyList.list
[2026-09-19 10:37:51] [INFO] Downloaded rule-provider BanEasyList -> ./public/rules/BanEasyList.yaml
[2026-09-19 10:37:51] [INFO] Updated rule-provider BanEasyList URL to https://cdn.honglin.ac.cn/statically/gh/flinhong/configs/public/rules/BanEasyList.yaml
[2026-09-19 10:37:51] [INFO] Downloading: https://raw.githubusercontent.com/ACL4SSR/ACL4SSR/refs/heads/master/Clash/BanEasyListChina.list
[2026-09-19 10:37:51] [INFO] Downloaded rule-provider BanEasyListChina -> ./public/rules/BanEasyListChina.yaml
[2026-09-19 10:37:51] [INFO] Updated rule-provider BanEasyListChina URL to https://cdn.honglin.ac.cn/statically/gh/flinhong/configs/public/rules/BanEasyListChina.yaml
[2026-09-19 10:37:51] [INFO] Downloading: https://raw.githubusercontent.com/ACL4SSR/ACL4SSR/refs/heads/master/Clash/BanEasyPrivacy.list
[2026-09-19 10:37:52] [INFO] Downloaded rule-provider BanEasyPrivacy -> ./public/rules/BanEasyPrivacy.yaml
[2026-09-19 10:37:52] [INFO] Updated rule-provider BanEasyPrivacy URL to https://cdn.honglin.ac.cn/statically/gh/flinhong/configs/public/rules/BanEasyPrivacy.yaml
[2026-09-19 10:37:52] [INFO] Downloading: https://raw.githubusercontent.com/ACL4SSR/ACL4SSR/refs/heads/master/Clash/GoogleCN.list
[2026-09-19 10:37:52] [INFO] Downloaded rule-provider GoogleCN -> ./public/rules/GoogleCN.yaml
[2026-09-19 10:37:52] [INFO] Updated rule-provider GoogleCN URL to https://cdn.honglin.ac.cn/statically/gh/flinhong/configs/public/rules/GoogleCN.yaml
[2026-09-19 10:37:52] [INFO] Downloading: https://raw.githubusercontent.com/ACL4SSR/ACL4SSR/refs/heads/master/Clash/Ruleset/SteamCN.list
[2026-09-19 10:37:52] [INFO] Downloaded rule-provider SteamCN -> ./public/rules/SteamCN.yaml
[2026-09-19 10:37:52] [INFO] Updated rule-provider SteamCN URL to https://cdn.honglin.ac.cn/statically/gh/flinhong/configs/public/rules/SteamCN.yaml
[2026-09-19 10:37:52] [INFO] Downloading: https://raw.githubusercontent.com/ACL4SSR/ACL4SSR/refs/heads/master/Clash/Microsoft.list
[2026-09-19 10:37:52] [INFO] Downloaded rule-provider Microsoft -> ./public/rules/Microsoft.yaml
[2026-09-19 10:37:52] [INFO] Updated rule-provider Microsoft URL to https://cdn.honglin.ac.cn/statically/gh/flinhong/configs/public/rules/Microsoft.yaml
[2026-09-19 10:37:52] [INFO] Downloading: https://raw.githubusercontent.com/ACL4SSR/ACL4SSR/refs/heads/master/Clash/Apple.list
[2026-09-19 10:37:52] [INFO] Downloaded rule-provider Apple -> ./public/rules/Apple.yaml
[2026-09-19 10:37:52] [INFO] Updated rule-provider Apple URL to https://cdn.honglin.ac.cn/statically/gh/flinhong/configs/public/rules/Apple.yaml
[2026-09-19 10:37:52] [INFO] Downloading: https://raw.githubusercontent.com/ACL4SSR/ACL4SSR/refs/heads/master/Clash/ProxyMedia.list
[2026-09-19 10:37:52] [INFO] Downloaded rule-provider ProxyMedia -> ./public/rules/ProxyMedia.yaml
[2026-09-19 10:37:52] [INFO] Updated rule-provider ProxyMedia URL to https://cdn.honglin.ac.cn/statically/gh/flinhong/configs/public/rules/ProxyMedia.yaml
[2026-09-19 10:37:52] [INFO] Downloading: https://raw.githubusercontent.com/ACL4SSR/ACL4SSR/refs/heads/master/Clash/Telegram.list
[2026-09-19 10:37:52] [INFO] Downloaded rule-provider Telegram -> ./public/rules/Telegram.yaml
[2026-09-19 10:37:52] [INFO] Updated rule-provider Telegram URL to https://cdn.honglin.ac.cn/statically/gh/flinhong/configs/public/rules/Telegram.yaml
[2026-09-19 10:37:52] [INFO] Downloading: https://raw.githubusercontent.com/ACL4SSR/ACL4SSR/refs/heads/master/Clash/ProxyLite.list
[2026-09-19 10:37:53] [INFO] Downloaded rule-provider ProxyLite -> ./public/rules/ProxyLite.yaml
[2026-09-19 10:37:53] [INFO] Updated rule-provider ProxyLite URL to https://cdn.honglin.ac.cn/statically/gh/flinhong/configs/public/rules/ProxyLite.yaml
[2026-09-19 10:37:53] [INFO] Downloading: https://raw.githubusercontent.com/ACL4SSR/ACL4SSR/refs/heads/master/Clash/ChinaDomain.list
[2026-09-19 10:37:53] [INFO] Downloaded rule-provider ChinaDomain -> ./public/rules/ChinaDomain.yaml
[2026-09-19 10:37:53] [INFO] Updated rule-provider ChinaDomain URL to https://cdn.honglin.ac.cn/statically/gh/flinhong/configs/public/rules/ChinaDomain.yaml
[2026-09-19 10:37:53] [INFO] Downloading: https://raw.githubusercontent.com/ACL4SSR/ACL4SSR/refs/heads/master/Clash/ChinaCompanyIp.list
[2026-09-19 10:37:53] [INFO] Downloaded rule-provider ChinaCompanyIp -> ./public/rules/ChinaCompanyIp.yaml
[2026-09-19 10:37:53] [INFO] Updated rule-provider ChinaCompanyIp URL to https://cdn.honglin.ac.cn/statically/gh/flinhong/configs/public/rules/ChinaCompanyIp.yaml
[2026-09-19 10:37:53] [INFO] Fetching extra proxies...
[2026-09-19 10:37:53] [INFO] All date-based sources have today's file available, using today
[2026-09-19 10:37:53] [INFO] Downloading: https://raw.githubusercontent.com/zhangkaiitugithub/passcro/main/speednodes.yaml
[2026-09-19 10:37:54] [INFO] Fetched 11 unique proxies for Load Balancer.
[2026-09-19 10:37:54] [INFO] Downloading: https://node.nodefree.me/2026/09/20260919.yaml
[2026-09-19 10:37:54] [INFO] Downloading: https://static.v2rayshare.net/2026/09/20260919.yaml
[2026-09-19 10:37:54] [INFO] Downloading: https://raw.githubusercontent.com/free18/v2ray/main/c.yaml
[2026-09-19 10:37:54] [WARNING] Filtered proxy 🇷🇺_俄罗斯_9: reality-opts short-id '' missing or invalid
[2026-09-19 10:37:54] [WARNING] Filtered proxy 🇩🇪_德国_18: reality-opts short-id '' missing or invalid
[2026-09-19 10:37:54] [WARNING] Filtered proxy 🇩🇪_DE_德国: reality-opts short-id '' missing or invalid
[2026-09-19 10:37:54] [WARNING] Filtered proxy 🇹🇼_TW_中国台湾->🇫🇮_FI_芬兰: reality-opts short-id '' missing or invalid
[2026-09-19 10:37:54] [WARNING] Filtered proxy 🇺🇸_US_美国->🇯🇵_JP_日本: reality-opts short-id '' missing or invalid
[2026-09-19 10:37:54] [WARNING] Filtered proxy 🇩🇪_DE_德国_1: reality-opts short-id '' missing or invalid
[2026-09-19 10:37:54] [WARNING] Filtered proxy 🇺🇸_US_美国->🇯🇵_JP_日本_1: reality-opts short-id '' missing or invalid
[2026-09-19 10:37:54] [WARNING] Filtered proxy 🇩🇪_DE_德国: reality-opts short-id '' missing or invalid
[2026-09-19 10:37:54] [WARNING] Filtered proxy 🇹🇼_TW_中国台湾->🇫🇮_FI_芬兰: reality-opts short-id '' missing or invalid
[2026-09-19 10:37:54] [WARNING] Filtered proxy 🇺🇸_US_美国->🇯🇵_JP_日本: reality-opts short-id '' missing or invalid
[2026-09-19 10:37:54] [WARNING] Filtered proxy 🇩🇪_DE_德国_1: reality-opts short-id '' missing or invalid
[2026-09-19 10:37:54] [WARNING] Filtered proxy 🇺🇸_US_美国->🇯🇵_JP_日本_1: reality-opts short-id '' missing or invalid
[2026-09-19 10:37:54] [INFO] Fetched 62 unique proxies for Auto Select.
[2026-09-19 10:37:54] [WARNING] Filtered proxy 🇩🇪_DE_德国: reality-opts short-id '' missing or invalid
[2026-09-19 10:37:54] [WARNING] Filtered proxy 🇳🇱_NL_荷兰: reality-opts short-id '' missing or invalid
[2026-09-19 10:37:54] [WARNING] Filtered proxy 🇷🇺_RU_俄罗斯->🇫🇷_FR_法国: reality-opts short-id '' missing or invalid
[2026-09-19 10:37:54] [WARNING] Filtered proxy 🇩🇪DE_5|2.6MB/s: reality-opts short-id '' missing or invalid
[2026-09-19 10:37:54] [WARNING] Filtered proxy 🇩🇪DE_6|2.7MB/s: reality-opts short-id '' missing or invalid
[2026-09-19 10:37:54] [WARNING] Filtered proxy 🇩🇪DE_8|2.7MB/s: reality-opts short-id '' missing or invalid
[2026-09-19 10:37:54] [WARNING] Filtered proxy 🇩🇪 德国 | DEU: reality-opts short-id '' missing or invalid
[2026-09-19 10:37:54] [WARNING] Filtered proxy 🇫🇷 法国 | FRA 9: reality-opts short-id '' missing or invalid
[2026-09-19 10:37:54] [INFO] Filtered original proxies: 379 remaining
[2026-09-19 10:37:54] [INFO] Successfully wrote config to ./public/subscribe/clash.yml
